S01E00007372632F6C636D332F6170702F6C636D332D626173652E737265634A
S3150800900000100020E9920008ED920008F39200088B
S315080090100D930008139300082D9300080000000024
S31508009020FFFFFFFF00000000000000004793000854
S315080090304D93000800000000539300085993000858
S31508009040D9040108E9040108F90401080905010819
S315080090501905010829050108390501084905010806
S3150800906059050108690501087905010889050108F6
S3150800907099050108A9050108B9050108C9050108E6
S31508009080D9050108E9050108F905010809060108D5
S3150800909019060108290601083906010849060108C2
S315080090A059060108690601087906010889060108B2
S315080090B099060108A9060108B9060108C9060108A2
S315080090C0D9060108E9060108F90601080907010891
S315080090D0190701082907010839070108490701087E
S315080090E0590701086907010879070108890701086E
S315080090F099070108A9070108B9070108C90701085E
S31508009100000000000000000000000000D907010868
S31508009110E9070108F90701080908010819080108FB
S3150800912029080108390801084908010859080108E9
S31508009130690801087908010800000000000000001D
S315080091408908010899080108A90801080000000013
S315080091500000000000000000000000000000000001
S315080091600000000000000000B9080108C90801084D
S31508009170D9080108000000000000000000000000F7
S30D0800918000000000E9080108DF
S31508009188336431323335630070B52B4CA36A43F028
S315080091988053A362A36A23F08053A362636943F0EA
S315080091A880536361E36A23F4F873E362E36A43F47A
S315080091B88073E362BFF34F8F204DAB6823F04053AB
S315080091C8AB60AB6842F2107043F08053AB6000F0B6
S315080091D8A3FBAB6843F00043AB60AB68002BFCDB32
S315080091E8382000F099FBAB68154843F00103AB60DB
S315080091F807F0F0FDC1232B630026AB684FF47A709D
S3150800920843F00403AB6000F087FB2B685B07FCD5CB
S315080092182B6CB3F5946FF0D30136642EEDD1A36A9F
S3150800922843F08053A362A36A23F08053A362636959
S3150800923823F08053636170BD00100240000000509F
S31508009248804E02081C4B1A6822F450221A601A68C3
S3150800925842F480321A601A689103FCD5174A5201FB
S3150800926802F18442012111604FF480625A60144A5F
S31508009278116821F0040111606FF07F41516011688F
S3150800928841F0010111600F4A5A600022DA621A6831
S3150800929842F080721A601A689201FCD50A4A1221AD
S315080092A811605A6842F002025A605A6802F00C02C3
S315080092B8082AFAD1704700BF00100240241002405D
S315080092C810E000E0000411000020024008B506F08E
S315080092D80BFDFFF7B7FFBDE80840FFF755BF00BF0E
S315080092E81C48004708B509F0C7FC1EF0040F0CBF58
S315080092F8EFF30880EFF309807146174A104708B557
S3150800930809F0BAFC08B509F0B7FC1EF0040F0CBF43
S31508009318EFF30880EFF309807146104A104708B53D
S3150800932809F0AAFC1EF0040F0CBFEFF30880EFF350
S31508009338098071460A4A104708B509F09DFC08B520
S3150800934809F09AFC08B509F097FC08B509F094FCE9
S31508009358704700006D9300080793000827930008D4
S315080093684193000808B5FFF7B1FF1D4A1D48824218
S3150800937817D31D4A1D4900208A421DD30BF0AAF8A7
S315080093881B4D1C4B5B1B9C100026B4421DDC1A4D5A
S315080093981A4B5B1B9C100026B4421BDC06F088FCA3
S315080093A8FEE7D2E9001394680C32C91A9C42DED942
S315080093B85D5843F8045BF9E752F8083B52F8044C41
S315080093C89C42D9D943F8040BFAE755F8043B984761
S315080093D80136DAE755F8043B98470136DCE700BF5B
S315080093E80894000814940008149400081C940008AB
S315080093F81C9400081C9400081C940008289400086B
S315080094084C92020800100020181300201813002098
S31508009418403E00205545010849AD010875AD0108CB
S31508009430007970470020704700207047B0F9040093
S315080094407047002070470079704701710120704706
S3150800945010B50446406807F05DFD237B5840C0B24E
S3150800946010BD10B50446406807F062FD237A5840DF
S31508009470C0B210BD08B5037A4068594007F052FDDE
S31508009480012008BD1268F0B50468023A944200D378
S31508009490F0BDB1F900E020461346054630F9027BD7
S315080094A0BE45FADC1E46B6F900C0E6453346A6F1C7
S315080094B00206F8DB9D4206D8864220F802CC05460D
S315080094C01F803346E9D2994288BF2C46A94238BF45
S315080094D01A46DBE7F8B5214B0360214BC0F8CC35BB
S315080094E0204BC0F8F035044600F5BE600AF00FFEC2
S315080094F004F2CC500AF00BFE04F29C5007F0BCFEB6
S3150800950004F5AB6008F004F804F5A56008F000F867
S31508009510154E04F20C5504F21C47AF4205D045F827
S315080095203C6D28460AF0F3FDF7E7104BC4F83032D5
S3150800953004F50C700AF0EBFD04F5907007F04AFC90
S3150800954004F5867007F0B8FA04F5807007F0B4FAE7
S3150800955020460AF071FE2046F8BD00BFFC4C020802
S3150800956040500208285002081050020854650208A4
S3150800957010B50446FFF7AEFF20464FF4C0610AF067
S31508009580E3FF204610BD2DE9F341456915F0010FAB
S31508009590044605F1FF3600EB450721D14FEA560888
S315080095A026F001010144CDE9000701AA6846FFF744
S315080095B069FF34F9186025F001014FEA5508684635
S315080095C001AA2144CDE90047FFF75CFF34F91800EA
S315080095D0304400EBD07040F34F0002B0BDE8F08194
S315080095E0CDE90007811901AA6846FFF74BFFA05F7E
S315080095F0F3E7F0B5D0E9064787B0002305933B1B90
S315080096005D10002BB8BF0B350A2D064601D915F09B
S3150800961075FC25B16A000021684615F0A5FC05957C
S315080096206B461636BC4204D16846FFF7ACFF07B056
S31508009630F0BD34F9022B23F8022BB442F2D3163CC0
S31508009640FBE7F8B50446D0E907300A2928BF0A21FE
S315080096500129A0EB030038BF012143100028B8BF39
S315080096600B33CD1A2E4604F11A07002E0EDB002DF9
S31508009670A3EB0103C8BF00232B4404F11A0673B9F0
S315080096801DB1201DFFF7B5FF2085F8BDE069023042
S31508009690B84202D2E0610136E7E71638F8E7206AF1
S315080096A0811CB14203D20280013B2162E7E71639E9
S315080096B0F7E700002DE9F84F04460AF08BFD684BE2
S315080096C0236007F039FF674BA3616749207704F1E8
S315080096D0200006F0FFFB1622002104F1D80015F041
S315080096E043FC0025614BC4F8F830C4E93C0042F657
S315080096F0E0620A2104F1D400C4F8FC50FFF7A1FF88
S315080097005B4ADFF870A1DFF870B104F1200104F5B7
S31508009710807007F0C3F9594A04F1200104F58670F0
S3150800972007F0BCF904F1200104F58C7006F054FD2D
S3150800973004F59277524904F5907007F039FB514ABF
S3150800974004F59071384607F08BFA4F4A394604F506
S315080097500C7007F02DFE04F21C4704F51E7000F08D
S31508009760D1FC4A49384600F0C5FE494904F58B60E4
S3150800977000F0C0FE474904F2944000F0BBFE46499B
S3150800978004F59A6000F0B6FE444BC4F80C35444B19
S315080097904448C4F81435012384F81835C4F810056C
S315080097A007F01CFB4048C4F82005C4F81CA584F83B
S315080097B0245507F013FB294604F21C50FFF75AFEFE
S315080097C03A4904F5A56007F04BFE394904F5AB6044
S315080097D007F046FE3748C4F88C05C4F888A584F80F
S315080097E0905507F0FBFA294604F5B160FFF742FEEB
S315080097F0314904F2945007F0BBFB304904F29C50FF
S3150800980007F0AAFC04F2CC5000F078FF242D1BD1F7
S315080098102B4B2C4A1A6004F2CC5120460AF0B4FCB1
S3150800982004F50C7120460AF0AFFC04F20C55AF4261
S3150800983010D104F1200006F00FFB04F5907007F034
S31508009840B1FA2046BDE8F88F0BEB050007F0C6FA1B
S315080098500C35DBE7394620460AF096FC3C37E6E746
S31508009860FC4C0208EC4C0208604D0208DC4C02086D
S31508009870484D0208CC4C02080C4D0208304D02082F
S3150800988000000040444E0208384E0208D04D020837
S31508009890DC4D0208E84D0208F44D0208BC4C0208EB
S315080098A0AC4C0208684E0208744E0208B44D020811
S315080098B08C4D02085C4E0208244E0208684D0208C8
S315080098C020000140C100030010B504460AF03EFC22
S315080098D0D4F8F430B4F9002404F1D800023B9842D5
S315080098E019D8C4F8F430D4F8F030023B984214D8AA
S315080098F01A80C4F8F030FFF77CFEB0F5165FA4F8BE
S31508009900FC0002DA072007F005FE04F12000BDE896
S31508009910104006F065BA1633E1E71633E6E70000AD
S3150800992038B50E4B0E4C9842A5680DD800EBC00012
S315080099304FF47A73B0FBF3F00230A368EB1A23F006
S315080099407F439842F9D838BD09214FF47A7200232B
S31508009950A0FB010115F030F9EEE700BF1BC7711C2B
S3150800996010E000E038B51C4652B91B681D690B6843
S3150800997008461B68984701462046A847012038BD77
S315080099800020FCE713B50C466AB91A680DF1060102
S315080099901846126990472368BDF806105B6820468A
S315080099A0984702B010BD0020FBE738B51C4652B9EF
S315080099B01B681D680B6808461B68984701462046C1
S315080099C0A847012038BD0020FCE713B50C466AB944
S315080099D01A680DF1070118461268904723689DF822
S315080099E007105B682046984702B010BD0020FBE7C9
S315080099F038B51C4652B91B689D690B6808461B6832
S31508009A00984701462046A847012038BD0020FCE7B4
S31508009A1013B50C465AB91A6801A9184692699047AF
S31508009A20236801995B682046984702B010BD00205C
S31508009A30FBE738B51C4652B91B68DD680B68084653
S31508009A401B68984701462046A847012038BD0020D4
S31508009A50FCE713B50C466AB91A680DF106011846F3
S31508009A60D26890472368BDF906105B682046984778
S31508009A7002B010BD0020FBE713B50C4672B91A6890
S31508009A800DF1070192681846904723689DF807105C
S31508009A905B68204602B0BDE810401847002002B0B7
S31508009AA010BD10B51C4652B90B6808461B68984786
S31508009AB0236801469B6820469847012010BD002070
S31508009AC0FCE770B50D461646044610200AF030FD30
S31508009AD033462A462146BDE870400AF0ABBE70B54B
S31508009AE00D461646044610200AF022FD33462A463D
S31508009AF02146BDE870400AF09DBE000038B50C4608
S31508009B0001F51E7105460DF04DFC04F58071424ABB
S31508009B104248FFF7E4FF04F58C713F4A4048FFF7D7
S31508009B20DEFF04F57F713C4A3E48FFF7D8FF04F193
S31508009B30F801394A3C48FFF7D2FF04F58671364AE0
S31508009B403A48FFF7CCFF10200AF0F2FC04F514722D
S31508009B50374B38490AF06EFE10200AF0E9FC364BFE
S31508009B60364904F118020AF065FE04F22C41344A1B
S31508009B703448FFF7A6FF04F58D61314A3248FFF7EE
S31508009B80A0FF04F2A4412E4A3048FFF79AFF04F5D5
S31508009B909C612B4A2E48FFF794FF04F58A61284AF0
S31508009BA02C48FFF78EFF04F28C41254A2A48FFF716
S31508009BB088FF04F59961224A2848FFF782FF04F2D4
S31508009BC004511F4A2648FFF77CFF10200AF0B0FC14
S31508009BD004F5A562234B24490AF02CFE10200AF04E
S31508009BE0A7FC204B214904F5AB620AF023FE04F5D5
S31508009BF0B161134A1E48FFF764FF04F20C51104A7C
S31508009C001C48FFF75EFF0E4A1B4804F21C51FFF77B
S31508009C1058FF284638BD00BF004F0208484F0208C3
S31508009C20444F0208404F02083C4F0208384F0208CA
S31508009C30FC4E02084C4F0208F84E0208504F020824
S31508009C40F44E0208344F02082C4F0208244F02082B
S31508009C501C4F0208304F0208284F0208204F0208FE
S31508009C60184F0208F04E0208144F0208044F020863
S31508009C70104F02080C4F0208084F020810B5044698
S31508009C800DF080FC204610BD38B5D0F8803004466B
S31508009C901B6880300D46984768B9084BA5F6BB2265
S31508009CA09A4207D8B4F85431C4F858510133A4F885
S31508009CB05431012038BD0020FCE700BF65B402001E
S31508009CC000207047406870474068FFF7DDBF12689C
S31508009CD0F0B50468023A944200D3F0BDB1F900E049
S31508009CE020461346054630F9027BBE45FADC1E4679
S31508009CF0B6F900C0E6453346A6F10206F8DB9D42F2
S31508009D0006D8864220F802CC05461F803346E9D29B
S31508009D10994288BF2C46A94238BF1A46DBE74368F2
S31508009D201868704743681868B0FA80F040097047A9
S31508009D308268C368022A03F1010338BF02229342EC
S31508009D4028BF0023C3607047294B984205D1294A8A
S31508009D50936943F40063936107E0274B984207D160
S31508009D60244AD36943F00103D361BFF34F8F704789
S31508009D70224B984204D11F4AD36943F00203F3E702
S31508009D801F4B984204D11B4AD36943F00403EBE7FF
S31508009D901C4B984204D1174AD36943F01003E3E7F2
S31508009DA0194B984204D1134AD36943F02003DBE7E1
S31508009DB0164B984204D10F4A936943F40053CAE7F5
S31508009DC0134B984204D10B4A936943F48033C2E794
S31508009DD0104B984204D1074A936943F40033BAE713
S31508009DE00D4B9842C1D1034A936943F48023B2E7E5
S31508009DF0002C014000100240000000400004004012
S31508009E0000080040001000400014004000340140E3
S31508009E10004001400044014000480140EFF3108231
S31508009E20D24302F0010272B6114BD96821F0010142
S31508009E30D960198821F001011980D96A0139596256
S31508009E40198841F0010119801988C906FCD581686D
S31508009E50022938BF02210239C16000211961D96877
S31508009E6041F00101D9600AB162B6704772B670470F
S31508009E7000080040124B1A88C368DB43C2F300127D
S31508009E8003F001039A4210B5044601D1FFF750FFCB
S31508009E900C4B1A6822F001021A600B4A0F21516016
S31508009EA0E16802225A6004F59A7202EB8102DA60CE
S31508009EB0064A0121D1601A680A431A6010BD00BF1C
S31508009EC00008004008040240000402400001005057
S31508009ED008B50A4B5A68022A05D01A6822F0010208
S31508009EE01A60FFF7C7FF064A936843F004039360B6
S31508009EF0044B6FF001021A6108BD00BF0804024056
S31508009F0000010050000800404068FFF7E1BF00006C
S31508009F10B0F85431B0F856219BB292B2934270B55C
S31508009F20044651D0D0F85811A0F8563146F2A81375
S31508009F30994283BF01F543434F334CF25032012314
S31508009F4084BFB3FBF2F35B00016083604FF4FA72DF
S31508009F504D001E4EB5FBF3F3436042F20F7002FB51
S31508009F600100B04284BF42F21072B0FBF2F26261A5
S31508009F704FF4FA02B2FBF3F3FA22A36142F20F732B
S31508009F8002FB0133124942F210723431B3FBF2F389
S31508009F900022C4F898310F4BB3FBF5F3236141F85F
S31508009FA0083C5B08102A02D08B500432FAE704F109
S31508009FB024000CF0C3FB04F124000CF0D7FB204668
S31508009FC0BDE87040FFF72ABF70BD00BF3F4B4C008D
S31508009FD000080040002A75152DE9F341456915F07A
S31508009FE0010F044605F1FF3600EB450721D14FEA7C
S31508009FF0560826F001010144CDE9000701AA684682
S3150800A000FFF765FE34F9186025F001014FEA550897
S3150800A010684601AA2144CDE90047FFF758FE34F9FE
S3150800A0201800304400EBD07040F34F0002B0BDE892
S3150800A030F081CDE90007811901AA6846FFF747FEB6
S3150800A040A05FF3E7F0B5D0E9054787B0002305938D
S3150800A0503B1B5D10002BB8BF0A35092D064601D9F2
S3150800A06014F04CFF25B16A000021684614F07CFF05
S3150800A07005956B461436BC4204D16846FFF7ACFF1B
S3150800A08007B0F0BD34F9022B23F8022BB442F2D301
S3150800A090143CFBE7F8B50446D0E90630092928BF81
S3150800A0A009210129A0EB030038BF0121431000282C
S3150800A0B0B8BF0A33CD1A2E4604F11807002E0EDB58
S3150800A0C0002DA3EB0103C8BF00232B4404F1180697
S3150800A0D073B91DB1201DFFF7B5FFA084F8BDA069AF
S3150800A0E00230B84202D2A0610136E7E71438F8E731
S3150800A0F0E069811CB14203D20280013BE161E7E7D6
S3150800A1001439F7E72DE9F041634B644A86B00446F3
S3150800A11000254CF25037C0E907300760604B85616F
S3150800A120C0E90455014604F59A76009524300CF0EA
S3150800A13015FF20222946304614F016FFA4F854517C
S3150800A140C4F8587114222946A4F8565104F5B0707B
S3150800A15014F00AFF534FC4F88051C4E95D0042F673
S3150800A160E0620921C4F87C7104F5AE70FFF792FF2E
S3150800A17042F6E063C4E961752268A4F888314A4B5F
S3150800A180C4F88C31FA2142F20F7301FB023342F212
S3150800A1901071B3FBF1F3C4E96533444BC4F89C3141
S3150800A1A004F5CA73C4F8A03104F5AA739B1BAB4225
S3150800A1B0C4F890515DDC52003D4FB7FBF2F704F14D
S3150800A1C0100304F114029A425CD1DFF8E8800025F6
S3150800A1D0242D5AD1384805F0B9FD3749374A43F294
S3150800A1E081030B63536943F002035361BFF34F8F37
S3150800A1F0334A344D42F28253136001F140039360AF
S3150800A200314B3249D66004A8CDE9043406F006F984
S3150800A2102F4B1B88ADF80C302E4B03A904A8CDE9AB
S3150800A220043406F0FBF82846FFF78EFD60232B80E2
S3150800A23020236B6001232B85EF626B6147F6680369
S3150800A240AB61EB6141F2111321682B6220464FF492
S3150800A25000436B64FFF718FD2046FFF759FE2046BA
S3150800A260FFF766FD2046FFF705FE204606B0BDE867
S3150800A270F08103F59A73234431468B429BD021F82B
S3150800A280025BFAE743F8047B9DE708EB050006F056
S3150800A290A5FD0C359CE700BF6C4F0208B84F0208B5
S3150800A2A034080040DC4C02087C4F02085C4F020868
S3150800A2B0002A7515944F020800010050001002404C
S3150800A2C00804024000080040099F0008884F020859
S3150800A2D0C44F020835A400082DE9F84F534B1A68F5
S3150800A2E09207044640F19D80514A5268002A40F080
S3150800A2F09880856802225A60C368013D9D4228BF3E
S3150800A3001D464FF47A77012D07D92046FFF710FD31
S3150800A3102046BDE8F84FFFF7ADBD002D3FD0A36836
S3150800A320022B38BF0223194600231A4604F59B7CE4
S3150800A3303CF8220001328A420344F9D148F6CC514E
S3150800A3404B431B0BB3FBF2F3D4F87821A4F88831FE
S3150800A35004F5B070023A90425FD8C4F87821D4F870
S3150800A3607421023A90425AD81380C4F87421FFF730
S3150800A37069FE42F21B518842A4F88001D8BF002129
S3150800A38004F5CA70C8BF01210AF02DF8D4F8903137
S3150800A3900133C4F890312046FFF7BAFD21E004F1F5
S3150800A3A024000CF01DFAA368022B38BF022303F120
S3150800A3B0010CC0F57A784FEA5C0C2146AA462B4672
S3150800A3C0A9460122D4450FD100FB03F109FB081168
S3150800A3D004F12400B1FBFCF1B1FBF7F189B20CF0F2
S3150800A3E0FFFCA3681D448EE7B1F834B1B1F838E133
S3150800A3F0D94473445AB1ABF5807BBBF5606F0AD874
S3150800A400AEF5807EBEF5606F8CBF002201220AF190
S3150800A410010A0831D6E70022F9E714329BE714321D
S3150800A420A0E702225A60BDE8F88F00BF0004024088
S3150800A430080402404068FFF74FBF037D13B1037E4F
S3150800A44083F00103184670470079704730B5C36832
S3150800A4500D46044693E8070085B001AB83E807007C
S3150800A4606B1C01A88DF80C3006F0B8FC0120A57607
S3150800A47005B030BD037D10B504460376C06806F006
S3150800A48049FD94F82030A27E5840637EC0B25B0036
S3150800A490824208BF43F0010303F00F0363760BB94A
S3150800A4A0237510BD0F2BFCD10123F9E710B5034B1B
S3150800A4B00360044609F02BFE204610BD1050020822
S3150800A4C010B50446FFF7F2FF20463C210AF03CF897
S3150800A4D0204610BD4068FFF7B9BF4368987E7047AD
S3150800A4E04068FFF7AABF43681A7D0AB9187E704705
S3150800A4F00020704738B504460D4609F011FE0F4B8B
S3150800A500236000236361238323620D4BE3610D4AB5
S3150800A5100D4B22612A7AE560C4E909340B4B911E7A
S3150800A520C4E90B344A420A4B4A412846C4E90D3469
S3150800A530A27606F053FC204638BD00BF105002082C
S3150800A540AC4C0208D04F0208E04F0208F04F020850
S3150800A55000500208C268D3680A33136170470000C6
S3150800A56010B5034B0360044609F0D1FD204610BD23
S3150800A5702850020810B50446FFF7F2FF20461021BE
S3150800A58009F0E2FF204610BD10B5054B044640F819
S3150800A590243BFFF7E5FF204609F0B9FD204610BD2C
S3150800A5A04050020810B50446FFF7EEFF2046342156
S3150800A5B009F0CAFF204610BD014B00229A60704779
S3150800A5C0002C00402DE9FF41C3680133C360C2680F
S3150800A5D003699B1A002B044641DB434F386805F094
S3150800A5E042F8D0F8043400F204401B6898478046C5
S3150800A5F0386805F038F8836AC26A9342227E1ABF21
S3150800A600C36201260026012362BB384A237645F237
S3150800A6105553C4F814801360D36813F00203FBD1B2
S3150800A6204FF4837191604CF6CC4111603049CA6988
S3150800A63042F40062CA61BFF34F8F2E4AADF8043068
S3150800A64040F2FF215160F52111602B4B40F2D221D7
S3150800A650516002A801A9CDE9023405F0DFFE04B075
S3150800A660BDE8F081656923763868C4F8148004F07B
S3150800A670FAFF94F82020D0F87C32A8EB050582B3BF
S3150800A680E269E36141F28737012184F8201003F576
S3150800A690FA7041F288343B444FF47A7CB3FBF4F108
S3150800A6A0B0FBFCF002F5FA733A44B3FBFCF3471A25
S3150800A6B0B2FBF4F29C1ABC4228BF3C46A542CED354
S3150800A6C013440844834238BF03469D42C7D8002E28
S3150800A6D0C5D0064B4AF6AA221A60064BF5221A601E
S3150800A6E0BDE71A46CDE700BF18130020003000402A
S3150800A6F000100240002C0040B9A5000810B5044619
S3150800A70009F00EFD084B23600023C4E90433C4E9AD
S3150800A7100633E360236204F1240009F001FD034BCC
S3150800A72063622463204610BD405002082850020880
S3150800A73000797047B0F9040070470B6808469B68B3
S3150800A74018478180012070470079704700207047BC
S3150800A75043685856704780687047002070474068BD
S3150800A76003681B6818470079704740687047836814
S3150800A7701A68914205D35B68994202D84160012064
S3150800A78070470020704713B50C4672B91A680DF168
S3150800A790070192681846904723689DF807105B687A
S3150800A7A0204602B0BDE810401847002002B010BD90
S3150800A7B010B51C4652B90B6808461B6898472368AB
S3150800A7C001469B6820469847012010BD0020FCE7FB
S3150800A7D073B51E460B6808469B6815460C4698478F
S3150800A7E0A8420FD933680DF107015B6830469847D0
S3150800A7F023689DF907205B682946204602B0BDE814
S3150800A80070401847002002B070BD70B51D460B6831
S3150800A81008469B6816460C469847B0420BD92368EB
S3150800A82031461B68204698472B6801465B682846D0
S3150800A8309847012070BD0020FCE713B50C4672B995
S3150800A8401A680DF1070192681846904723689DF823
S3150800A85007105B68204602B0BDE810401847002084
S3150800A86002B010BD10B51C4652B90B6808461B68E5
S3150800A8709847236801469B6820469847012010BDE3
S3150800A8800020FCE7B1F5803F10B50AD2026894882B
S3150800A8908BB29C4205D8D2889A4202D381600120A5
S3150800A8A010BD0020FCE708B54068FFF7EBFF08BDC0
S3150800A8B070B50D4616460446102009F039FE334693
S3150800A8C02A462146BDE8704009F0B4BF90F90C301D
S3150800A8D0934207DC90F90D30934203DB436801206D
S3150800A8E05A54704700207047436898687047436811
S3150800A8F01868704710B504680CB9204610BD606822
S3150800A90003681B6898470028F8D12468F4E710B54F
S3150800A91004462430FFF7EEFF30B104F12800FFF7B4
S3150800A920E9FF80F00100C0B210BD10B50446406BC7
S3150800A930436A24301B68984760B904F11C00FFF786
S3150800A9400EFF48B904F11400FFF709FF30B994F86F
S3150800A950440010BD0220FCE70420FAE70320F8E7CC
S3150800A96008B590F83C300344503093F9601093F8DA
S3150800A9706030042B03D8FFF7FAFE012008BD00213A
S3150800A980FFF7F5FE0020F9E7002380F87C3080F811
S3150800A990B03080F8B830A0F8C030012380F8A8306D
S3150800A9A0704738B50546406B0C460CF0A1FE08B159
S3150800A9B0B5F9C840204638BDF8B504463030FFF72B
S3150800A9C099FF10B1002384F87C302046FFF7C8FFB2
S3150800A9D0054630B104F12C00FFF78CFF80F0010525
S3150800A9E0EDB2294604F1840009F0FDFC35B1D4F82E
S3150800A9F0843043BB94F87C5085F0010584F8B05048
S3150800AA002046FFF784FF94F87C5007460DB994F862
S3150800AA10B05004F10C00FFF7A2FE00BBAFB1012352
S3150800AA2084F8B83004F10C00FFF799FE78B975B9C7
S3150800AA300323B4F9C81084F8A8302046FFF7B1FFFD
S3150800AA40A4F8C000F8BD0025D8E784F8B85094F8F3
S3150800AA507C3053B1052384F8A8300021EDE70123A3
S3150800AA6084F8B830002FDDD1F1E794F8B0302BB177
S3150800AA700423B4F9D81084F8A830DEE794F8B800AF
S3150800AA8028B10223B4F9D01084F8A830D5E70123F9
S3150800AA9084F8A830D4E710B50446FFF746FF022825
S3150800AAA004BF002384F84430636B84F83C0093F8B1
S3150800AAB0FC3020461BB9BDE81040FFF77DBFBDE856
S3150800AAC01040FFF761BF00002DE9F74F04460191DA
S3150800AAD009F026FB5C4B5D4A23605D495D4B2362AA
S3150800AAE00025C4E90432C4E90632C4E91415019BF9
S3150800AAF0636304F14801A165574B5849A36321666E
S3150800AB00574B5849E260A166052204F16001C4E981
S3150800AB101B12C4E91E352364E264534BC4F8803023
S3150800AB2040F2FF42A4F874204FF4FA734F4AE563E3
S3150800AB30C4E90955C4E90B556564A56484F86450ED
S3150800AB40C4E9213304F18403C4E92323484AC4E948
S3150800AB502523484BC4F89C3004F18003C4F8A03080
S3150800AB60102009F0E5FC4449444B04F19C0209F025
S3150800AB7061FE434BC4F8A430424BC4F8AC30C4E978
S3150800AB802D35414BC4F8BC30404BC4F8C85064223C
S3150800AB90C4E93335C4E93535C4F8C430A4F8C82047
S3150800ABA0C4F8A850C4F8B050C4F8C050102009F032
S3150800ABB0BFFC04F13802364B364909F03BFE10203B
S3150800ABC009F0B6FC04F168023349344B09F032FE49
S3150800ABD0019B04F1B4061E62102009F0A9FC304B53
S3150800ABE03049324609F026FE04F1BC012E4A2F48A8
S3150800ABF0FFF75EFE04F1C4012B4A2D48FFF758FE05
S3150800AC0004F1D40704F1CC01274A2A48FFF750FE7D
S3150800AC103946254A2848FFF74BFE102009F088FCDC
S3150800AC2004F178021E4B254909F004FE102009F0AC
S3150800AC307FFC234B234904F1A40209F0FBFD2046BF
S3150800AC4003B0BDE8F08F00BFEC5002088850020838
S3150800AC506850020800100020A85002080001FF02F0
S3150800AC60AC4C0208B8500208445102085C4F02086E
S3150800AC70585002089850020864510208FC4E02080F
S3150800AC80CC500208D04F0208DC4C0208DC500208FF
S3150800AC9040510208685102086C5102083C510208EA
S3150800ACA0F44E020874510208004F02087051020857
S3150800ACB0605102085C5102085851020854510208B2
S3150800ACC0385102085051020838B50446006808B9D8
S3150800ACD0204638BD0568082109F036FC2846F6E7FF
S3150800ACE00B4B10B5044640F8303BFFF7EDFF04F177
S3150800ACF02C00FFF7E9FF04F12800FFF7E5FF04F150
S3150800AD002400FFF7E1FF204609F001FA204610BDAE
S3150800AD10EC50020810B50446FFF7E2FF2046DC2196
S3150800AD2009F012FC204610BD10B504460C3009F097
S3150800AD30D0FB606903681B68984708B12369E3601C
S3150800AD4010BD000010B5034B0360044609F0DFF997
S3150800AD50204610BD9051020810B50446FFF7F2FFD1
S3150800AD602046282109F0F0FB204610BD4368D86824
S3150800AD7000B1187F7047000038B504460D4609F043
S3150800AD80CFF90D4B23604FF416720023C4E9033242
S3150800AD90E3610A4BA36101232377094B6561C4E983
S3150800ADA00834102009F0C4FB064B074904F11802C1
S3150800ADB009F040FD204638BD90510208AC4C020807
S3150800ADC080510208F44E0208A051020810B5044644
S3150800ADD0C06803681B689847B4F91030B4F91220A4
S3150800ADE08342B8BF03461BB29342A8BF13464FF02F
S3150800ADF0640113FB01F393FBF2F3238310BD8088F0
S3150800AE00704700207047000010B5034B03600446E6
S3150800AE1009F07DF9204610BDBC51020810B504465C
S3150800AE20FFF7F2FF20461C2109F08EFB204610BDD5
S3150800AE3070B504460E46154609F072F9054B2360AF
S3150800AE4000232382A361044BE66065826361204682
S3150800AE5070BD00BFBC510208AC51020810B50446CB
S3150800AE60283009F036FB636A20469847606210BDB1
S3150800AE7038B5084B03600446006A20B9204609F035
S3150800AE8046F9204638BD0568082109F05DFB2846C5
S3150800AE90F3E700BFD451020810B50446FFF7E8FFF0
S3150800AEA02046302109F050FB204610BD10B5D0E9E8
S3150800AEB00340C36C4C301B689847D4E9013203EB56
S3150800AEC042029A42194605D0B1F90040844203F17C
S3150800AED00203F6D1501A18BF012010BD38B5C36851
S3150800AEE09C7805462CB90069C3691C301B689847CD
S3150800AEF004462846FFF7DAFF80F001002040C0B27A
S3150800AF0038BD036993F8F400C0F34000704710B5E4
S3150800AF100446FFF7F6FF28B92046FFF7DFFF10B90A
S3150800AF20246A0CB9002010BD606803681B6898473E
S3150800AF300028F8D12468F4E710B504468069E26869
S3150800AF40036851785B6898476069C36D01215B683F
S3150800AF505C309847004810BDC9AF000810B50446D4
S3150800AF60C069036801215B6898470F23C4E90A335F
S3150800AF70004810BDF5AF000810B50446806903689F
S3150800AF8000215B6898476069C36D00215B685C3087
S3150800AF909847E069036800215B6898470F23C4E96E
S3150800AFA00A33014810BD00BF19B0000810B50446A1
S3150800AFB0FFF7ADFF20B92046BDE81040FFF7DCBF1C
S3150800AFC0004810BDC9AF0008FFF7F0BF10B504462A
S3150800AFD0FFF79DFF20B92046BDE81040FFF7CCBF1C
S3150800AFE0A36A1BB92046FFF7A7FF10BD0048FCE778
S3150800AFF0F5AF0008FFF7EABF836A10B504463BB908
S3150800B000FFF785FF20B12046BDE81040FFF7A6BF31
S3150800B010004810BD19B00008FFF7EEBF70B504462A
S3150800B0200D46164609F07CF8124B2360E660284662
S3150800B03004F0ACFD2061284604F015FB33784FF484
S3150800B040887202FB030000F527706061284604F049
S3150800B0500AFB00F21C50A061284604F004FB064ACD
S3150800B060002300F5B160E061C4E909232362E362C5
S3150800B070204670BDD451020819B0000838B50446F8
S3150800B0800069C36E6C301B6898470546606903689B
S3150800B0901B689847854294BF0020012038BDA0F15F
S3150800B0A00C00FFF7EBBF0B6808469B681847436818
S3150800B0B033F81100704780687047000010B5044BDC
S3150800B0C003601C330446C36009F021F8204610BD0E
S3150800B0D0EC51020810B50446FFF7F0FF2046182188
S3150800B0E009F032FA204610BDF8B51D460B68084629
S3150800B0F09B6816460C469847B0420BD92B681F69C1
S3150800B100236831461B682046984701462846B847B3
S3150800B1100120F8BD0020FCE773B51E460B680846FB
S3150800B1209B6815460C469847A8420ED933680DF118
S3150800B13006011B69304698472368BDF806205B68F8
S3150800B14029462046984702B070BD0020FBE7838950
S3150800B150934207D8C389934204D34368012023F84E
S3150800B160112070470020704770B5846840682368CE
S3150800B1701D68836808301B6898472B460146204699
S3150800B180BDE87040184700002DE9F34716460D46FE
S3150800B1901F46044608F0C4FF1F4AD6F804901F4B02
S3150800B1A022601C32C4E90327B5F808A02F68D5F831
S3150800B1B004804FEA4905994594BF28464FF0FF3069
S3150800B1C009F0B8F9CDE900090544A84221D11020B3
S3150800B1D009F0AEF903460546114A43F8042BDDE9A2
S3150800B1E0000183E80300C5F80C80102009F0A0F9D7
S3150800B1F00C4B2A46394609F01DFB0C2009F098F934
S3150800B200094B8560C0E900366061204602B0BDE89A
S3150800B210F08720F802ABD8E7EC510208FCFFFF3FA5
S3150800B220185202084852020840520208B0F90400AF
S3150800B23070470B6808469B6818474368585C704710
S3150800B240436801205A5470478068704710B5044B0C
S3150800B25003601C330446C36008F059FF204610BD3E
S3150800B2606452020810B50446FFF7F0FF2046242171
S3150800B27009F06AF9204610BDF8B51D460B68084660
S3150800B2809B6816460C469847B0420BD92B681F6830
S3150800B290236831461B682046984701462846B84722
S3150800B2A00120F8BD0020FCE773B51E460B6808466A
S3150800B2B09B6815460C469847A8420ED933680DF187
S3150800B2C007011B683046984723689DF807205B6886
S3150800B2D029462046984702B070BD0020FBE710B506
S3150800B2E00446406903681B68984758B12069D0F836
S3150800B2F08C308C301B689847B4F91C308342D4BF15
S3150800B3000020012010BDA0F10C00FFF7E8BF70B5C2
S3150800B3108468406823681D68836808301B689847F6
S3150800B3202B4601462046BDE870401847B0F906305E
S3150800B3308B4206DCB0F908308B4202DB81800120A3
S3150800B34070470020704700002DE9F7430D461E465A
S3150800B3500446174608F0E4FE244A22601C32C4E973
S3150800B36003267E68D5F8008095F80490304609F0E3
S3150800B370E1F8CDE900060644864234D10C2009F0EE
S3150800B380D7F8034606461A4A43F8042BDDE90001B6
S3150800B39083E80300102009F0CBF832464146154BE6
S3150800B3A009F048FA0C2009F0C3F8134BB5F90C203C
S3150800B3B0B5F910108660C0E900376061B5F90E303E
S3150800B3C00E48AD68A061A183E2832384102009F0AA
S3150800B3D0AFF80B4B04F11802294609F02BFA204660
S3150800B3E003B0BDE8F08300F8019BC5E76452020884
S3150800B3F090520208C0520208B85202085452020873
S3150800B400004F020810B504460069436914301B68EA
S3150800B410984738B92069C36D5C301B689847C0F3F4
S3150800B420C03010BD0020FCE7A0F10C00FFF7EABF12
S3150800B43010B5044B03601C330446C36008F067FE6E
S3150800B440204610BDCC52020810B50446FFF7F0FF9F
S3150800B4502046142109F078F8204610BD38B5044670
S3150800B4600D4608F05DFE034B23601C33C4E9033523
S3150800B470204638BDCC52020810B504460069C36C94
S3150800B4804C301B689847D4E9053203EB42029A42CE
S3150800B490194605D0B1F90040844203F10203F6D1FA
S3150800B4A0501A18BF012010BDA0F10C00FFF7E4BF29
S3150800B4B010B5044B03601C330446C36008F027FE2E
S3150800B4C0204610BDF852020810B50446FFF7F0FFF3
S3150800B4D020461C2109F038F8204610BD37B5044629
S3150800B4E00D468DE80C0008F01BFE9DE80300054B91
S3150800B4F02360C4E905011C332046C4E9033503B0BB
S3150800B50030BD00BFF852020890F8240080F0010010
S3150800B5107047A0F10C00F7E710B5044B03601C3325
S3150800B5200446C36008F0F3FD204610BD2453020804
S3150800B53010B50446FFF7F0FF2046282109F004F865
S3150800B540204610BD70B504460069436F74301B6809
S3150800B55098470646606903681B6898470546A069C8
S3150800B56003681B689847AE4234BF00230123A27FB5
S3150800B570864288BF00239A4203D000226277A377C7
S3150800B58070BD637F217F994286BF0133637784F854
S3150800B5902420F5E72DE9F743D0F804801A4B0E6806
S3150800B5A0B1F808904F684FEA48040546984594BF95
S3150800B5B020464FF0FF3008F0BDFFCDE900080444EF
S3150800B5C0A0421ED1102008F0B3FF034604460F4AD6
S3150800B5D043F8042BDDE9000183E80300E760102047
S3150800B5E008F0A6FF0A4B2246314609F023F90C203B
S3150800B5F008F09EFF074B8460C0E9003503B0BDE83C
S3150800B600F08320F8029BDBE7FCFFFF3F1852020895
S3150800B6104852020840520208F8B504461F460D462D
S3150800B620164608F07DFD0D4A22601C32C4E9032740
S3150800B63029463046FFF7AEFF05F10C01606130463A
S3150800B640FFF7A8FF2B7E064A237763770023A061BE
S3150800B650A377226284F824302046F8BD24530208D2
S3150800B660D04F020838B504460069C36C4C301B68D5
S3150800B67098470546606903681B6898478542ACBFCA
S3150800B6800020012038BDA0F10C00FFF7EBBF0B68C6
S3150800B69008469B681847436833F911007047806865
S3150800B6A07047000010B5044B03601C330446C360A2
S3150800B6B008F02DFD204610BD5053020810B504466B
S3150800B6C0FFF7F0FF2046182108F03EFF204610BD80
S3150800B6D0F8B51D460B6808469B6816460C469847FB
S3150800B6E0B0420BD92B68DF68236831461B682046B1
S3150800B6F0984701462846B8470120F8BD0020FCE7D0
S3150800B70073B51E460B6808469B6815460C4698474F
S3150800B710A8420ED933680DF10601DB683046984712
S3150800B7202368BDF906205B6829462046984702B07B
S3150800B73070BD0020FBE770B58468406823681D6803
S3150800B740836808301B6898472B4601462046BDE8A3
S3150800B75070401847B0F90C30934208DCB0F90E3047
S3150800B760934204DB4368012023F811207047002028
S3150800B770704700002DE9F34716460D461F46044656
S3150800B78008F0CEFC1F4AD6F804901F4B22601C32E4
S3150800B790C4E90327B5F908A02F68D5F804804FEA4D
S3150800B7A04905994594BF28464FF0FF3008F0C2FE78
S3150800B7B0CDE900090544A84221D1102008F0B8FEB9
S3150800B7C003460546114A43F8042BDDE9000183E8E0
S3150800B7D00300C5F80C80102008F0AAFE0C4B2A4678
S3150800B7E0394609F027F80C2008F0A2FE094B8560B7
S3150800B7F0C0E900366061204602B0BDE8F08720F84F
S3150800B80002ABD8E750530208FCFFFF3F7C530208FF
S3150800B810AC530208A4530208807E7047807B7047A9
S3150800B82038B50446406903681B6898470546206989
S3150800B83003681B68984718B1237E23B145B9607E13
S3150800B840A076657638BD2DB1607E80F00100F7E7F9
S3150800B8500020F5E72846F3E710B5044B03601C33D0
S3150800B8600446C36008F053FC204610BDB8530208CE
S3150800B87010B50446FFF7F0FF20461C2108F064FEC9
S3150800B880204610BD2DE9F34717460E46044698464E
S3150800B89008F046FC1C4B7D6823601C332846E36091
S3150800B8A0D6F8049096F808A008F044FECDE90005FD
S3150800B8B00544854225D10C2008F03AFE0346054684
S3150800B8C0124A43F8042BDDE9000183E8030010203F
S3150800B8D008F02EFE0E4B2A46494608F0ABFF0C2010
S3150800B8E008F026FE0B4B8560C0E9003733782376CF
S3150800B8F0C4E90408002320466376A37602B0BDE8AF
S3150800B900F08700F801ABD4E7B85302089052020852
S3150800B910C0520208B852020890F8280080F00100C8
S3150800B9207047A0F10C00F7E710B5044B03601C3311
S3150800B9300446C36008F0EBFB204610BDE45302083A
S3150800B94010B50446FFF7F0FF20462C2108F0FCFD51
S3150800B950204610BDF8B50446806903681B689847F9
S3150800B9600646E06903681B6898470546A0690368A8
S3150800B9701B6898470746606903681B689847BD4275
S3150800B98028BF3D46ADB2002808BF35462069036882
S3150800B9901B68984794F82230A84234BF002001203B
S3150800B9A0984205D0002384F8213084F82200F8BD97
S3150800B9B094F8213094F820209A4286BF013384F8FF
S3150800B9C0213084F82800F2E7F8B504460D461646F5
S3150800B9D01F4608F0A5FB104A069B22601C32C4E9E4
S3150800B9E00327636129463046FFF7D4FD05F10C01AC
S3150800B9F0A0613046FFF7CEFD2B7E084A84F820303A
S3150800BA0084F821300023E06184F82230626284F8E9
S3150800BA1028302046F8BD00BFE4530208D04F02087C
S3150800BA2073B54368ADF80610A3B1046803F1804303
S3150800BA30B4F90050013BA94204EB830634F92330DC
S3150800BA40BABF294622460DF106028B42B8BF3246D6
S3150800BA50B2F900100181012002B070BD08B5406836
S3150800BA60FFF7DEFF012008BD074B10B5044603604B
S3150800BA70C06818B16169091A08F066FD204608F021
S3150800BA8046FB204610BD00BF5854020810B50446B0
S3150800BA90FFF7EAFF2046502108F056FD204610BD64
S3150800BAA0B0F91030934209DCB0F91230934205DB45
S3150800BAB0036803EB810301205A8070470020704712
S3150800BAC04368B3F9080070474368D3E90030C01AE1
S3150800BAD0801070474368D3E90030C01A8010704759
S3150800BAE043681B6803EB8103B3F902007047436898
S3150800BAF01B6833F92100704708B54068FFF7D0FF87
S3150800BB0008BDB0F90C30934210B517DCB0F90E3009
S3150800BB10934213DB046804EB810324F8212041686F
S3150800BB2004330431994201D1012010BD33F9040CC4
S3150800BB309042B8BF23F8042C0433F3E70020F4E757
S3150800BB4008B54068FFF7DDFF08BD000070B504467C
S3150800BB5026460D4608F0E4FA324B46F80C3B4020E0
S3150800BB6008F0E6FC00F14002E0606261034600214D
S3150800BB701980598004339A42FAD14FF096632261AC
S3150800BB804FF0FA62C4E90623274B284AC4E9083667
S3150800BB90274BC4E90A36031D4430118823F8041CD0
S3150800BBA0518823F8021C0433834202F10402F4D1BB
S3150800BBB0102008F0BDFC04F120021E4B1E49064663
S3150800BBC008F038FE304608F097FD102008F0B0FC63
S3150800BBD004F12802174B1949064608F02BFE304691
S3150800BBE008F08AFDD4E903135B1A9B10C4E90C1309
S3150800BBF000232387124B134804F13002C4E90F329D
S3150800BC00114B2946C4E911320CF04EFAE0641020B3
S3150800BC1008F08EFC0D4B0E4904F13C0208F00AFEB2
S3150800BC20204670BD58540208105402086854020889
S3150800BC3024540208AC530208F0540208D0540208EF
S3150800BC4038540208A854020848540208004F02084B
S3150800BC50CC540208F0B585B0CDE9020100EB8105A8
S3150800BC6041F31D030446002B06DCAC4211D134F91E
S3150800BC70023C184605B0F0BD591004EB810634F9AC
S3150800BC8021709742DEBF591A01F1FF31341D0B4668
S3150800BC90E9E7A042B4F90230EBD0B4F9005034F920
S3150800BCA0021C34F9040C00922A4608F060FC03B220
S3150800BCB0DFE708B543682BB1B0F9082003C8FFF7DA
S3150800BCC0C9FF08BD1846FCE708B54068FFF7F1FF4D
S3150800BCD008BDC36C70B503F164055B6E44305C68DF
S3150800BCE0FFF7F2FF234601462846BDE8704018478D
S3150800BCF0074B10B504460360C06818B16169091A94
S3150800BD0008F022FC204608F002FA204610BD00BFC3
S3150800BD101855020810B50446FFF7EAFF20465021D9
S3150800BD2008F012FC204610BD70B5044626460D469E
S3150800BD3008F0F6F9324B46F80C3B402008F0F8FBC1
S3150800BD4000F14002E06062610346002119805980D3
S3150800BD5004339A42FAD14FF0966322614FF0FA62A1
S3150800BD60C4E90623274B284AC4E90836274BC4E901
S3150800BD700A36031D4430118823F8041C518823F819
S3150800BD80021C0433834202F10402F4D1102008F0A5
S3150800BD90CFFB04F120021E4B1E49064608F04AFD59
S3150800BDA0304608F0A9FC102008F0C2FB04F128026E
S3150800BDB0174B1949064608F03DFD304608F09CFC2D
S3150800BDC0D4E903135B1A9B10C4E90C1300232387D9
S3150800BDD0124B134804F13002C4E90F32114B2946BD
S3150800BDE0C4E911320CF060F9E064102008F0A0FBF9
S3150800BDF00D4B0E4904F13C0208F01CFD204670BDAF
S3150800BE0018550208105402084C5502082454020812
S3150800BE10AC530208F0540208D054020838540208F9
S3150800BE202855020848540208004F0208CC54020854
S3150800BE30C36C70B503F164055B6E44305C68FFF74C
S3150800BE4043FF234601462846BDE8704018470000D0
S3150800BE50074B10B504460360C06818B16169091A32
S3150800BE6008F072FB204608F052F9204610BD00BFC4
S3150800BE709455020810B50446FFF7EAFF20465021FC
S3150800BE8008F062FB204610BD70B5044626460D46EE
S3150800BE9008F046F9324B46F80C3B402008F048FBC0
S3150800BEA000F14002E0606261034600211980598072
S3150800BEB004339A42FAD14FF0966322614FF0FA6240
S3150800BEC0C4E90623274B284AC4E90836274BC4E9A0
S3150800BED00A36031D4430118823F8041C518823F8B8
S3150800BEE0021C0433834202F10402F4D1102008F044
S3150800BEF01FFB04F120021E4B1E49064608F09AFC59
S3150800BF00304608F0F9FB102008F012FB04F128026D
S3150800BF10174B1949064608F08DFC304608F0ECFB2D
S3150800BF20D4E903135B1A9B10C4E90C130023238777
S3150800BF30124B134804F13002C4E90F32114B29465B
S3150800BF40C4E911320CF0B0F8E064102008F0F0FAF9
S3150800BF500D4B0E4904F13C0208F06CFC204670BDFE
S3150800BF609455020810540208A455020824540208DD
S3150800BF70AC530208F0540208D05402083854020898
S3150800BF80E455020848540208004F0208CC54020837
S3150800BF90C36C70B503F164055B6E44305C68FFF7EB
S3150800BFA093FE234601462846BDE870401847000020
S3150800BFB0074B10B504460360C06818B16169091AD1
S3150800BFC008F0C2FA204608F0A2F8204610BD00BFC5
S3150800BFD01056020810B50446FFF7EAFF204650211E
S3150800BFE008F0B2FA204610BD70B5044626460D463E
S3150800BFF008F096F8324B46F80C3B402008F098FAC1
S3150800C00000F14002E0606261034600211980598010
S3150800C01004339A42FAD14FF0966322614FF0FA62DE
S3150800C020C4E90623274B284AC4E90836274BC4E93E
S3150800C0300A36031D4430118823F8041C518823F856
S3150800C040021C0433834202F10402F4D1102008F0E2
S3150800C0506FFA04F120021E4B1E49064608F0EAFB59
S3150800C060304608F049FB102008F062FA04F128026D
S3150800C070174B1949064608F0DDFB304608F03CFB2D
S3150800C080D4E903135B1A9B10C4E90C130023238716
S3150800C090124B134804F13002C4E90F32114B2946FA
S3150800C0A0C4E911320CF000F8E064102008F040FAF8
S3150800C0B00D4B0E4904F13C0208F0BCFB204670BD4E
S3150800C0C01056020810540208205602082454020882
S3150800C0D0AC530208F0540208D05402083854020837
S3150800C0E06056020848540208004F0208CC54020859
S3150800C0F0C36C70B503F164055B6E44305C68FFF78A
S3150800C100E3FD234601462846BDE87040184700006F
S3150800C110074B10B504460360C06818B16169091A6F
S3150800C12008F012FA204607F0F2FF204610BD00BFBD
S3150800C1308C56020810B50446FFF7EAFF2046502140
S3150800C14008F002FA204610BD70B5044626460D468C
S3150800C15007F0E6FF324B46F80C3B402008F0E8F9BA
S3150800C16000F14002E06062610346002119805980AF
S3150800C17004339A42FAD14FF0966322614FF0FA627D
S3150800C180C4E90623274B284AC4E90836274BC4E9DD
S3150800C1900A36031D4430118823F8041C518823F8F5
S3150800C1A0021C0433834202F10402F4D1102008F081
S3150800C1B0BFF904F120021E4B1E49064608F03AFB59
S3150800C1C0304608F099FA102008F0B2F904F128026E
S3150800C1D0174B1949064608F02DFB304608F08CFA2D
S3150800C1E0D4E903135B1A9B10C4E90C1300232387B5
S3150800C1F0124B134804F13002C4E90F32114B294699
S3150800C200C4E911320BF050FFE064102008F090F9F1
S3150800C2100D4B0E4904F13C0208F00CFB204670BD9C
S3150800C2208C560208105402089C5602082454020828
S3150800C230AC530208F0540208D054020838540208D5
S3150800C240DC56020848540208004F0208CC5402087B
S3150800C250C36C70B503F164055B6E44305C68FFF728
S3150800C26033FD234601462846BDE87040184770B599
S3150800C270064603F08BFC0446A82008F059F9314617
S3150800C28005460FF02BFE294604F1C000BDE87040B4
S3150800C29007F07ABF10B5034B0360044607F037FF73
S3150800C2A0204610BD0857020810B50446FFF7F2FFEE
S3150800C2B020466C2108F048F9204610BD10B5034BFE
S3150800C2C00360044607F023FF204610BD20570208E6
S3150800C2D010B50446FFF7F2FF20463C2108F034F972
S3150800C2E0204610BD10B5034B03600446FFF7E6FF72
S3150800C2F0204610BD4857020810B50446FFF7F2FF5E
S3150800C3002046442108F020F9204610BDC268B0F93D
S3150800C310203073B5B2F948100B44B0F93C108B4283
S3150800C320CCBF01230023044680F8603003DD9088E3
S3150800C330A08202B070BD806903681B689847E368ED
S3150800C340B3F93A10B4F93C30194488420546B4BFEB
S3150800C3500021012104F1440008F045F8E368B4F926
S3150800C3602010B3F922302B448B42CCBF0021012187
S3150800C37004F1280008F037F8B4F92060B4F93C0055
S3150800C380E36894F85820D9891B8AB542B8BF354660
S3150800C3902DB28542A8BF0546009522B90246304609
S3150800C3A008F0E5F8C4E73246FAE770B50D461646D2
S3150800C3B00446102008F0BCF833462A462146BDE854
S3150800C3C0704008F037BA10B500210446283008F046
S3150800C3D004F8002104F1440007F0FFFF002384F865
S3150800C3E06030E3689B88A38210BD08B5FFF7EBFFB2
S3150800C3F008BD10B50446FFF7E6FF626E9389013360
S3150800C4009381A26E93890133938110BD08B5406864
S3150800C410FFF7EFFF08BDF8B5054610200E4617468C
S3150800C42008F086F83B4604463246294608F002FAE2
S3150800C4302046F8BDD0E906239B1A5810002BB8BF32
S3150800C4400B30704770B504461430FFF7F3FF00222F
S3150800C45004F12A01904208D1002304F12A051E4658
S3150800C4609A420BD10023238770BDE36A02338B42BD
S3150800C47002D2E3620132EDE7163BF8E7206B811C36
S3150800C480A94203D2068001332163E9E71639F7E7A3
S3150800C490406808B50430FFF7CDFF80B208BD38B54F
S3150800C4A0D0E90632002400F116019A4205D1FFF7B9
S3150800C4B0C1FFB4FBF0F080B238BD33F8025B2C4400
S3150800C4C08B42F2D3163BFBE710B50446C0680368F7
S3150800C4D01B689847236B04F11402023B9A420BD857
S3150800C4E02363E36A023B9A4208D81880E36210463F
S3150800C4F0FFF7D5FF208710BD1633EFE71633F2E7AF
S3150800C5000A29F8B528BF0A21071D01290446384615
S3150800C5100D46164638BF0125FFF78CFF2A1A114625
S3150800C52004F11A0C00290EDB002AA0EB0500C8BF8F
S3150800C5300020104404F11A0570B91AB13846FFF7FD
S3150800C540AEFF2085F8BDE3690233634502D2E36195
S3150800C5500131E7E7163BF8E7216A8B1CAB4203D2A9
S3150800C5600E8001382362E7E7163BF7E72DE9F04F1F
S3150800C5708DB005460068049103F008FB83462868D9
S3150800C580DFF890A1644F03F06EF881466C2007F03F
S3150800C590CFFF044604F1100607F0C2FD5F4B236087
S3150800C5A04FF0000809F58073C4F80CA041F28839E9
S3150800C5B0C6F80480A3615A4BE361C4F82090A4F836
S3150800C5C024900AF12401276104F1280008F0C0FD2F
S3150800C5D0534BA4F84090C4E90E380AF13C0104F123
S3150800C5E0440008F0B5FD4F4B6365C4F85880022235
S3150800C5F041F2017104F15C0004F1380808F06CFDA1
S3150800C600494A4A484146FFF706FF04F11C09464ACB
S3150800C610606649464648FFF7FEFE464AA06631462A
S3150800C6204548FFF7C2FEA1693F4A4448FFF7F3FEB3
S3150800C630E368D96C49B11020059107F079FF404BA2
S3150800C640059904F1540208F0F5F821460BF1C000EB
S3150800C65007F09AFD286803F099FAA369CDF82480B3
S3150800C660CDE90739374B82464820CDE90A3407F029
S3150800C6705FFF0CAB044613E90F008DE80F00079B1C
S3150800C680049A3149204609F08FF921460AF1C0007B
S3150800C69007F07AFD286803F079FA8046442007F007
S3150800C6A047FF044607F03CFD284B2360E660162248
S3150800C6B0002104F1140012F057FC04F110060022C0
S3150800C6C0C4E90B00C4E90D7230460A21FFF718FFCA
S3150800C6D004F13401174A1E48FFF767FE1D4B236015
S3150800C6E01D4B144A1D48C4E90F3604F13C01FFF7F7
S3150800C6F05CFE214608F1C00007F046FD0D4A1848C1
S3150800C70004F13401FFF751FE04F134000DB0BDE821
S3150800C710F08F00BF58570208AC51020808570208A4
S3150800C72054520208AC4C0208004F0208DC570208B3
S3150800C730E0570208F04E0208D0570208C857020808
S3150800C740F44E02080DC40008A8570208205702082C
S3150800C750CC5702084857020838570208D857020823
S3150800C760D45702080A2908B505D840680022FFF7F9
S3150800C770C7FE012008BD0020FCE703685B68184770
S3150800C78070B5D0E90334226855681A6818461268E5
S3150800C79090472B4601462046BDE8704018470000E2
S3150800C7A010B5034B0360044607F0B1FC204610BDE4
S3150800C7B0F457020810B50446FFF7F2FF20461C217D
S3150800C7C007F0C2FE204610BD10B5034B03600446B1
S3150800C7D007F09DFC204610BD2458020810B50446F3
S3150800C7E0FFF7F2FF2046142107F0AEFE204610BDE3
S3150800C7F010B5034B0360044607F089FC204610BDBC
S3150800C8000C58020810B50446FFF7F2FF20461C2113
S3150800C81007F09AFE204610BD70B50D46164604462A
S3150800C820102007F085FE33462A462146BDE87040AB
S3150800C83008F000B8F8B5054614200F46164607F066
S3150800C84077FE044607F06CFC054B2360C4E90376C3
S3150800C850214605F1C000BDE8F84007F095BC00BFC9
S3150800C8602458020803F092B938B5044608200D4644
S3150800C87007F05EFE236845600360206038BD00004F
S3150800C88070B50546006802F0EEFE06461C2007F065
S3150800C8904FFE044607F044FC0F4B23604FF47A72B0
S3150800C8A00023E28106F5A5660C4AA3812376626118
S3150800C8B028682661FFF7D6FF696804F11402AC31CF
S3150800C8C0FFF7B8FF2868FFF7CDFF2146C030BDE85F
S3150800C8D0704007F059BC00BFF4570208AC4C020878
S3150800C8E070B50446006802F0BEFE0646282007F02A
S3150800C8F01FFE06F5AB61C822054609F067FB2068EE
S3150800C900FFF7B0FF616805F118024031FFF792FFA3
S3150800C9102068FFF7A7FF616805F110027831FFF775
S3150800C92089FF2068FFF79EFF2946C030BDE87040A2
S3150800C93007F02ABC2DE9F0410446D0E90006FFF7C6
S3150800C94091FF62680746206802F14805FFF78AFFEB
S3150800C9508046282007F0ECFD434604462A46084947
S3150800C960FEF75AFE214607F1C00007F00DFC04F158
S3150800C9700C0106F12C00FFF777FFBDE8F08100BF38
S3150800C980885802082DE9F04105460068FFF76AFF56
S3150800C9906A680746286802F14806FFF763FF80467B
S3150800C9A0182007F0C5FD4346044632460B49FEF7F4
S3150800C9B0EBFB214607F1C00007F0E6FB6D6804F1C2
S3150800C9C00C0105F12C00FFF74FFF04F10C0105F1EE
S3150800C9D03000FFF749FFBDE8F08100BF7C58020828
S3150800C9E02DE9F0410446D0E90006FFF73BFF6268EF
S3150800C9F00746206802F14805FFF734FF80461820ED
S3150800CA0007F096FD434604462A460849FEF7B2FE55
S3150800CA10214607F1C00007F0B7FB04F10C0106F147
S3150800CA202C00FFF721FFBDE8F08100BF705802080F
S3150800CA302DE9F7430446D0E90007FFF713FF6268BC
S3150800CA408046206802F14805FFF70CFF81462C2036
S3150800CA50646807F06DFDAC34064609F5E4732A46AA
S3150800CA6008490094FEF7B0FF314608F1C00007F008
S3150800CA708BFB06F10C0107F12C00FFF7F5FE03B05E
S3150800CA80BDE8F0835458020870B5006816460C468F
S3150800CA9002F0E9FD3C235C4300F21C4531462819A7
S3150800CAA0FDF7D4FC04F11000284470BD38B50A46D9
S3150800CAB001210546FFF7E8FF04462868FFF7D2FE7E
S3150800CAC021468462024A0348BDE83840FFF7A4BEFF
S3150800CAD0F44E0208D058020838B50A46022105461F
S3150800CAE0FFF7D2FF044A044601460448FFF794FEBE
S3150800CAF06B689C6138BD00BFF44E0208D85802081E
S3150800CB0038B50A4603210546FFF7BEFF044A044620
S3150800CB1001460448FFF780FE6B681C6238BD00BFFB
S3150800CB20F44E0208DC580208F8B5044600680D46BB
S3150800CB301F46164602F097FD3C2303FB05002946CF
S3150800CB4080F83C7432462046FFF79EFF054A0146A8
S3150800CB5005460548FFF760FE2068FFF783FE056176
S3150800CB60F8BD00BFF44E0208D4580208F7B50546CA
S3150800CB700068FFF777FE06462868FFF773FE074644
S3150800CB801C2007F0D5FC0F4B009303230193DDE926
S3150800CB90002304463946FEF7A1FC214606F1C000EB
S3150800CBA007F0F2FA6D6804F10C0105F12C00FFF7A5
S3150800CBB05BFE04F10C0105F13000FFF755FE03B0EA
S3150800CBC0F0BD00BFA4580208F8B50446D0E9000530
S3150800CBD0FFF748FE06462068FFF744FE074614207E
S3150800CBE007F0A6FC39460446FEF738FC214606F14E
S3150800CBF0C00007F0C9FA04F10C0105F12C00FFF793
S3150800CC0033FEF8BD2DE9F04104460068FFF72AFE19
S3150800CC1062680746206802F14805FFF723FE80464A
S3150800CC20242007F085FC434606462A460749FEF7B0
S3150800CC308BFB314607F1C00007F0A6FA606806F1DB
S3150800CC400C013030FFF710FEBDE8F08140580208AD
S3150800CC502DE9F041044600688846FFF703FE62683E
S3150800CC6007461C2002F1480507F062FC43460646C3
S3150800CC702A460849FEF706FE314607F1C00007F0C6
S3150800CC8083FA606806F10C013030FFF7EDFDBDE868
S3150800CC90F08100BF34580208436819617047436839
S3150800CCA09961704743681962704708B5406824302F
S3150800CCB0FFF7DAFD08BD08B540682830FFF7D4FD50
S3150800CCC008BDF7B5044600688DE80600FFF7CAFDFB
S3150800CCD006462068FFF7C6FD07461C2007F028FC15
S3150800CCE09DE80C0005463946FEF7F8FB294606F18D
S3150800CCF0C00007F049FA05F10C01204603B0BDE86B
S3150800CD00F040FFF7D8BF00002DE9F743054608466F
S3150800CD10296801920BF0C8F906462868FFF7A2FDB4
S3150800CD2007461C20BDF90490BDF9068007F000FCF3
S3150800CD30044607F0F5F9134B2360134B6361643619
S3150800CD40002323762661A4F80C90A4F80E802146C9
S3150800CD5007F1C00007F018FA2868FFF783FD0646B2
S3150800CD602868FFF77FFD143400F11C01224630467F
S3150800CD70FFF760FD2868FFF775FD846103B0BDE81D
S3150800CD80F08300BF0C580208AC4C02082DE9F843A2
S3150800CD900446006888469146FFF764FD0646206803
S3150800CDA0FFF760FD07464FF48C7007F0C1FB4B4652
S3150800CDB00546424639460DF021FE294606F1C000D1
S3150800CDC007F0E2F9702007F0B3FB06462068FFF784
S3150800CDD049FD05F1BC0100F1940230460DF0E8F971
S3150800CDE063682068BC3368362B61AE61FFF73AFD8D
S3150800CDF006462068FFF736FD0746D82007F098FB59
S3150800CE003946044605F134020DF000F8214606F1CC
S3150800CE10C000BDE8F84307F0B7B910B50446006886
S3150800CE20FFF725FA204610BD2DE9FF4104460160AB
S3150800CE300846FFF717FD06462068FFF713FD074665
S3150800CE40DC2007F075FB39460546FDF73DFE294609
S3150800CE5006F1C00007F098F96560206802F003FC47
S3150800CE60D0F8503406465B68002100F58A6098477A
S3150800CE70274A51681068128901AB03C320681A80D3
S3150800CE804FF096730193FFF7EDFC0746782007F0FD
S3150800CE904FFB01AA054606F22C4108F0E3FF294696
S3150800CEA007F1C00007F070F92068FFF7DBFC62683D
S3150800CEB00746142002F1400607F03AFB3246804640
S3150800CEC005F1340109F03CF8414607F1C00007F0C6
S3150800CED05BF92068FFF7C6FC62680746142002F172
S3150800CEE0780607F025FB3246804605F11C0109F055
S3150800CEF027F8414607F1C00007F046F92046FFF734
S3150800CF00BFFC2046FFF7ECFC204604B0BDE8F081E4
S3150800CF10E058020803460069197E0268526811B192
S3150800CF20B3F90E101047B3F90C10FBE708B5FFF775
S3150800CF30F1FF08BD08B5FFF7EDFF08BD0346006918
S3150800CF40197E0268526809B1D98910479989FCE7A0
S3150800CF5008B5FFF7F3FF08BD08B5FFF7EFFF08BDF3
S3150800CF6070474368084618472DE9F743814602F09B
S3150800CF700DFE0646484602F082FB00F56875382025
S3150800CF8007F0D6FA06F1C004074629460EF04AFC11
S3150800CF903946204607F0F8F8382007F0C9FA294636
S3150800CFA080460EF06BFD4146204608F1300807F032
S3150800CFB0EBF8C6F860801C2007F0BAFA4FF49A72AC
S3150800CFC007464146FDF734FF39462046143707F031
S3150800CFD0DBF8B767C6F88070102007F0A9FA3A465A
S3150800CFE0654B664907F026FC382007F0A1FA294662
S3150800CFF007460EF07DFD39462046303707F0C4F85F
S3150800D000C6F89070382007F093FA294607460EF0BE
S3150800D010E3FD39462046303707F0B6F8C6F898706B
S3150800D020382007F085FA294607460EF00FFE3946DE
S3150800D0302046303707F0A8F8C6F8A070382007F061
S3150800D04077FA294607460EF03BFE39462046303722
S3150800D05007F09AF8B762382007F06AFA29460746B1
S3150800D0600EF076FC39462046303707F08DF83761E2
S3150800D070382007F05DFA294607460EF00DFC3946BA
S3150800D0802046303707F080F83767382007F050FA1F
S3150800D090294607460EF066FD3946204607F074F81D
S3150800D0A0382007F045FA294607460EF08FFC394620
S3150800D0B0204607F069F849466846FFF7B5FE684610
S3150800D0C0FFF760FC6846FFF735FC6846FFF788FC03
S3150800D0D06846FFF74BFD6846FFF7AAFC6846FFF768
S3150800D0E091FD4C2007F024FA294607460EF054FE17
S3150800D0F03946204607F048F807F12008102007F0BF
S3150800D10017FA42461E4B1F4907F094FB07F12805FC
S3150800D110102007F00DFA1A4B1B492A4607F08AFB1E
S3150800D12007F13C01C6F8508035636846FFF7B4FD41
S3150800D130502007F0FDF949460546FEF707FD302061
S3150800D14007F0F6F9114A06464946FDF767FF3146E4
S3150800D150204607F019F805F13C0268460C49FFF726
S3150800D16015FE2946204607F00FF86846FFF755FED4
S3150800D17003B0BDE8F08300BFF04E0208D45702089A
S3150800D180004F020860590208645902083C5902080F
S3150800D190485902082DE9F04F85B08946074602F03E
S3150800D1A0F5FC0546384602F05EFA8246384602F035
S3150800D1B066FA00F56876382007F0BAF905F1C00472
S3150800D1C0804631460FF0D2FA4146204606F0DCFF8B
S3150800D1D0382007F0ADF9314683460FF079FB5946FA
S3150800D1E020460BF1300B06F0CFFFC5F860B01C20C7
S3150800D1F007F09EF94FF49A7280465946FDF718FED5
S3150800D2004146204608F1140806F0BEFFC5F87880A6
S3150800D210C5F88080102007F08BF942466C4B6D49A3
S3150800D22007F008FB382007F083F9314680460FF0EF
S3150800D23089FB4146204606F0A7FF08F13003C5F8EA
S3150800D2409030642007F074F90AF514728046624932
S3150800D25008F05EFA4146204606F096FF08F14C03B0
S3150800D260C5F89830382007F063F9314680460FF044
S3150800D2704FFC4146204606F087FF08F13003C5F803
S3150800D280A030B9F1000F0DD0382007F051F931461A
S3150800D29080460FF091FB4146204606F075FF08F1DF
S3150800D2A03003AB62382007F043F9314680460FF069
S3150800D2B0D1FA4146204606F067FF08F130032B6194
S3150800D2C0382007F035F9314680460FF089FA41468D
S3150800D2D0204606F059FF08F130032B6739466846A1
S3150800D2E0FFF7A2FD6846FFF74DFB6846FFF722FBEE
S3150800D2F06846FFF775FB6846FFF738FC6846FFF790
S3150800D30097FB6846FFF77EFC482007F011F931467F
S3150800D31080460FF0C5FB4146204606F035FF08F16A
S3150800D3202009102007F004F94A462C4B2C4907F02F
S3150800D33081FA08F12806102007F0FAF83246274B3A
S3150800D340284907F077FA102007F0F2F808F14002AA
S3150800D350254B264907F06EFA08F140016846FFF7A3
S3150800D36077FCC5F850902E6308F138016846FFF738
S3150800D3709CFC1F4B029301230393DDE902126846C6
S3150800D380FFF79FFC502007F0D3F839460546FEF70D
S3150800D3907BFD302007F0CCF8164A06463946FDF7DD
S3150800D3A03DFE3146204606F0EFFE05F13C02684692
S3150800D3B01149FFF7EBFC2946204606F0E5FE3846FC
S3150800D3C0FEF755FF6846FFF728FD05B0BDE8F08F64
S3150800D3D0F04E0208D457020880720208004F02086D
S3150800D3E06059020864590208F44E0208EC5902080A
S3150800D3F0E8590208DC590208CC5902080121FFF74E
S3150800D400C9BE0021FFF7C6BE2DE9FF47074602F051
S3150800D410BDFB0546384602F026F98146384602F035
S3150800D4202EF900F56876382007F082F805F1C00471
S3150800D430804631460FF09AF94146204606F0A4FE8A
S3150800D440382007F075F8314682460FF041FA514602
S3150800D45020460AF1300A06F097FEC5F860A01C209F
S3150800D46007F066F84FF49A7280465146FDF7E0FCDD
S3150800D4704146204608F1140806F086FEC5F878806D
S3150800D480C5F88080102007F053F842466B4B6C496C
S3150800D49007F0D0F9382007F04BF8314680460FF0F0
S3150800D4A051FA4146204606F06FFE08F13003C5F8EA
S3150800D4B09030642007F03CF809F5147280466149FB
S3150800D4C008F026F94146204606F05EFE08F14C03B0
S3150800D4D0C5F89830382007F02BF8314680460FF00B
S3150800D4E017FB4146204606F04FFE08F13003C5F803
S3150800D4F0A030382007F01CF8314680460FF05CFA59
S3150800D5004146204606F040FE08F13003AB6238205B
S3150800D51007F00EF8314680460FF09CF94146204642
S3150800D52006F032FE08F130032B61382007F000F8C8
S3150800D530314680460FF054F94146204606F024FE4F
S3150800D54008F130032B6739466846FFF76DFC6846D5
S3150800D550FFF718FA6846FFF7EDF96846FFF740FA4D
S3150800D5606846FFF703FB6846FFF762FA6846FFF767
S3150800D57049FB482006F0DCFF314680460FF090FA5A
S3150800D5804146204606F000FE08F12009102006F064
S3150800D590CFFF4A462C4B2D4907F04CF908F12806CF
S3150800D5A0102006F0C5FF3246274B294907F042F9F5
S3150800D5B0102006F0BDFF08F14002264B264907F069
S3150800D5C039F908F140016846FFF742FBC5F8509063
S3150800D5D02E6308F138016846FFF767FB1F4B029375
S3150800D5E001230393DDE902126846FFF76AFB502020
S3150800D5F006F09EFF39460546FEF7A6FD302006F0E2
S3150800D60097FF174A06463946FDF708FD3146204674
S3150800D61006F0BAFD05F13C0268461249FFF7B6FB6B
S3150800D6202946204606F0B0FD3846FEF720FE684635
S3150800D630FFF7F3FB04B0BDE8F08700BFF04E020821
S3150800D640D457020848720208004F020860590208B7
S3150800D65064590208F44E0208EC590208E85902080F
S3150800D660405A0208545A02082DE9FF47804602F03C
S3150800D67006F800F56875404602F088FA064638202E
S3150800D68006F056FF06F1C0040746294610F0A8F82A
S3150800D6903946204606F078FD382006F049FF294627
S3150800D6A0814610F04FF94946204609F1300906F03F
S3150800D6B06BFDC6F860901C2006F03AFF4FF49A728C
S3150800D6C007464946FDF7B4FB39462046143706F0A7
S3150800D6D05BFDB767C6F88070102006F029FF3A464A
S3150800D6E0764B774907F0A6F8382006F021FF294639
S3150800D6F0074610F061F939462046303706F044FDF2
S3150800D700C6F89070382006F013FF2946074610F031
S3150800D7108DF939462046303706F036FDC6F898703A
S3150800D720382006F005FF2946074610F0B9F93946AC
S3150800D7302046303706F028FDC6F8A070382006F0D7
S3150800D740F7FE2946074610F0E5F9394620463037F0
S3150800D75006F01AFDB762382006F0EAFE29460746A3
S3150800D76010F0B2F839462046303706F00DFD37611D
S3150800D770382006F0DDFE2946074610F06BF83946D4
S3150800D7802046303706F000FD414637676846FFF702
S3150800D7904BFB6846FFF7F6F86846FFF7CBF868468E
S3150800D7A0FFF712FA6846FFF71BF96846FFF7DEF936
S3150800D7B06846FFF73DF96846FFF724FA4C2006F05D
S3150800D7C0B7FE2946074610F02DFA3946204606F0D8
S3150800D7D0DBFC07F1200A102006F0AAFE5246394B58
S3150800D7E0394907F027F807F12809102006F0A0FEA6
S3150800D7F04A46344B354907F01DF8C6F850A0C6F816
S3150800D800309007F13C016846FFF746FA07F14401F4
S3150800D8106846FFF74AFA2E4B029301230393DDE984
S3150800D82002126846FFF74DFA402006F081FE2946A7
S3150800D830064610F051FA3146204606F0A5FC06F1D8
S3150800D8402005102006F074FE2A46224B224906F0CF
S3150800D850F1FF102006F06CFE1E4B204906F130023F
S3150800D86006F0E8FF29466846FFF7F2F906F13001A7
S3150800D8706846FFF714FA502006F05AFE4146054658
S3150800D880FEF7B2FB302006F053FE154A064641461F
S3150800D890FDF7C4FB3146204606F076FC05F13C024E
S3150800D8A068461049FFF772FA2946204606F06CFCCE
S3150800D8B06846FFF7B2FA04B0BDE8F087F04E0208F2
S3150800D8C0D4570208004F0208605902086459020832
S3150800D8D0E8590208F44E0208EC590208D85802081A
S3150800D8E0C45A0208B45A02082DE9FF4707460146FA
S3150800D8F06846FFF799FA384601F0C1FE00F56874E4
S3150800D900384602F043F90546382006F011FE05F1BF
S3150800D910C006804621460FF04DFC4146304606F0CB
S3150800D92033FC382006F004FE214681460FF02EFD12
S3150800D9304946304609F1300906F026FCC5F86090DC
S3150800D9401C2006F0F5FD4FF49A7280464946FDF70D
S3150800D9506FFA4146304608F1140806F015FCC5F87A
S3150800D9607880C5F88080102006F0E2FD4246734BA9
S3150800D970734906F05FFF382006F0DAFD2146804637
S3150800D9800FF03EFD4146304606F0FEFB08F1300337
S3150800D990C5F89030382006F0CBFD214680460FF0BA
S3150800D9A069FD4146304606F0EFFB08F13003C5F83D
S3150800D9B09830902006F0BCFD214680460FF0B2FE56
S3150800D9C04146304606F0E0FB08F18803C5F8A0306A
S3150800D9D0382006F0ADFD214680460FF085FD41460C
S3150800D9E0304606F0D1FB08F13003AB62382006F06A
S3150800D9F09FFD214680460FF051FC4146304606F011
S3150800DA00C3FB08F130032B61382006F091FD21464F
S3150800DA1080460FF009FC4146304606F0B5FB08F192
S3150800DA2030032B676846FEF7ADFF6846FEF782FFB0
S3150800DA306846FEF7D5FF6846FFF798F86846FEF78A
S3150800DA40F7FF6846FFF7DEF84C2006F071FD214621
S3150800DA5080460FF0CBFD4146304606F095FB08F1AF
S3150800DA60200A102006F064FD5246364B364906F069
S3150800DA70E1FE08F12809102006F05AFD4A46314B06
S3150800DA80324906F0D7FEC5F850A0C5F8309008F11F
S3150800DA903C016846FFF700F908F144016846FFF7BC
S3150800DAA004F92B4B029301230393DDE9021268461E
S3150800DAB0FFF707F9282006F03BFD214605460FF03B
S3150800DAC0DBFD2946304606F05FFB102006F030FDE8
S3150800DAD0204B214905F1200206F0ACFE05F1200194
S3150800DAE06846FFF7B5F8384602F050F800F1C0046A
S3150800DAF0502006F01DFD39460546FEF775FA30201A
S3150800DB0006F016FD154A06463946FDF787FA3146E8
S3150800DB10204606F039FB05F13C0268461049FFF736
S3150800DB2035F92946204606F02FFB3846FEF79FFBB7
S3150800DB306846FFF772F904B0BDE8F087F04E0208B0
S3150800DB40D4570208004F02086059020864590208AF
S3150800DB50E8590208F44E0208EC590208305B02083C
S3150800DB60205B02082DE9FF41804601F088FD00F59B
S3150800DB706874404602F00AF80646382006F0D8FCD3
S3150800DB80214607460EF07AFA394606F1C0003037C4
S3150800DB9006F0FAFAB767102006F0CAFC364B374982
S3150800DBA03A4606F047FE382006F0C2FC21460746EC
S3150800DBB00EF09EFA394606F1C000303706F0E4FA50
S3150800DBC0C6F89070382006F0B3FC214607460EF0DA
S3150800DBD0C9FA394606F1C000303706F0D5FA376378
S3150800DBE0382006F0A5FC214607460EF0F5FA394618
S3150800DBF006F1C000303706F0C7FAC6F89870382024
S3150800DC0006F096FC214607460EF020FB394606F13B
S3150800DC10C000303706F0B8FA4146C6F8A07002A828
S3150800DC20FFF702F9002102A8FEF740FF02A8FEF757
S3150800DC3081FE02A8FEF7D4FE02A8FEF7E3FF02A8BB
S3150800DC40FEF7F6FE0E494FF07A7202A8FFF75CF867
S3150800DC50302006F06DFC0B4A04464146FDF7DEF916
S3150800DC60214606F1C00006F08FFA02A8FFF7D5F89C
S3150800DC7004B0BDE8F08100BFF04E0208CC57020898
S3150800DC80885B0208AC5B02082DE9F04385B0804644
S3150800DC9001F0F5FC00F56876404601F077FF054689
S3150800DCA0382006F045FC314607460EF009FB394692
S3150800DCB005F1C00006F068FA382006F039FC31464E
S3150800DCC081460EF0AFFB494605F1C00009F130095F
S3150800DCD006F05AFAC5F860901C2006F029FC4FF4A5
S3150800DCE09A7207464946FDF7A3F8394605F1C0007A
S3150800DCF0143706F049FAAF67C5F88070102006F0A9
S3150800DD0017FC3A46734B744906F094FD382006F022
S3150800DD100FFC314607460EF0BFFB394605F1C00039
S3150800DD20303706F031FAC5F89070382006F000FC56
S3150800DD30314607460EF0EAFB394605F1C000303792
S3150800DD4006F022FAC5F89870382006F0F1FB31463D
S3150800DD5007460EF015FC394605F1C000303706F0C7
S3150800DD6013FAC5F8A070382006F0E2FB31460746DC
S3150800DD700EF040FC394605F1C000303706F004FACB
S3150800DD80AF62382006F0D4FB314607460EF00CFB8E
S3150800DD90394605F1C000303706F0F6F92F6138200C
S3150800DDA006F0C6FB314607460EF0C4FA394605F1B9
S3150800DDB0C000303706F0E8F941462F676846FFF796
S3150800DDC033F86846FEF7DEFD6846FEF7B3FD68469B
S3150800DDD0FEF706FE6846FEF7C9FE6846FEF728FE09
S3150800DDE06846FEF70FFF582006F0A2FB31460746A5
S3150800DDF00EF080FC394605F1C00006F0C5F907F1BA
S3150800DE002009102006F094FB4A46344B344906F0A4
S3150800DE1011FD07F12806102006F08AFB32462F4B23
S3150800DE20304906F007FD2E63C5F85090102006F01D
S3150800DE307FFB07F130022C4B2C4906F0FBFC07F15F
S3150800DE4030016846FEF704FF07F140016846FEF711
S3150800DE5023FF07F150016846FEF727FF244B02937C
S3150800DE6001230393DDE902126846FEF72AFF5020D4
S3150800DE7006F05EFB41460646FEF766F9302006F0D8
S3150800DE8057FB1C4A07464146FDF7C8F8394605F1CF
S3150800DE90C00006F079F94FF48C7006F049FB164A73
S3150800DEA006F13C03074629460CF0A8FD394605F15C
S3150800DEB0C00006F069F9314605F1C00006F064F9BC
S3150800DEC04046FEF7D4F96846FEF7A7FF05B0BDE859
S3150800DED0F08300BFF04E0208D4570208004F02082C
S3150800DEE06059020864590208F44E0208EC590208FF
S3150800DEF0E8590208085C02081C5C02082DE9F74389
S3150800DF00804601F0BCFB00F56877404601F03EFE0E
S3150800DF100446382006F00CFB04F1C00506463946CF
S3150800DF200EF030FE31462846303606F02DF9A66743
S3150800DF30C4F88060102006F0FBFA3246564B574963
S3150800DF4006F078FC382006F0F3FA394606460EF055
S3150800DF5091FE31462846303606F016F9C4F8906028
S3150800DF60382006F0E5FA394606460EF0BDFE31467B
S3150800DF702846303606F008F9C4F89860382006F0C6
S3150800DF80D7FA394606460EF0E9FE314628463036B7
S3150800DF9006F0FAF8C4F8A060382006F0C9FA39463F
S3150800DFA006460EF029FE31462846303606F0ECF8CD
S3150800DFB0414626616846FEF737FF6846FEF7E2FCEB
S3150800DFC06846FEF7B7FC6846FEF70AFD6846FEF7A0
S3150800DFD0CDFD6846FEF72CFD01216846FEF766FD75
S3150800DFE06846FEF70FFE482006F0A2FA39460646AE
S3150800DFF00EF024FF3146284606F0C6F806F1200939
S3150800E000102006F095FA4A46254B264906F012FCDA
S3150800E01006F12807102006F08BFA3A46204B2249CB
S3150800E02006F008FC06F13801C4F8509027636846E4
S3150800E030FEF732FE102006F07BFA1C4B1C4906F14F
S3150800E040300206F0F7FB06F130016846FEF700FEDF
S3150800E050502006F06DFA41460446FDF765FE30206D
S3150800E06006F066FA134A06464146FCF7D7FF3146DC
S3150800E070284606F089F804F13C0268460E49FEF780
S3150800E08085FE2146284606F07FF86846FEF7C5FE57
S3150800E09003B0BDE8F08300BFF04E0208D45702086B
S3150800E0A0004F02086059020864590208F44E020833
S3150800E0B0EC5902089C5C02088C5C02082DE9FF41B9
S3150800E0C0804601F0DCFA00F56875404601F05EFD11
S3150800E0D00446382006F02CFA04F1C00607462946FD
S3150800E0E00EF0E4FE39463046303706F04DF8A7679D
S3150800E0F0102006F01DFA04F174024B4B4B4906F04A
S3150800E10099FB382006F014FA294607460EF046FF12
S3150800E11039463046303706F037F8C4F8907038205C
S3150800E12006F006FA294607460EF0B0FF394630468D
S3150800E130303706F029F8C4F8A070382006F0F8F948
S3150800E140294607460EF0ECFE39463046303706F0CB
S3150800E1501BF84146276102A8FEF766FE02A8FEF7ED
S3150800E160E9FB02A8FEF73CFC02A8FEF7FFFC02A8A2
S3150800E170FEF748FD02A8FEF75BFC02A8FEF702FCC4
S3150800E180382006F0D5F9294607460EF041FF3946EC
S3150800E190304605F0F9FF07F1300102A8FEF77FFDCA
S3150800E1A0302006F0C5F9294607460EF0D1FF394654
S3150800E1B0304605F0E9FF07F12005102006F0B8F90A
S3150800E1C02A461B4B1B4906F035FB102006F0B0F912
S3150800E1D02A46174B184906F02DFB2837256325656F
S3150800E1E0102006F0A5F9154B15493A4606F022FB0C
S3150800E1F0394602A8FEF756FD12494FF07A7202A870
S3150800E200FEF782FD302006F093F90F4A0446414690
S3150800E210FCF704FF2146304605F0B6FF02A8FEF7D4
S3150800E220FCFD04B0BDE8F081F04E0208CC570208A8
S3150800E230004F02086059020864590208F44E0208A1
S3150800E240DC580208F05C0208145D0208F0B585B0D7
S3150800E250044601F09BFC0646204601F004FA2549CF
S3150800E2600294074602A8FEF781F9B067642006F013
S3150800E2705FF907F51472054606F1C0071E4907F04F
S3150800E28047FA294638464C3505F07EFF2146C6F83A
S3150800E290A05002A8FEF7C8FD02A8FEF74BFB02A88D
S3150800E2A0FEF7C6FB02A8FEF76DFB012319460022FE
S3150800E2B002A8FEF739FC02A80121FEF70DFC02A808
S3150800E2C00021FEF71DFC0D494FF07A7202A8FEF7F1
S3150800E2D01BFD302006F02CF9094A05462146FCF7B5
S3150800E2E09DFE2946384605F04FFF02A8FEF795FD24
S3150800E2F005B0F0BD00100020545D0208705D0208EC
S3150800E300945D02082DE9F347804601F03FFC044678
S3150800E310404601F0B4F9414600F568756846FEF7CF
S3150800E32083FD6846FEF706FB6846FEF781FB382044
S3150800E33006F0FEF804F1C0060746294610F098FADA
S3150800E34039463046303705F01FFFC4F8907038203C
S3150800E35006F0EEF82946074610F050FA39463046D8
S3150800E360303705F011FFA767102006F0E1F83A46A6
S3150800E3703F4B404906F05EFA382006F0D9F82946A0
S3150800E380074610F015FB39463046303705F0FCFED7
S3150800E390C4F89870382006F0CBF82946074610F0DE
S3150800E3A05DFB3946304605F0EFFE07F1200A1020DE
S3150800E3B006F0BEF85246304B304906F03BFA07F1F4
S3150800E3C02809102006F0B4F84A462B4B2C4906F0CB
S3150800E3D031FAC4F850A0C4F83090202006F0A8F806
S3150800E3E02946814610F0A2FA4946304605F0CCFE89
S3150800E3F009F11003A362382006F09AF829468146E7
S3150800E40010F060FB4946304605F0BEFE09F13003C0
S3150800E410C4F8A03007F130016846FEF73DFC01223A
S3150800E420002302216846FEF77FFB6846FEF7AAFA34
S3150800E4306846FEF7D5FA4146124809F035FE436E9E
S3150800E4404FF47A715B6864309847302006F070F8AC
S3150800E4500D4A04464146FCF7E1FD2146304605F0E3
S3150800E46093FE6846FEF7D9FC02B0BDE8F08700BF08
S3150800E470F04E0208CC570208004F020860590208FD
S3150800E48064590208DC5D0208005E02082DE9FF47B0
S3150800E490804601F07BFB0646404601F0F0F800F5A1
S3150800E4A06875382006F044F806F1C0040746294680
S3150800E4B00FF046FC3946204605F066FE382006F081
S3150800E4C037F8294681460FF0EDFC4946204609F102
S3150800E4D0300905F059FEC6F860901C2006F028F8A9
S3150800E4E04FF49A7207464946FCF7A2FC394620467D
S3150800E4F0143705F049FEB767C6F88070102006F095
S3150800E50017F83A46754B764906F094F9382006F01E
S3150800E5100FF8294607460FF0FFFC394620463037E4
S3150800E52005F032FEC6F89070382006F001F8294644
S3150800E53007460FF02BFD39462046303705F024FEF6
S3150800E540C6F89870382005F0F3FF294607460FF0FD
S3150800E550B7FE39462046303705F016FEC6F8A070D5
S3150800E560202005F0E5FF294607460FF07BFD3946D2
S3150800E5702046103705F008FEB762382005F0D8FFA8
S3150800E580294607460FF050FC39462046303705F035
S3150800E590FBFD3761382005F0CBFF294607460FF00B
S3150800E5A009FC39462046303705F0EEFD4146376707
S3150800E5B06846FEF739FC6846FEF7E4F96846FEF752
S3150800E5C0B9F96846FEF70CFA6846FEF7CFFA6846C8
S3150800E5D0FEF72EFA6846FEF715FB4C2005F0A8FF55
S3150800E5E0294607460FF0D2FD3946204605F0CCFDF0
S3150800E5F007F1200A102005F09BFF5246394B3A498D
S3150800E60006F018F907F12809102005F091FF4A4687
S3150800E610344B364906F00EF9C6F850A0C6F83090C5
S3150800E62007F13C016846FEF737FB07F144016846E7
S3150800E630FEF73BFB2E4B029301230393DDE90212FF
S3150800E6406846FEF73EFB482005F072FF2946064657
S3150800E6500FF000FE3146204605F096FD06F120052E
S3150800E660102005F065FF2A46224B234906F0E2F8FA
S3150800E670102005F05DFF1F4B204906F1300206F019
S3150800E680D9F829466846FEF7E3FA06F130016846E6
S3150800E690FEF705FB502005F04BFF41460546FDF702
S3150800E6A053FD302005F044FF154A06464146FCF75F
S3150800E6B0B5FC3146204605F067FD05F13C02684683
S3150800E6C01049FEF763FB2946204605F05DFD6846BE
S3150800E6D0FEF7A3FB04B0BDE8F08700BFF04E0208C2
S3150800E6E0D4570208004F0208605902086459020804
S3150800E6F0E8590208F44E0208EC590208D8580208EC
S3150800E700745E0208885E0208F7B5044600F0ABFF9F
S3150800E7100746204601F03AFA244900940646684618
S3150800E720FDF724FFB067642005F002FF07F51472B1
S3150800E730054606F1C0071E4906F0EAFF294638468F
S3150800E7404C3505F021FDC6F8A05021466846FEF76F
S3150800E7506BFB01216846FEF7A9F96846FEF7EAF859
S3150800E7606846FEF765F968460121FEF7B5F9684679
S3150800E7700021FEF7C5F921460E4809F095FC436EBF
S3150800E7804FF47A715B6864309847302005F0D0FE04
S3150800E790094A05462146FCF741FC2946384605F054
S3150800E7A0F3FC6846FEF739FB03B0F0BD0010002005
S3150800E7B0185F0208E85E02080C5F02082DE9FF41AF
S3150800E7C0054600F050FF0646284601F0DFF92E49B7
S3150800E7D00295804602A8FDF7C9FEC8F878006420AD
S3150800E7E005F0A6FE08F1C00706F514720446274987
S3150800E7F006F08EFF214638464C3405F0C5FCC8F8AD
S3150800E800A040294602A8FEF70FFB012102A8FEF741
S3150800E8104DF902A8FEF78EF802A8FEF709F902A834
S3150800E8200021FEF759F94FF0617202A81849FEF760
S3150800E8306BFA012106F59A60FBF708FE282005F019
S3150800E84077FE06F59C610446FCF796FA214638469B
S3150800E85005F09AFC302005F06BFE0E4A064629465E
S3150800E860FCF7DCFB3146384605F08EFC082005F03F
S3150800E8705FFE2034336A44600360306202A8FEF704
S3150800E880CCFA04B0BDE8F0810010002064720208DA
S3150800E890785F02086C5F0208F7B5044600F0E3FEED
S3150800E8A00746204601F072F9244900940646684650
S3150800E8B0FDF75CFEB067642005F03AFE07F51472B2
S3150800E8C0054606F1C0071E4906F022FF29463846C6
S3150800E8D04C3505F059FCC6F8A05021466846FEF7A7
S3150800E8E0A3FA01216846FEF7E1F86846FEF722F822
S3150800E8F06846FEF79DF868460021FEF7EDF868467B
S3150800E9000021FEF7FDF821460E4809F0CDFB436EBF
S3150800E9104FF47A715B6864309847302005F008FE3A
S3150800E920094A05462146FCF779FB2946384605F08B
S3150800E9302BFC6846FEF771FA03B0F0BD0010002004
S3150800E94004600208D45F0208F85F02082DE9F3475D
S3150800E9500E46054600F093FE00F56874284601F059
S3150800E96015F90546382005F0E3FD05F1C007804690
S3150800E97021460EF01FFC4146384605F005FC3820B6
S3150800E98005F0D6FD214681460EF0C6FC49463846B6
S3150800E99009F1300905F0F8FBC5F860901C2005F070
S3150800E9A0C7FD4FF49A7280464946FCF741FA41463C
S3150800E9B0384608F1140805F0E7FBC5F87880C5F86D
S3150800E9C08080102005F0B4FD4246614B614905F090
S3150800E9D031FF382005F0ACFD214680460EF010FDCB
S3150800E9E04146384605F0D0FB08F13003C5F89030AB
S3150800E9F0382005F09DFD214680460EF03BFD414638
S3150800EA00384605F0C1FB08F13003C5F89830902068
S3150800EA1005F08EFD214680460EF084FE41463846B6
S3150800EA2005F0B2FB08F18803C5F8A030382005F0D8
S3150800EA307FFD214680460EF057FD4146384605F0D3
S3150800EA40A3FB08F13003AB62382005F071FD2146BF
S3150800EA5080460EF023FC4146384605F095FB08F142
S3150800EA6030032B61382005F063FD214680460EF001
S3150800EA70DBFB4146384605F087FB08F130032B6778
S3150800EA803046FDF77FFF3046FDF754FF3046FEF768
S3150800EA909BF83046FDF7A4FF3046FEF767F8304688
S3150800EAA0FDF7C6FF3046FEF7ADF84C2005F040FDF1
S3150800EAB0214680460EF09AFD4146384605F064FB2D
S3150800EAC008F1200A102005F033FD5246224B23494F
S3150800EAD005F0B0FE08F12809102005F029FD4A4680
S3150800EAE01D4B1F4905F0A6FEC5F850A0C5F8309085
S3150800EAF008F13C013046FEF7CFF808F144013046EC
S3150800EB00FEF7D3F8174B009301230193DDE90012B2
S3150800EB103046FEF7D6F8282005F00AFD21460546B8
S3150800EB200EF0AAFD2946384605F02EFB102005F002
S3150800EB30FFFC0D4B0D4905F1200205F07BFE05F1A2
S3150800EB402001304602B0BDE8F047FEF781B800BFA5
S3150800EB50F04E0208D4570208004F0208605902080E
S3150800EB6064590208E8590208F44E0208EC590208EA
S3150800EB70F7B5044601466846FEF756F96946204643
S3150800EB80FFF7E4FE204601F001F800F1C005502029
S3150800EB9005F0CEFC21460646FDF726FA302005F09C
S3150800EBA0C7FC0C4A07462146FCF738FA3946284678
S3150800EBB005F0EAFA06F13C0268460749FEF7E6F868
S3150800EBC03146284605F0E0FA6846FEF726F903B00E
S3150800EBD0F0BD00BFCC600208BC600208F7B5044669
S3150800EBE001466846FEF720F969462046FFF7AEFE5D
S3150800EBF0204600F0CBFF00F1C005502005F098FC38
S3150800EC0021460646FDF740F9302005F091FC0C4AEE
S3150800EC1007462146FCF702FA3946284605F0B4FAB3
S3150800EC2006F13C0268460749FEF7B0F83146284621
S3150800EC3005F0AAFA6846FEF7F0F803B0F0BD00BF83
S3150800EC40CC600208BC6002082DE9FF47804600F048
S3150800EC5016FD00F56875404600F098FF0646382010
S3150800EC6005F066FC06F1C004074629460EF0B8FD15
S3150800EC703946204605F088FA382005F059FC294619
S3150800EC8081460EF05FFE4946204609F1300905F037
S3150800EC907BFAC6F860901C2005F04AFC4FF49A727D
S3150800ECA007464946FCF7C4F839462046143705F0A6
S3150800ECB06BFAB767C6F88070102005F039FC3A463B
S3150800ECC0764B774905F0B6FD382005F031FC294624
S3150800ECD007460EF071FE39462046303705F054FADD
S3150800ECE0C6F89070382005F023FC294607460EF032
S3150800ECF09DFE39462046303705F046FAC6F8987024
S3150800ED00382005F015FC294607460EF0C9FE394697
S3150800ED102046303705F038FAC6F8A070382005F0D6
S3150800ED2007FC294607460EF0F5FE394620463037D9
S3150800ED3005F02AFAB762382005F0FAFB2946074695
S3150800ED400EF0C2FD39462046303705F01DFA376108
S3150800ED50382005F0EDFB294607460EF07BFD3946BF
S3150800ED602046303705F010FA414637676846FEF701
S3150800ED705BF86846FDF706FE6846FDF7DBFD684664
S3150800ED80FDF722FF6846FDF72BFE6846FDF7EEFE07
S3150800ED906846FDF74DFE6846FDF734FF4C2005F042
S3150800EDA0C7FB294607460EF03DFF3946204605F0C3
S3150800EDB0EBF907F1200A102005F0BAFB5246394B49
S3150800EDC0394905F037FD07F12809102005F0B0FB91
S3150800EDD04A46344B354905F02DFDC6F850A0C6F80D
S3150800EDE0309007F13C016846FDF756FF07F14401EC
S3150800EDF06846FDF75AFF2E4B029301230393DDE97C
S3150800EE0002126846FDF75DFF402005F091FB294692
S3150800EE1006460EF061FF3146204605F0B5F906F1C3
S3150800EE202005102005F084FB2A46224B224905F0CE
S3150800EE3001FD102005F07CFB1E4B204906F130022F
S3150800EE4005F0F8FC29466846FDF702FF06F1300191
S3150800EE506846FDF724FF502005F06AFB4146054643
S3150800EE60FDF7C2F8302005F063FB154A0646414611
S3150800EE70FCF7D4F83146204605F086F905F13C0240
S3150800EE8068461049FDF782FF2946204605F07CF9B9
S3150800EE906846FDF7C2FF04B0BDE8F087F04E0208E9
S3150800EEA0D4570208004F020860590208645902083C
S3150800EEB0E8590208F44E0208EC590208D858020824
S3150800EEC038610208286102082DE9FF47804600F0EC
S3150800EED05DFE0646404600F0D2FB00F56875382010
S3150800EEE005F026FB06F1C004074629460EF028FF62
S3150800EEF03946204605F048F9382005F019FB294619
S3150800EF0081460EF0CFFF4946204609F1300905F043
S3150800EF103BF9C6F860901C2005F00AFB4FF49A727C
S3150800EF2007464946FBF784FF39462046143705F05D
S3150800EF302BF9B767C6F88070102005F0F9FA3A463B
S3150800EF40764B774905F076FC382005F0F1FA294624
S3150800EF5007460EF0E1FF39462046303705F014F92A
S3150800EF60C6F89070382005F0E3FA294607460FF0F0
S3150800EF700DF839462046303705F006F9C6F8987078
S3150800EF80382005F0D5FA294607460FF099F939468B
S3150800EF902046303705F0F8F8C6F8A070202005F0AE
S3150800EFA0C7FA294607460FF05DF839462046103756
S3150800EFB005F0EAF8B762382005F0BAFA2946074696
S3150800EFC00EF032FF39462046303705F0DDF8376156
S3150800EFD0382005F0ADFA294607460EF0EBFE39460D
S3150800EFE02046303705F0D0F8414637676846FDF7C2
S3150800EFF01BFF6846FDF7C6FC6846FDF79BFC68469E
S3150800F000FDF7EEFC6846FDF7B1FD6846FDF710FD15
S3150800F0106846FDF7F7FD4C2005F08AFA29460746AB
S3150800F0200FF0B4F83946204605F0AEF807F1200A85
S3150800F030102005F07DFA52463A4B3B4905F0FAFB9B
S3150800F04007F12809102005F073FA4A46354B374967
S3150800F05005F0F0FBC6F850A0C6F8309007F13C0161
S3150800F0606846FDF719FE07F144016846FDF71DFEDF
S3150800F0702F4B029301230393DDE902126846FDF73D
S3150800F08020FE482005F054FA294606460FF0E2F815
S3150800F0903146204605F078F806F12005102005F0DF
S3150800F0A047FA2A46234B244905F0C4FB102005F0ED
S3150800F0B03FFA204B214906F1400205F0BBFB2946E1
S3150800F0C06846FDF7C5FD06F140016846FDF7EAFD0D
S3150800F0D0502005F02DFA41460546FDF735F8302053
S3150800F0E005F026FA164A06464146FBF797FF3146CB
S3150800F0F0204605F049F805F13C0268461149FDF736
S3150800F10045FE2946204605F03FF84046FDF7AFF88C
S3150800F1106846FDF782FE04B0BDE8F087F04E0208A7
S3150800F120D4570208004F02086059020864590208B9
S3150800F130E8590208F44E0208EC590208DC5802089D
S3150800F14094610208A86102082DE9FF4707460146AF
S3150800F1506846FDF769FE384600F091FA00F56875CD
S3150800F160384600F013FD0446382005F0E1F904F1AD
S3150800F170C006804629460FF0DDF84146304605F0C0
S3150800F18003F8382005F0D4F9294681460FF084F9AA
S3150800F1904946304609F1300904F0F6FFC4F8609094
S3150800F1A01C2005F0C5F94FF49A7280464946FBF7CC
S3150800F1B03FFE4146304608F1140804F0E5FFC4F85E
S3150800F1C07880C4F88080102005F0B2F94246724B68
S3150800F1D0724905F02FFB382005F0AAF92946804622
S3150800F1E00FF094F94146304604F0CEFF08F130039B
S3150800F1F0C4F89030382005F09BF9294680460FF070
S3150800F200BFF94146304604F0BFFF08F13003C4F8A1
S3150800F2109830382005F08CF9294680460FF0EAF92F
S3150800F2204146304604F0B0FF08F13003C4F8A03078
S3150800F230382005F07DF9294680460FF0EFF841465B
S3150800F240304604F0A1FF08F130032361382005F0A9
S3150800F2506FF9294680460FF0A7F84146304604F074
S3150800F26093FF08F1300323676846FDF78BFB684672
S3150800F270FDF760FB6846FDF7B3FB6846FDF776FCCD
S3150800F2806846FDF7D5FB6846FDF7BCFC542005F03B
S3150800F2904FF9294680460FF033FA4146304604F0C6
S3150800F2A073FF08F1200A102005F042F952463C4B3C
S3150800F2B03C4905F0BFFA08F12809102005F038F98D
S3150800F2C04A46374B384905F0B5FA08F13C01C4F807
S3150800F2D050A0C4F83090684608F14C09FDF7DCFCEC
S3150800F2E0C4F82890102005F023F94A462F4B3049D8
S3150800F2F005F0A0FA08F144016846FDF7D6FC2D4B47
S3150800F300029301230393DDE902126846FDF7D9FC4F
S3150800F310302005F00DF9294604460FF03FFA21463C
S3150800F320304604F031FF102005F002F91F4B224940
S3150800F33004F1200205F07EFA04F120016846FDF783
S3150800F34087FC384600F022FC00F1C004502005F086
S3150800F350EFF839460546FCF797FD302005F0E8F842
S3150800F360164A06463946FBF759FE3146204604F04A
S3150800F3700BFF05F13C0268461149FDF707FD2946D2
S3150800F380204604F001FF3846FCF771FF6846FDF792
S3150800F39044FD04B0BDE8F087F04E0208D4570208D1
S3150800F3A0004F02086059020864590208F44E020820
S3150800F3B0D0580208E8590208EC59020814620208F3
S3150800F3C0046202082DE9FF47804600F0DFFB064687
S3150800F3D0404600F054F900F56875382005F0A8F89D
S3150800F3E006F1C004074629460EF0AAFC394620460F
S3150800F3F004F0CAFE382005F09BF8294681460EF02F
S3150800F40051FD4946204609F1300904F0BDFEC6F80B
S3150800F41060901C2005F08CF84FF49A72074649460E
S3150800F420FBF706FD39462046143704F0ADFEB767EC
S3150800F430C6F88070102005F07BF83A466E4B6F4987
S3150800F44005F0F8F9382005F073F8294607460EF056
S3150800F45063FD39462046303704F096FEC6F89070AC
S3150800F460382005F065F8294607460EF08FFD39461F
S3150800F4702046303704F088FEC6F89870382005F024
S3150800F48057F8294607460EF01BFF394620463037FF
S3150800F49004F07AFEC6F8A070382005F049F8294627
S3150800F4A007460EF021F839462046303704F06CFE40
S3150800F4B0B762382005F03CF8294607460DF0EEFEFF
S3150800F4C039462046303704F05FFE3761382005F0AC
S3150800F4D02FF8294607460DF0A7FE3946204630374D
S3150800F4E004F052FE414637676846FDF79DFC6846BC
S3150800F4F0FDF748FA6846FDF71DFA6846FDF770FA03
S3150800F5006846FDF733FB6846FDF792FA6846FDF74D
S3150800F51079FB4C2005F00CF8294607460EF036FE16
S3150800F5203946204604F030FE07F1200A102004F080
S3150800F530FFFF5246324B334905F07CF907F128099B
S3150800F540102004F0F5FF4A462D4B2F4905F072F9B5
S3150800F550C6F850A0C6F8309007F13C016846FDF79A
S3150800F5609BFB07F144016846FDF79FFB274B029377
S3150800F57001230393DDE902126846FDF7A2FB482042
S3150800F58004F0D6FF294606460EF064FE31462046AC
S3150800F59004F0FAFD102004F0CBFF1D4B1D4906F1BF
S3150800F5A0200205F047F906F120016846FDF750FBF1
S3150800F5B0502004F0BDFF41460546FCF7C5FD302046
S3150800F5C004F0B6FF144A06464146FBF727FD3146C6
S3150800F5D0204604F0D9FD05F13C0268460F49FDF7BF
S3150800F5E0D5FB2946204604F0CFFD6846FDF715FCF5
S3150800F5F004B0BDE8F08700BFF04E0208D4570208F1
S3150800F600004F02086059020864590208E8590208BE
S3150800F610F44E0208EC590208706202088462020875
S3150800F62010B5034B0360044604F071FD204610BD77
S3150800F6309C62020810B50446FFF7F2FF204618211F
S3150800F64004F082FF204610BD10B50446C068036862
S3150800F6501B68984730B12069217D0368BDE81040D2
S3150800F6605B68184710BD006804307047006800F2F0
S3150800F67004607047006800F58550043070470068DC
S3150800F68000F59950183070472DE9F04F754B85B045
S3150800F6900446186000600430FAF70CF804F20460B7
S3150800F6A005F034FA04F5855604F58350043604F556
S3150800F6B0B46104F5995B043004F080FF0BF1180B74
S3150800F6C0304604F5FA5705F0A5FE1837584604F5EE
S3150800F6D00A5802F005FF08F10C0804F5B361624AFE
S3150800F6E0384604F50D5902F0B9FF09F118093946EB
S3150800F6F05E4A404609F022FF04F586615C4A4846A0
S3150800F70006F0B0FB04F50F53103304F500571846FE
S3150800F710019304F005FD574BC7F8D03309F13403BC
S3150800F720C7F8DC3304F50C53C7F8E033002387F831
S3150800F730E43304F50F53283318460BF568714E4A1F
S3150800F740039304F51A5A06F0A1FE04F515504A4A21
S3150800F7500AF1240A4146143006F0FCFD04F204615D
S3150800F76050460BF091FB04F51A532C3318460093B8
S3150800F7700CF004F804F51A50383004F0EFFD04F5DF
S3150800F7801B50211D1830FAF7B9F904F51E5001F07F
S3150800F79077FF04F51E50083004F030FE04F5835157
S3150800F7A004F51E500431203004F07AFF04F51E508B
S3150800F7B0314604F583552830083505F019FC0BF554
S3150800F7C068712E4806F0F0FE211D284604F0DCFC80
S3150800F7D03146284604F0D8FC04F1FC01304606F010
S3150800F7E021FA04F58E7231462548029206F0F6F99A
S3150800F7F004F1FC01304606F015FA0299304606F087
S3150800F8002BFA5946284604F0BFFC0399284604F00B
S3150800F810BBFC4146284604F0B7FC4946284604F096
S3150800F820B3FC0199284604F0AFFC009BC7F83C35A9
S3150800F830C7F89C3604F2046104F58450C7F838A565
S3150800F840C7F898A604F0A0FC04F2F45104F5845015
S3150800F85004F09AFC40460AF019F9204605B0BDE8BE
S3150800F860F08F00BF1813002078630208546302085B
S3150800F870D46202089C620208F4620208C0620208A6
S3150800F880AC62020838B5044600F51E50283005F06B
S3150800F8901DFC04F51E50083004F0E2FD04F51B506B
S3150800F8A01830FAF7EBF904F51A50383004F092FDDF
S3150800F8B004F51A502C300BF07DFF04F5005504F5BD
S3150800F8C01A5024300BF0D6FA04F51A52D5F89036A9
S3150800F8D0103200219A4239D1D5F8640520B1D5F8FD
S3150800F8E06C15091A04F030FE04F50F50283006F09E
S3150800F8F063FD04F50F501030FFF792FE164BC5F85E
S3150800F900583304F50D50183004F001FC04F50A507C
S3150800F9100C3008F059FC04F59950183002F0FCFD3B
S3150800F92004F58550043005F067FC04F5835004306F
S3150800F93004F09AFE04F2046005F07EF9201DF9F73A
S3150800F940C9FD064B00221A60204638BD1868C3E96F
S3150800F95000110346BEE700BF146A02081813002008
S3150800F96030B5D0E9003203EB82029A4201D1002079
S3150800F97006E053F8044B25888D42F6D184600120B1
S3150800F98030BD8088704781800120704708B540687F
S3150800F990FFF7E6FF08BD13B50C4672B91A680DF1F4
S3150800F9A006011269184690472368BDF806105B6879
S3150800F9B0204602B0BDE810401847002002B010BD2E
S3150800F9C010B51C4652B90B6808461B689847236849
S3150800F9D001461B6920469847012010BD0020FCE718
S3150800F9E043689B681888704783681B8823B1808B97
S3150800F9F0C01A18BF012070470120704710B5044689
S3150800FA00006810B10368DB689847204610BD0000FF
S3150800FA10284B2DE9F7431E6804463046FFF726FEB5
S3150800FA202549054604F04EFF2449284604F04AFFB6
S3150800FA302046FFF7D9FF074628B1284604F0CFFF2E
S3150800FA40284605F033F9A3684FF41070D3F80C90E4
S3150800FA5004F06EFD4946804608F078F8206AC4F836
S3150800FA6020800023019310B10368DB68984701A83A
S3150800FA70FFF7C4FFA36830465B689847A06831461D
S3150800FA8003691030984797B1284604F08FFF284637
S3150800FA9005F00CF9A36809491B88A383284604F0D6
S3150800FAA06BFF284603B0BDE8F04305F0FFB803B086
S3150800FAB0BDE8F08318130020E4630208E86302082F
S3150800FAC010B504462030FFF799FF204610BD000008
S3150800FAD038B5134BD3E90032C0E90032114B8360C5
S3150800FAE0114B124A8261C0E9033000230446C36100
S3150800FAF00362102004F01CFD04F10C020C4B0D49A6
S3150800FB0004F098FE102004F013FD0B4B0B4904F18A
S3150800FB10180204F08FFE2046FFF77AFF204638BD0C
S3150800FB20186402085C6E0208B4630208C46302081B
S3150800FB30E0630208E4630208F04E0208E86302087C
S3150800FB404068704741600120704738B51C4652B975
S3150800FB501B685D690B6808461B689847014620467E
S3150800FB60A847012038BD0020FCE713B50C465AB952
S3150800FB701A6801A9184652699047236801995B6873
S3150800FB802046984702B010BD0020FBE7036803F53E
S3150800FB900053D3F838087047006800F51F5008303E
S3150800FBA0704710B5044600F2046004F0C4FE62B65D
S3150800FBB004F583500430BDE8104004F03DBD000054
S3150800FBC02DE9F041044604F51F57FFF75DFD0121B5
S3150800FBD004F51F5005F03AFF083704F5B65204F548
S3150800FBE083511832043138460CF0F2F904F51F50E7
S3150800FBF004F61421343005F099F804F5205018302D
S3150800FC00FFF766FF04F5205004F500583C3006F06F
S3150800FC1031F8124BC8F84C380123C8F85038102070
S3150800FC2004F086FC04F5835504F521520C4B0D4966
S3150800FC300C32083504F0FEFD3946284604F0A4FACD
S3150800FC40D8F83818284604F09FFA04F51F512846B4
S3150800FC50343104F099FA2046BDE8F081F4630208CD
S3150800FC60106402081464020810B5044600F5205012
S3150800FC703C3005F0FEFF04F520501830FFF720FF52
S3150800FC8004F50053084AC3F8F42704F51F50343026
S3150800FC9004F03DFA04F51F5008300CF06BF92046C5
S3150800FCA0FFF7F0FD204610BD186802080148FFF767
S3150800FCB0DBBF00BF2013002010B504F047F970B170
S3150800FCC0084C2368DB0707D40748FFF779FF0123A9
S3150800FCD0064823600FF019F90348FFF762FF002072
S3150800FCE010BD00BF1C13002020130020ADFC000827
S3150800FCF0124B1A68002142F001021A6059601A680C
S3150800FD0022F0847222F480321A60D9621A6822F4C8
S3150800FD1080221A609960DA6842F00102DA60DA68CD
S3150800FD2022F00102DA609A6942F001029A61044BF4
S3150800FD30044A9A6062B6044ADA60704700100240C4
S3150800FD4000ED00E0009000080003FA051F4B5A6911
S3150800FD50D20010B50DD49A6A42F080529A629A6A15
S3150800FD6022F080529A625A6942F080525A61BFF371
S3150800FD704F8F8368164A23F040538360836843F0A5
S3150800FD808053836091689368CB1A23F07F435B2B7B
S3150800FD90F9D9836843F0004383608368002BFCDB52
S3150800FDA094680C499368E31A0B42FBD00A4A936895
S3150800FDB043F440039360836843F001038360074B71
S3150800FDC0436103F15043836110BD00BF0010024038
S3150800FDD010E000E0FEFFFF0000030050B66DDB36C2
S3150800FDE010B5D0F8B0402CB301684B681A6822F0F9
S3150800FDF001021A605A6812B9826801328260104A92
S3150800FE00934202D30F4A934215D90F4A934214D309
S3150800FE100E4A934211D80E4A406850600A685C60E0
S3150800FE200121D160196841F001011960936843F016
S3150800FE300403936010BD074AEEE700235B60FFDE0C
S3150800FE4008000240800002400804024058040240AC
S3150800FE5000040240000002400368194A5B689342A6
S3150800FE6010B5044621D3174A93421ED8164A536939
S3150800FE7043F001035361BFF34F8FBFF34F8F224601
S3150800FE804FF4165052F8101B4B6809681860403139
S3150800FE900020586099602046DA60FFF7A1FFA36842
S3150800FEA0E268934218BFE36010BD084A9342E2D362
S3150800FEB0074A9342DFD8044A536943F00203D9E755
S3150800FEC00800024080000240001002400804024078
S3150800FED0580402404B68294A934270B504460E46B8
S3150800FEE0016042D0264A934241D0264A934240D0E6
S3150800FEF0254A93423FD0254A934230D0244A93421A
S3150800FF002FD0244A93422ED0234A93422DD0234AF7
S3150800FF1093422CD0224A93422BD0224A93422AD08B
S3150800FF20214A93420CBF04234FF0FF330F229B0054
S3150800FF3002FA03F300256360A56020222946E560DE
S3150800FF4004F110000FF010F83068C4F8B050FFF74D
S3150800FF50FDFE23681B680122DA60204670BD042373
S3150800FF60E4E70523E2E70623E0E70023DEE70123CB
S3150800FF70DCE70223DAE70323D8E700BF08000240DC
S3150800FF801C00024030000240440002405800024073
S3150800FF906C00024080000240080402401C04024033
S3150800FFA03004024044040240580402402DE9F84354
S3150800FFB0D1F880C012681D7801EBCC06B24202D097
S3150800FFC01478AC420FD98A4226D1BCF1100F5F686B
S3150800FFD057D096423CD11570D1F88030576001331E
S3150800FFE0C1F8803007E0B41AE4103CB99642ECD068
S3150800FFF01478AC42E9D80260BDE8F883670802EBDA
S31508010000C70E12F83780A8453DBF04F1FF340EF13B
S315080100100802E41B3C46E8E712F8084CA542D4D886
S31508010020A2F1080E2FD0AEEB0104E4100A460CB972
S315080100307245DCE7670802EBC70812F83790A9454D
S315080100403DBF04F1FF3408F10802E41B3C46EEE724
S3150801005016F8084C01F83C4056F8044C7460D1F87F
S3150801006080400134A6F10803C1F880409A4202D1C2
S3150801007015705760BFE713F8081D19725968D960DA
S31508010080F4E70EF03BFF7246B5E7F0B5D1F88030DC
S3150801009043F31C030BB90160F0BD5C08167811F82F
S315080100A03470B74201EBC4053DBF03F1FF3305F1D7
S315080100B008011B1B2346EDE72DE9F041D0F8B050A6
S315080100C00446006800686A1C0523B2FBF3F300EBDB
S315080100D0830003EB830386B0D21A0623076B8DF8D8
S315080100E007105A43CEB29140394304F130080163EF
S315080100F00DF10702414604A8FFF7C7FF049B08EB69
S31508010100C50204EB4507934207F1100702D01A7896
S31508010110B2420BD900220592029302AA04AB4146C8
S3150801012003A88DF81060FFF741FF039B5F60236802
S315080101301A68136B23F00F032B43136306B0BDE84C
S31508010140F08130B585B000F1300405468DF8071009
S315080101500DF10702214603A8FFF797FFD5F8B0204E
S31508010160039B04EBC2049C4205D09DF807101A783C
S31508010170914238BF23465B68188805B030BD000038
S31508010180094B1A88094B1B884343B3FBF1F04FF41B
S315080101904873801A5843064B1B889B1A90FBF3F049
S315080101A000F5967000B27047B8F7FF1FBAF7FF1F40
S315080101B0C2F7FF1F38B5102104464068FFF7C1FF93
S315080101C0122105466068FFF7BCFF01462846BDE8CF
S315080101D03840FFF7D5BF000010B5074B0446C4E900
S315080101E0003108461021FFF767FF60681221FFF703
S315080101F063FF204610BD00BF8C640208037823B153
S3150801020043781B0183F31188704743780BB162B6B3
S31508010210704772B67047000037B5154D3523EB6048
S31508010220002441F201432B61ADF80440EFF310833A
S31508010230DB4303F001038DF8053072B60D4B5B689D
S315080102405A0705D501A8FFF7D9FF204603B030BDE7
S31508010250018001A8FFF7D2FFBFF35F8FEB68DB07C9
S31508010260FAD4EB6813F0140F0CBF01200020EDE758
S31508010270002002400070004000F0010210B482F034
S315080102800104E400FF23A340D400A140194310BC94
S3150801029089B2801AFFF7C0BF024B1869C0F3C010B4
S315080102A0704700BF002002400B4B00F5803041F239
S315080102B00242C0021A6158611A6942F040021A6183
S315080102C0BFF35F8FDA68D207FAD44FF4A0521A61E6
S315080102D03522DA60704700BF0020024008B50246A1
S315080102E0FFF7DAFF1346002103F8040B5160C3E94F
S315080102F00111C0B10D4B0E49596001F188315960A0
S31508010300BFF34F8FFFF7C8FF0028F9D109490B68DA
S3150801031043F0F0030B60084988688B68C31A23F019
S315080103207F432E2BF9D9104608BD00BF0020024095
S31508010330230167450070004010E000E0037B10B51B
S3150801034004461BB101798068FFF796FF23781BB134
S31508010350024B4FF4A4521A61204610BD00200240F8
S3150801036002F1784210B5013A01F17844E40A1144E0
S31508010370B4EBD12F01D9012010BD2046FFF794FF18
S315080103800134F5E72DE9F3410646884615461F4629
S315080103904BB3037B7BB380683179431C434526D134
S315080103A015F8013B41EA8301FFF736FF08F101041D
S315080103B0D0B1337B0BB100233373474427F00108CF
S315080103C02D1B444505EB040317D3BC420BD200226F
S315080103D0317B00921A788DF800200194A9B19DE825
S315080103E00300C6E90101012002B0BDE8F081FFF76B
S315080103F043FF4446DCE70C46DFE7295B2046FFF767
S315080104000BFF0028F0D00234DBE79DE80300012347
S31508010410C6E901013373E6E74368184791F90030E5
S3150801042030B50A460124590903F01F039C40154DAE
S3150801043001F1200345F82340BFF34F8FBFF36F8FB8
S31508010440114C92F9003003C804EBC30484E8030095
S31508010450002BB8BF0D485178BABF03F00F031B181C
S315080104605B194FEA0111B4BF197683F8001392F9A3
S3150801047000300122590903F01F0302FA03F345F874
S31508010480213030BD00E100E008100020FCEC00E05E
S3150801049090F9003001215A0903F01F03994002F12E
S315080104A02003094A42F82310BFF34F8FBFF36F8F1A
S315080104B0064A90F90010064B03EBC10392E80300C4
S315080104C083E80300704700BF00E100E09464020876
S315080104D0081000200368184708B50248FFF7FAFF15
S315080104E008BD00BF0810002008B50248FFF7F2FF53
S315080104F008BD00BF1010002008B50248FFF7EAFF43
S3150801050008BD00BF1810002008B50248FFF7E2FF32
S3150801051008BD00BF2010002008B50248FFF7DAFF22
S3150801052008BD00BF2810002008B50248FFF7D2FF12
S3150801053008BD00BF3010002008B50248FFF7CAFF02
S3150801054008BD00BF3810002008B50248FFF7C2FFF2
S3150801055008BD00BF4010002008B50248FFF7BAFFE2
S3150801056008BD00BF4810002008B50248FFF7B2FFD2
S3150801057008BD00BF5010002008B50248FFF7AAFFC2
S3150801058008BD00BF5810002008B50248FFF7A2FFB2
S3150801059008BD00BF6010002008B50248FFF79AFFA2
S315080105A008BD00BF6810002008B50248FFF792FF92
S315080105B008BD00BF7010002008B50248FFF78AFF82
S315080105C008BD00BF7810002008B50248FFF782FF72
S315080105D008BD00BF8010002008B50248FFF77AFF62
S315080105E008BD00BF8810002008B50248FFF772FF52
S315080105F008BD00BF9010002008B50248FFF76AFF42
S3150801060008BD00BF9810002008B50248FFF762FF31
S3150801061008BD00BFA010002008B50248FFF75AFF21
S3150801062008BD00BFA810002008B50248FFF752FF11
S3150801063008BD00BFB010002008B50248FFF74AFF01
S3150801064008BD00BFB810002008B50248FFF742FFF1
S3150801065008BD00BFC010002008B50248FFF73AFFE1
S3150801066008BD00BFC810002008B50248FFF732FFD1
S3150801067008BD00BFD010002008B50248FFF72AFFC1
S3150801068008BD00BFD810002008B50248FFF722FFB1
S3150801069008BD00BFE010002008B50248FFF71AFFA1
S315080106A008BD00BFE810002008B50248FFF712FF91
S315080106B008BD00BFF010002008B50248FFF70AFF81
S315080106C008BD00BFF810002008B50248FFF702FF71
S315080106D008BD00BF0011002008B50248FFF7FAFE61
S315080106E008BD00BF0811002008B50248FFF7F2FE51
S315080106F008BD00BF1011002008B50248FFF7EAFE41
S3150801070008BD00BF1811002008B50248FFF7E2FE30
S3150801071008BD00BF2011002008B50248FFF7DAFE20
S3150801072008BD00BF2811002008B50248FFF7D2FE10
S3150801073008BD00BF3011002008B50248FFF7CAFE00
S3150801074008BD00BF3811002008B50248FFF7C2FEF0
S3150801075008BD00BF4011002008B50248FFF7BAFEE0
S3150801076008BD00BF4811002008B50248FFF7B2FED0
S3150801077008BD00BF5011002008B50248FFF7AAFEC0
S3150801078008BD00BF5811002008B50248FFF7A2FEB0
S3150801079008BD00BF6011002008B50248FFF79AFEA0
S315080107A008BD00BF6811002008B50248FFF792FE90
S315080107B008BD00BF7011002008B50248FFF78AFE80
S315080107C008BD00BF7811002008B50248FFF782FE70
S315080107D008BD00BF8011002008B50248FFF77AFE60
S315080107E008BD00BFA011002008B50248FFF772FE38
S315080107F008BD00BFA811002008B50248FFF76AFE28
S3150801080008BD00BFB011002008B50248FFF762FE17
S3150801081008BD00BFB811002008B50248FFF75AFE07
S3150801082008BD00BFC011002008B50248FFF752FEF7
S3150801083008BD00BFC811002008B50248FFF74AFEE7
S3150801084008BD00BFD011002008B50248FFF742FED7
S3150801085008BD00BFD811002008B50248FFF73AFEC7
S3150801086008BD00BFE011002008B50248FFF732FEB7
S3150801087008BD00BFE811002008B50248FFF72AFEA7
S3150801088008BD00BFF011002008B50248FFF722FE97
S3150801089008BD00BF0812002008B50248FFF71AFE76
S315080108A008BD00BF1012002008B50248FFF712FE66
S315080108B008BD00BF1812002008B50248FFF70AFE56
S315080108C008BD00BF5812002008B50248FFF702FE0E
S315080108D008BD00BF6012002008B50248FFF7FAFDFF
S315080108E008BD00BF6812002008B50248FFF7F2FDEF
S315080108F008BD00BF90120020014B0248C01A70477C
S31508010900E08F000800900008F8B5224F3D78FF2DCA
S31508010910044605D1204B0360072363602046F8BDD2
S3150801092025B11E4BDB1B013B9D4203D91C4B2360A2
S315080109300923F2E77B1C58191E468342194606D03D
S315080109400A78613AD2B2192A03F10103F5D8884225
S3150801095002D1C4E90065E1E7124E72682AB9284650
S3150801096003F0E8FDC6E900052A4631680846561827
S3150801097017F8013FA3F12005A3F1610CEDB2BCF113
S31508010980190F98BF2B4600F8013B8642F0D1C4E9FE
S315080109900012C3E7E08F0008A5640208009000086A
S315080109A09C640208783B0020064B074A9A4218467F
S315080109B004D00178FF2903F10103F7D0831A5842BD
S315080109C058417047E08F00080090000870B586B05E
S315080109D0CDE90001FFF7E8FF18B90025284606B05A
S315080109E070BD009C21780029F7D0164B164DED1ADB
S315080109F06B1E9942F1D80123E25C203AD2B25E2AF3
S31508010A00EBD801339942F7D202A8FFF767FC2B46C8
S31508010A1022460C4902A8FFF7B5FC054602A8FFF7CE
S31508010A208DFC02A8FFF770FF2278039B9A42D4D166
S31508010A30029900239A42D1D9C85C0133E65C864201
S31508010A40F8D0CAE7E08F00080090000838B50546D7
S31508010A500C4600F0C3F9297B2046BDE83840FFF76C
S31508010A602BBB08B50B46017B1846FFF76AFB08BD89
S31508010A7038B5D0E90454FFF7F4FF641B05D0604389
S31508010A8048BF00F6FF7005EB203505F30F0000B2ED
S31508010A9038BDD0E90110FFF7EBBF000010B5054BD3
S31508010AA08260C0E9003104461046FFF7CFFF2046B1
S31508010AB010BD00BFB4640208704700F5807340F8A2
S31508010AC0041B8342FBD1704708B58068034A00239B
S31508010AD0A0FB01010EF070F808BD00BF40420F00EF
S31508010AE04A1C08B50346084606D004499A68A0FB7D
S31508010AF0010100230EF060F808BD00BF40420F0057
S31508010B0003685B685B68C3F13F0303F03F0203F0C8
S31508010B100103994214BF02F1FF33134600EB820227
S31508010B2018BF03F03F03D16800EB83000131C268A7
S31508010B3004D0013208BF4023184670474023FBE71B
S31508010B402DE9F04F85B0CDE90023002304460E4672
S31508010B509046ADF80C30EFF31083DB4303F0010345
S31508010B608DF80D3072B69DF838103046FFF7C8FF7C
S31508010B7040280DD14FF0FF332360C4F804800021CB
S31508010B80A16003A8FFF73AFB204605B0BDE8F08F40
S31508010B9006EB8003D3F80CB073685D6AA5EB0B0509
S31508010BA015F0804207D04FF0FF3106F10C00FFF730
S31508010BB084FF2160E1E7A0F13E09DDF804A025F0F4
S31508010BC0004509F03F091146484519D0514517D244
S31508010BD000F1FF3C0CF03F0C0CF1FF3000F03F0038
S31508010BE006EB800706EB8C03DB68D7F80CE0376861
S31508010BF07F687F68C7F13F0707F03F07B84202D110
S31508010C00C4E90058BCE7BC45FAD05F1CF8D0BEF170
S31508010C10FF3FF5D0A3EB0E07ABEB0303DDF840B0BE
S31508010C2023F000439B4527F000476FEA020C11D8D1
S31508010C30DDF83CB0BB450DD808EBC10BBC4594BFEC
S31508010C406244D21948F83120CBF804300131002228
S31508010C50F346B9E73B44634594BFD2186244F7E7C4
S31508010C602DE9F743494B0F680260144600F10C065B
S31508010C70836047604FF480720021054630460EF0C6
S31508010C8073F92278396A92000B2393400B43404A41
S31508010C903B62636893425DD33E4A93425AD83E4AC1
S31508010CA0536943F001035361BFF34F8F636842F6FB
S31508010CB0A0221A6040225A6020786A6800F10D0164
S31508010CC002EB81019960DE60196841F00101196042
S31508010CD0D1684FF4007383400B43D360237A1BB961
S31508010CE004F10C0000F07AF80023ADF80430EFF3B4
S31508010CF01083DB4303F001038DF8053072B64FF01C
S31508010D00020804F10C0722786B680C3203EB8203A4
S31508010D10D3F80490237A43B3E368186800F0804057
S31508010D202278D5F804C0636802F10C010CEB810145
S31508010D305B6849688945E6D10038C3F13F0318BFA6
S31508010D40012003F00103984213D008FA02F2CCF805
S31508010D501420D8E7114A9342A6D3114A9342A3D83D
S31508010D600D4A536943F002039DE7384600F0D2F86D
S31508010D70D6E74FF0FF313046FFF79FFE01A8FFF790
S31508010D803DFA284603B0BDE8F08300BF00A24A0435
S31508010D900800024080000240001002400804024098
S31508010DA0580402400268138843F001031380704710
S31508010DB038B50C46054601600846F8F7C5FF6FF0D9
S31508010DC00043E3620123636147F27113A361284675
S31508010DD0E36138BD036800221A61704703682DE98B
S31508010DE0F041002B5ED0444A93425DD1434A536990
S31508010DF043F400335361BFF34F8F002203240F25B9
S31508010E00012683881341DB0749D5036890F806E074
S31508010E1019684FEA420C04FA0CF70EFA0CF821EAA3
S31508010E2007010EF1FF3E41EA0801BEF1010F196003
S31508010E3015D8998806FA02FE21EA0E0190F809E00A
S31508010E400EFA02FE41EA0E019980D3F808E0817A8A
S31508010E502EEA070E01FA0CF141EA0E019960D3F860
S31508010E600CE0017A2EEA070701FA0CF13943D96039
S31508010E70C179A1B14FEAD20C03EB8C039700D3F8E1
S31508010E8020C007F01C0705FA07FE2CEA0E0CC3F86A
S31508010E9020C0D3F820C0B94041EA0C0119620132D9
S31508010EA0102AAED1BDE8F081154A934204D1134AFE
S31508010EB0536943F480239DE7124A934204D10F4AAA
S31508010EC0536943F4002395E70F4A934204D10B4A29
S31508010ED0536943F480138DE70C4A934204D1074AB8
S31508010EE0536943F4001385E7094A934283D1034AB8
S31508010EF0536943F480037DE700000048001002406F
S31508010F000004004800080048000C0048001000488A
S31508010F1000140048036882881B8A1A4214BF0120FC
S31508010F2000207047838801B91B04026893617047E2
S31508010F30036882889B8A1A4214BF012000207047E1
S31508010F4073B500249C4201D102B070BD71B10E5D2A
S31508010F5045682E732E89F607FCD52D7B8DF807502B
S31508010F6012B19DF8075015550134EBE70E46EFE728
S31508010F70F8B52B4B03600B684360D1E903430C2298
S31508010F8006460D4602FB0347A74230D17368254A38
S31508010F90934231D1244A936943F480539361234A96
S31508010FA0BFF34F8F686800231946013300FA03F42B
S31508010FB0944202D8082BF7D119462B7A687A7268B7
S31508010FC0002B0CBF04230623034343EAC10343F45E
S31508010FD0407313804FF4B8539380138843F040034A
S31508010FE01380938843F0040393803046F8BD204666
S31508010FF0FFF7F4FE0C34C7E70D4A934206D10A4AB5
S31508011000D36943F48043D3610A4AC9E70A4A93423A
S3150801101004D1054AD36943F40043F4E70022BFE744
S31508011020C4640208003001400010024000A24A04CC
S315080110300038004000512502003C004003681B6847
S31508011040D86A20B1DB6A02480133B0FBF3F0704776
S31508011050A0252600036800EB4100B3F91630828902
S3150801106002FB03F040F30F307047036800EB4101C0
S31508011070B3F916301203B2FBF3F282F30C028A813A
S315080110800120704721B903681B68D962012070479E
S3150801109002680D4B1268B3FBF1F30C498A4203F15E
S315080110A0FF3305D0B3F5803F02D30023D362EDE7C2
S315080110B0D16A8B42EAD0D16AD36211B1516A8B42A5
S315080110C0E4D201235361E1E7A02526000000004090
S315080110D04068FFF7B3BF4068FFF7D4BF4068FFF722
S315080110E0C4BF4068FFF7B6BF0346002153F8042B77
S315080110F0126811614268184610474068FFF7F4BF45
S315080111000220704743681B681B68586A7047436822
S315080111101B681B68D86A704773B50546044655F8B7
S31508011120040B0E460430FFF7B3F996E8030085E889
S3150801113003002168074B04316846CDE90034FFF7FF
S315080111406DF923681A68D36843F00103D36002B0C6
S3150801115070BD00BFFB100108F8B53A4B43603A4B26
S3150801116083603A4BC3603A4B0160C0E90430394B9E
S31508011170C0E90630384BC0E90830384BC0E90A30B7
S31508011180D1E902630C2204460D4602FB0367B74206
S3150801119049D12868F8F7D8FD2B6880221A8040F2D1
S315080111A01F121A8501225A612A69002A35D02C484C
S315080111B0C36943F00053C361BFF34F8F294B2E7D9B
S315080111C019680322B2400A431946143341F8082B19
S315080111D0002E18BF19460023234A0B602B69934238
S315080111E026D3224A934223D8436943F00103436134
S315080111F0BFF34F8F2B6943F2B0521A6002225A602D
S3150801120004F10C029960DA601A6842F001021A6068
S315080112102B68DA6842F48072DA601A8842F00102B1
S315080112201A802046F8BD3046FFF7D8FD0C36AEE7E2
S315080112300F4A9342DCD30F4A9342D9D8436943F004
S315080112400203D4E719040108314301080000FF0F1E
S31508011250D0640208E0640208F06402080065020826
S31508011260001002400074004008000240800002405D
S31508011270080402405804024010B5044600680430C8
S31508011280FFF706F9204610BDC368006C9B680A2261
S315080112905343B3FBF0F07047416CC068FFF720BCBD
S315080112A0016CC068FFF71CBC10B5034B036004460C
S315080112B002F02DFF204610BD5465020810B50446FC
S315080112C0FFF7F2FF2046482103F03EF9204610BDFC
S315080112D04068FFF7E1BFF0B5427CC9B001320AA9FF
S315080112E0CDE905128269029242690192027C009255
S315080112F00446DDE90523C16807A8FFF721FCE6696D
S31508011300079BB34206D34FF0FF3323640020606482
S3150801131049B0F0BDDDE9083003EBC0001D461946AA
S31508011320814204D00A4652F8087BBE4219D8CA1A25
S31508011330082A4FEAE2001CD95A68A1F1080E0833B7
S315080113404FF0000C73450ED102EB0C0351F8082C33
S315080113501344421EB3FBF2F323640028D7D00023BB
S315080113600DE01146DCE7D3E900673E44B44408338F
S31508011370E8E74FF0FF33EFE76A68083513448D4213
S31508011380FAD1B3FBF0F0C2E708B54368596C1A6C99
S315080113904FF47A700023A1FB00010DF00DFC80B219
S315080113A008BD4068FFF770BF4068FFF779BF0000C6
S315080113B070B5044616460D4602F0B2FE134B23607D
S315080113C0338823827168E5602846FFF77DFBB1689B
S315080113D060612846FFF778FB0D49A0612846FFF7AB
S315080113E073FB0C4BE061C4E908340B4BC4E90A34BE
S315080113F00A4BC4E90C340A4B4FF0FF32C4E90E34E8
S315080114000023C4E91023204670BD00BF54650208B5
S3150801141090D00300146502082465020834650208A1
S3150801142044650208836840681B684FF47A7253431F
S31508011430B3FBF0F080B27047B1F57A7F0DD84368F7
S315080114405943013B4FF47A72B1FBF2F1994228BF35
S31508011450194683680120196070470020704700000B
S315080114602DE9F8430A69284F0446086807EB520331
S31508011470B3FBF2F3254A23610E4600F13401C4E9B0
S31508011480021200F13801C4E90023C4E90512E36137
S3150801149000F13C01A362B04600F14003E362C4E9EE
S315080114A00812F8F751FC336958F8125B07EB530732
S315080114B006F11A09B7FBF3F7EF62274638F8021F58
S315080114C03846FFF7B9FFC14507F10C07F6D10123E5
S315080114D06B612B8041F211132B6246F66803AB61EF
S315080114E0EB614FF400436B64D6E902560C2303FB08
S315080114F00656AE4202D12046BDE8F8832846FFF7D4
S315080115006DFC0C35F5E700BF0054EA2A6C65020844
S3150801151070470000054B1860C0435860BFF35F8FE2
S31508011520BFF34F8F024B034ADA607047C09F002012
S3150801153000ED00E00400FA0510B5174C236813F016
S31508011540010F164B16D116494A680868D2439042CC
S3150801155018BF09221A70134A506A00010CD50220D5
S31508011560187018780860C04348604FF0807151625E
S3150801157001222260187810BD506A800001D5032027
S31508011580EEE7506A400001D50420E9E7506A0028D1
S31508011590E7DA0520E4E700BF803B0020843B002012
S315080115A0C09F0020001002400B6808469B68184738
S315080115B04368585C7047436801205A5470478068ED
S315080115C070470020704707B56846FFF79DF90198EF
S315080115D003B000BD13B568460C46FFF795F9009BA5
S315080115E0185D02B010BDF8B51D460B6808469B6824
S315080115F016460C469847B0420BD92B689F68236854
S3150801160031461B682046984701462846B8470120B7
S31508011610F8BD0020FCE773B51E460B6808469B68B3
S3150801162015460C469847A8420ED933680DF10701AD
S315080116309B683046984723689DF807205B682946CA
S315080116402046984702B070BD0020FBE782B049B139
S31508011650D0E900239B1ACDE90023DDE9000102B098
S31508011660FFF7B4B9012002B070474068FFF7EEBF33
S315080116704068FFF7A8BF4068FFF7ACBF0020704776
S31508011680F8B5234B0646C0E90030102002F050FF9A
S31508011690204B2149324603F0CDF8FFF785F990B37F
S315080116A0202002F045FF0446FFF726F9051E02DA57
S315080116B01A480DF02DFA28D002F03AFF4719206092
S315080116C0A76025B12A46FF210DF04EFC384623684E
S315080116D0134A6060C4E90323C01A124B6061C4E966
S315080116E00634102002F024FF0A4B0F4904F10C02BC
S315080116F003F0A0F8102002F01BFF0C4B0C4904F173
S31508011700180203F097F83046F8BD2846D6E700BF19
S315080117107C650208C0650208CC65020820630208D8
S3150801172090650208A4650208C8650208F44E020815
S31508011730C4650208C0EBC003B0EBD30307D0023877
S31508011740834204D8082B28BF08231846704701206E
S31508011750704703695B689869000E704703695B689F
S315080117609869C0F307407047002070478088704722
S3150801177038B5144B036004460069134D4268134B90
S31508011780551B19696A426A4141EA42611961196937
S31508011790083021EA42621A61FEF77AFE20690A30A8
S315080117A0FEF776FE20690C30FEF772FE04F58763B4
S315080117B0C4F848382046C4F84C3802F0A8FC20463C
S315080117C038BD00BF086602080064004000100240E8
S315080117D010B50446FFF7CCFF20464FF4086102F026
S315080117E0B3FE204610BD0000037F10B5044693B929
S315080117F003695B685B68DB070DD4C06800F0BCFD54
S3150801180021694B68096903225A61034A13680B4324
S3150801181013600123237710BD000401404068FFF7D8
S315080118209DBFC3888B4205D803898B4202D3818029
S3150801183001207047002070474068FFF78ABF0A6891
S31508011840C2F3807310B55B00C2F31C04920046BF55
S3150801185043EAC40343F0040343EA445303600B79A0
S3150801186043608B688360CB68C36010BD1FB504698C
S31508011870C0682468CDE901239DF80C300A4664F353
S31508011880020301A98DF80C3000F0A2FD04B010BDC9
S3150801189038B5B0F8543848F6A0410446192201EB88
S315080118A05301B1FBF3F1B1FBF2F302FB1313551E1E
S315080118B0A3B91046FFF73EFF04280FD8C2EBC203AF
S315080118C0B2EBD30306D0901E834203D8082B02D964
S315080118D02A46E8E70123EB1A102B20D9022D2A46BE
S315080118E0E1D11922B1FBF2F302FB1313BBB1013AA1
S315080118F0022AF7D119220D46104601EB5003B3FB14
S31508011900F0F34343994234BF5B1ACB1AAB4238BF53
S3150801191002460138AB4238BF1D460228EDD11046B2
S31508011920FFF708FF236901EB52010428B1FBF2F125
S31508011930A2F102025C68A2EB0002034628BF042357
S31508011940013B120442EA0362013842EA00520139B4
S315080119500A43E26138BD000037B500F58763C0F870
S315080119604838C0F84C3800230169A0F86838A0F84F
S315080119706038194B0446CDE9003008316846FEF750
S315080119804DFD2169154B0A316846CDE90034FEF74C
S3150801199045FD2169124B0C316846CDE90034FEF745
S315080119A03DFD23695D682B6823F002032B602B68D4
S315080119B043F001032B606B68DB07FCD52B6843F00A
S315080119C040032B602046FFF763FF2B6823F00103D2
S315080119D02B6003B030BD00BF851C0108DF1B010861
S315080119E0E11C0108F0B5034600224FF0080CFF2759
S315080119F000240025160101328159412A01F00041CE
S31508011A00815103F1100303F80CCC03F80B7C43E96D
S31508011A100245EFD1C0F81004C0F81404F0BD000067
S31508011A2070B5044616460D4602F07AFB2C4B236028
S31508011A3073685B0103F1844303F52073C4E9035614
S31508011A40636100250433A361257704F12000FFF7BC
S31508011A50C9FF04F58760FFF7C5FF224BC4F8503864
S31508011A60214BC4F854384FF47A73C4F85858A4F87B
S31508011A7058381E4BC4F85C38C4F864381C4B726875
S31508011A80C4F86C381B481C4BC4F874381B4BC4F893
S31508011A906058101A1969C4F868584242424141EA25
S31508011AA0426119611969C4F8704821EA42611961EC
S31508011AB0D969C4F8784841EA4262DA61BFF34F8FBF
S31508011AC02369D3E905560C2303FB0656AE4201D119
S31508011AD0204670BD2846FFF781F90C35F6E700BFA9
S31508011AE008660208D8650208F4010A00AC51020822
S31508011AF0E865020800640040F86502080010024023
S31508011B000B6800F58262103393420CBF08600B60C4
S31508011B1070470000F8B50446EFF31187802383F375
S31508011B201188D0F84828D0F84C389B1A1D11002B7B
S31508011B30B8BF41353F2D11D8D0F84C680FC986E892
S31508011B400F0004F64C0104F58760FFF7D9FF2DB99C
S31508011B50236993F90A20044BC3F8002E07F0F0070E
S31508011B6087F31188F8BD00BF00E100E02DE9F041D7
S31508011B70044600254FF080674FF0010823695E6827
S31508011B80B36807FA05F21A4224D0EB0008FA03F300
S31508011B90B360D4F84828D4F84C389A421AD006F5D6
S31508011BA0C070D4F8481800EB051006EB0516FFF7C8
S31508011BB046FE04F6480104F58760FFF7A1FFD6F84B
S31508011BC0803143F00103C6F88031B4F8683801332F
S31508011BD0A4F868380135032DD0D1BDE8F0814068F5
S31508011BE0FFF7C4BF2DE9F041254D044600F23447FD
S31508011BF023695A68D3689B0701D1BDE8F081D4F8F7
S31508011C003014D4F834345B1A1911002BB8BF41319A
S31508011C103F292CD8D2F8B03113F00401C3F34000A0
S31508011C201ABF0121DB085B0D43EA417343EA80735E
S31508011C30D2F8B401D2F8B41163F31E08D4F83434D7
S31508011C40D2F8B8E1D2F8BCC1C3F8008000F00F029F
S31508011C501A710A0AC3E902EC5A71394604F12000DD
S31508011C60FFF74EFFB4F860380133A4F860382269EB
S31508011C70536812692021D9602B6913432B61B7E791
S31508011C80000401404068FFF7ADBF000070B5044687
S31508011C90D4F83024D4F8343421699A4211D10F4B3F
S31508011CA008691A6922EA00021A610A695A61D4F8AE
S31508011CB03004D4F8341488421EBF19690A431A61DC
S31508011CC070BDE068D4F83024096800F0C1F904F55C
S31508011CD0866104F12000FFF713FFD9E700040140EC
S31508011CE04068FFF7D3BF80EA010333F0604309D1A7
S31508011CF0C1F3076181EA106111F0600F0CBF012081
S31508011D00002070470020704710B50A460446096846
S31508011D100068FFF7E8FF60B151686068FFF7E3FF05
S31508011D2038B1237A127A534013F0070F0CBF0120FA
S31508011D30002010BDC2780368C2F3801040009206E5
S31508011D40C3F31C0346BF40EAC30040F0040040EA5F
S31508011D5043507047C2780368C2F380119206C3F3F1
S31508011D601C030BD54FF6E07202EA5332C3F3C233B2
S31508011D70134343EA011343F008007047580180B240
S31508011D8040EA01107047C2780368C2F38010C2F3B3
S31508011D904012D200C3F31C0342EA001249B14FF6BE
S31508011DA0E07101EA53310A43C3F3C2301043C04319
S31508011DB07047580180B2104340F00700F7E74268C0
S31508011DC0C37832F06042C3F3401302D1C279520696
S31508011DD001D5D81C7047C3F10200704770B50B7A5C
S31508011DE0047A43F3020244F302069642054624DBCB
S31508011DF05C4014F007041ED1FFF7E1FF06460846CA
S31508011E00FFF7DDFF864218DB19D1EB78CA78C3F3F1
S31508011E108016C2F3801086420FD353405B060ED458
S31508011E2028680B68C0F31C00C3F31C0398422CBF37
S31508011E300020012070BD0020FCE70120FAE72046BA
S31508011E40F8E700002DE9F84F15460A687E4C012689
S31508011E50013B074688469640032B27D8DFE803F05F
S31508011E6002387BB8D4F804323343C4F80432D4F8C0
S31508011E700C323343C4F80C322868431C2B60D1F862
S31508011E80009007EB0010FFF755FF09F1480944F8E0
S31508011E9039002868431C2B60D8F8005007EB00105E
S31508011EA0FFF748FF483504EBC5056860D4F81432D6
S31508011EB023EA0603C4F81432D4F81C321E43C4F8C4
S31508011EC01C62D8F800300133C8F80030BDE8F88F35
S31508011ED0D4F804323343C4F80432D4F80C3223EA72
S31508011EE00603C4F80C32D5F8009009F101032B60FA
S31508011EF000EB0910FFF72EFF4FEA091B09F1020350
S31508011F0082460BF110002B603844FFF723FFD8F8FF
S31508011F10003048334AEA004044F83300D5F80090C7
S31508011F2009F101032B6007EB0910FFF713FF4FEACD
S31508011F30091B09F1020382460BF110002B60384494
S31508011F40FFF708FFD8F80030483304EBC3034AEA21
S31508011F5000405860AAE7D4F8043223EA0603C4F815
S31508011F600432D4F80C3223EA0603C4F80C322B687F
S31508011F7000EB03194846FFF7EDFE99F80310824670
S31508011F80C1F3401109F10400FFF7FDFED8F800304E
S31508011F9048334AEA004044F833002B68013307EB1B
S31508011FA003172B603846FFF7D5FEF9788146C1F34A
S31508011FB04011381DFFF7E7FED8F80030483304EB27
S31508011FC0C30349EA004058602B6801332B606DE76B
S31508011FD0D4F8043223EA0603C4F80432D4F80C32DE
S31508011FE03343C4F80C322868D1F8009007EB001087
S31508011FF0FFF7A0FE09F1480944F839002B68D8F81B
S31508012000001007EB0317FA797868FF78C2F34013D3
S315080120109B00BF06C0F31C00C2F380125BBF43EAF4
S31508012020405343EA420343EAC003084A46BF43EA28
S31508012030420343F001021A4301F1480304EBC303C7
S31508012040D2435A60C0E700BF00640040F9FF1F0091
S3150801205038B5537900EB03101546C46804B938BD81
S315080120606368201D294698472468F7E7054A00232F
S31508012070C0F88033D2F8003243F00103C2F80032C7
S31508012080704700BF0064004038B50446006808B9C7
S31508012090204638BD05680C2102F056FA2846F6E7AF
S315080120A037B50022034618461B6863B15D680C689C
S315080120B0A542F8D19D684C68A542F4D11C68046014
S315080120C01A601A46EEE701A80192FFF7DDFF03B091
S315080120D030BDD0F8803370B50E4600EB03150446C3
S315080120E0A54200D170BD04F10C003146FFF7D8FFB7
S315080120F01034F5E738B50446006808B9206038BDDC
S3150801210005680C2102F020FA2846F6E7F8B50646D6
S315080121100C46151F0027A64200D1F8BD54F8103CFD
S3150801212045F80C3C54F80C3C45F8083C14F8083CB6
S3150801213005F8043C2846FFF7DDFF54F8043C45F84A
S315080121401039103CE760E6E72DE9FF41D0F88063D6
S3150801215000EB0114382E074604F110053AD000EBBE
S3150801216006139D4206F101060AD194E807000023E9
S3150801217085E80700EB60C7F8806304B0BDE8F08125
S31508012180A3F1100C9CE807004FF0000883E807004C
S3150801219053F8042CDA6043F8048C61461A4628463B
S315080121A0C7F88063FFF7B2FF94E807008DE80700D8
S315080121B06B4603CB1B78206104F11C0069602B7206
S315080121C0FFF798FFC4F81C8003A8CDF80C80FFF729
S315080121D05BFFD2E70CF092FE2DE9F04F1D4685B064
S315080121E01B68D0F880830193044617469B46C3456E
S315080121F028D204EB0B10027A42F302028A4206D174
S31508012200FFF7DDFD012802D10BF1010BEFE75E4671
S31508012210464506D204EB0610027A42F302028A42C6
S3150801222012D0B146C14567D204EB0910027A42F3CE
S3150801223002028A420ED1FFF7C2FD03280AD109F12B
S315080122400109EFE75E46ECE7FFF7B9FD0228E8D199
S315080122500136DDE7CA46C24550D3019BABEB0308FD
S31508012260AAEB0903A6EB0B0B0393A9EB060628F0C9
S315080122700103019326F001030BF0030902934FF0C2
S31508012280000ABAEB580F47D1019B984509D029682E
S315080122902046FFF759FF01232A4639462046FFF70C
S315080122A0D1FD4FF00008B8EB9B0F3ED1B9F1010FF4
S315080122B044D129682046FFF747FF01232A463946B4
S315080122C02046FFF7BFFD4FF00008B8EB560F42D185
S315080122D0029B9E4209D029682046FFF735FF032352
S315080122E02A4639462046FFF7ADFD0026039B9E4246
S315080122F03AD105B0BDE8F08FCA46AEE704EB0A103D
S31508012300027A42F302028A42A7D1FFF758FD04284E
S31508012310A3D10AF1010A9EE701232A463946204636
S31508012320FFF790FD0AF1010AABE702232A4639466F
S315080123302046FFF787FD08F10108B4E7B9F1020F56
S31508012340BBD0B9F1030FBED1296820460131FFF789
S31508012350FBFE0223B2E703232A4639462046FFF746
S3150801236071FD08F10108B0E704232A4639462046DB
S31508012370FFF768FD0136B9E713B50C4CD4F80032FE
S3150801238013F001034FF000010ED001AB6A46CDE907
S315080123900011FFF721FFD4F8003223F00103C4F836
S315080123A00032012002B010BD1846FBE70064004068
S315080123B010B50C200C4602F0BBF80346002143F881
S315080123C0041B024694E8030083E80300104610BD87
S315080123D02DE9F04FD0F8805385B080460F469146D7
S315080123E045F31B0A0446BAF1000F19DC08EB05167A
S315080123F0A6423FD039462046FFF786FC824600288A
S315080124003CD0E5682B466BB35968D9F80020914250
S3150801241004D19968D9F80420914220D01B68F2E7C3
S315080124204FEA6A0604EB061B39465846FFF7D6FCFF
S3150801243020B1AAEB06060BF11004013EB246D2E71B
S3150801244097E8070084E807002046002340F80C3F78
S315080124504946FFF7ADFF0135E060C8F8805305B07E
S31508012460BDE8F08F494604F10C00FFF7A1FF0560AE
S31508012470E060F4E7382DE3D10CF040FD382DFBD0B0
S31508012480A6F1100393E80700013586E8070056F818
S31508012490042CF26046F804AC194632462046C8F8C0
S315080124A08053FFF733FE97E807008DE80700494692
S315080124B003A8CDF80CA0FFF77BFF6B46064603CBB6
S315080124C01B782060616004F10C002372FFF712FE8D
S315080124D0E66003A8CDF80CA0FFF7D6FDBFE700001C
S315080124E070B50446254601F075FE094B45F8183BBB
S315080124F02846FFF7BBFD074A294604F56870FFF72A
S315080125008FFA204604F5687101F03EFE204670BD3B
S315080125102066020848660208F8B5124B0360124B9A
S315080125201A6942F000721A611A69044622F00072A9
S3150801253000F568701A61FFF71BF9D4F8985304F18E
S31508012540180625B9204601F077FE2046F8BDF06841
S31508012550013D08B91036F4E707680C2101F0F4FFCC
S315080125603846F6E7206602080010024010B5044610
S31508012570FFF7D2FF20464FF4426101F0E5FF2046FE
S3150801258010BD40680C30FEF7C5BC08B5406800218F
S31508012590FEF7C8FC4FF4FA70F7F7C2F908BD10B593
S315080125A004462820F7F7BCF960680121BDE8104008
S315080125B0FEF7B8BCF0B585B004460E460025FFF710
S315080125C0EEFF40F6C410F7F7ABF9ADF80C50EFF390
S315080125D01083DB4303F001038DF80D3072B62046F4
S315080125E0FFF7D3FF2068AE4214BF0A230B238DF8E9
S315080125F0063003680DF107021F680DF10601012374
S31508012600B8479DF80730022B12D02046FFF7C7FFBF
S3150801261003A8ADF80850FDF7F1FD9DF80830002034
S3150801262063F307009DF8093063F30F2005B0F0BD89
S3150801263003A8FDF7E3FD2068036803AA1C68294679
S315080126400423A0473EB99DF80E308DF808300123C2
S315080126508DF80930E1E79DF80C30F6E773B50446C5
S31508012660C0E900121646002140F2011208300CF0AA
S315080126707BFC40F201220021C4F80C01C4F81001C8
S3150801268004F58A700CF070FC01250023C4F8203388
S3150801269084F82433C4F82833A4F83033C4F818036B
S315080126A0C4F82C53C4F81C033046FEF797FB606840
S315080126B00C30FEF793FB60681830FEF78FFB6068F5
S315080126C02946FEF72FFC606829461830FEF72AFCD2
S315080126D06368586AF7F738FB736A616880221A805B
S315080126E047221A8540F2E7325D61DA621A882A437F
S315080126F01A80074B68462831CDE90034FDF78EFE6E
S3150801270063685A6AD36820462B43D36002B070BD0A
S31508012710052C0108D1F828331BB90023036043604F
S31508012720704791F82033022B03D105230360012357
S31508012730F5E7042BF1D10323F8E7D1F82833022B67
S3150801274003D80023C0E90033704791F82023022AF1
S3150801275008D1052BF5D1B1F82333053303600123DD
S3150801276003717047042AECD1032BEAD191F822337D
S315080127700333F3E7D0F80432D0F80802C01A48BF89
S3150801278000F201207047D0F8043182B00B4401935E
S31508012790019B00F20110834221BF019B6FF48072F5
S315080127A09B180193019802B07047D1F80421D1F81A
S315080127B008319B1A48BF03F20113012B70B5054670
S315080127C00C4604D80023C5E90033284670BD00210C
S315080127D02046FFF7D8FF012106782046FFF7D3FFE9
S315080127E00378D4F8041146EA0326D4F808315B1AAB
S315080127F048BF03F20113B11C9942E3D801232E60A5
S315080128002B71E2E70B6800F20112013393420CBF08
S3150801281008600B6070472DE9F341032ACDE90012E0
S315080128200446154604D9CB78043393420E4605D09F
S31508012830012384F8303302B0BDE8F081D0F80C21C9
S31508012840D0F810319B1A48BF03F20113C3F5807300
S31508012850AA1C9342ECD3D0F8103100F108071D7079
S3150801286000F588713846FFF7CDFFD4F810312A0AEA
S315080128701A7004F588713846FFF7C4FF3544B54226
S31508012880D9D0D4F8103116F8012B1A7004F58871CD
S315080128903846FFF7B7FFF2E7D0F8043282B00B44A7
S315080128A00193019B00F20120834221BF019B6FF432
S315080128B000729B180193019802B0704770B50446DF
S315080128C008460E46FFF756FF012804D80023C4E937
S315080128D00033204670BD00213046FFF7DDFF012198
S315080128E005783046FFF7D8FF0378304645EA0325D1
S315080128F0FFF740FFAB1C9842E8D3012325602371FB
S31508012900E7E70B6800F20122013393420CBF086026
S315080129100B6070472DE9F04F43685B6AA9B0002246
S3150801292004461A610DF120092046FFF72AFE40B335
S3150801293000212046FFF73EFEC0F3072310F47F4F20
S31508012940ADF80C00009300F049819DF80CB0D4F85D
S31508012950285305EB0B03022B40F21281214604A8EA
S31508012960FFF7D8FE9DF81430002B71D1002D5CD0ED
S31508012970012384F831332046FFF711FE009B002B13
S31508012980D2D004F2091A04F1080508AE29463046E0
S31508012990FFF70BFF9DF82430002B00F01F81012162
S315080129A02046FFF707FE074617F47F4FADF80800E4
S315080129B000F014819DF80890C7F3072B294604A84F
S315080129C0FFF7F3FE9DF81430002B00F0FE80DDF8CA
S315080129D01080C84500F2FB80294606A8FFF7E5FEE8
S315080129E09DF81C30002B40F0CE809DF82030012B3D
S315080129F000F0E680294606A8FFF7D7FE9DF81C30A9
S31508012A00002B40F0FA80206803680022D3F800B052
S31508012A1031464346D847D4F82C33013BA9EB08097C
S31508012A20C4F82C334FF0000BC8E720680368294621
S31508012A301E6804F548720123B047D4F828530135B6
S31508012A40C4F82853214604A80BF1FF3BFFF762FEA1
S31508012A50DDF81080A8EB0506B345C0F09180206823
S31508012A6004F548730193036804F548721F682A44FC
S31508012A7033460021B847D4F828331E44C4F82863DE
S31508012A80214606A8FFF759FE9DF81C30002B3FF496
S31508012A906FAF069F7F2F3FF66BAF5D44A5EB080529
S31508012AA004F58A78A7EB060A4046FFF763FE554503
S31508012AB066D3BB1CC0F50070834201933FF65BAF3A
S31508012AC02068036809EB0602D3F800B000215346D3
S31508012AD0D847D4F828232E44012AA6EB070B3CDD58
S31508012AE004F5487148460CF04DFA0023C4F828331A
S31508012AF094F82033042B06D194F821330E2B32D1C6
S31508012B00BAF1000F37D14046FFF734FEBB1CC0F5BA
S31508012B10007083423FF61BAFD4F81C3304F54771A6
S31508012B201F704046FFF7EDFED4F81C3300221A70D9
S31508012B3004F547714046FFF7E4FE4F444E46B74257
S31508012B403FF405AFD4F81C3316F8012B1A7004F5B7
S31508012B5047714046FFF7D5FEF1E704BF94F82033E5
S31508012B608DF82030C1E70F2BCDD1BAF1010FCAD9A3
S31508012B709DF8213001E09DF82030C4F82C33C2E7D6
S31508012B8000230093F7E6069B9845FFF42EAF3344DE
S31508012B903246022193423FF428AFD4F80CC1481CAF
S31508012BA0614403910399514521BF03996FF4807CD0
S31508012BB0614403910399097802F8011B0146E9E783
S31508012BC0D4F82C33002B7FF415AFC7F3072B204617
S31508012BD0FFF7E5FCBBF1000F3FF4D5AE29B0BDE820
S31508012BE0F08F28460091FFF70DFE00990BF1010BB6
S31508012BF0069B02339B45F4D305E74FF0000B04F51A
S31508012C008671F5E74068FFF785BE2DE9F04385B083
S31508012C1004460D4602A801F58A71CDE900239946B5
S31508012C201646FFF74BFE9DF80C3013B1029F4F4530
S31508012C3006D90023C4E90033204605B0BDE8F08370
S31508012C4005F5467105F58A70FFF75BFE05F54671D0
S31508012C5005F58A70FFF755FE3744B74204D1DDE919
S31508012C60020184E80300E7E7D5F818331B7806F86C
S31508012C70013B05F5467105F58A70FFF742FEECE75B
S31508012C8000BEFEE7012804D0043801288CBF0020C5
S31508012C900120704701288CBF002001207047431F7F
S31508012CA0584258417047000000487047A92C01084E
S31508012CB000F500630230984203D013F8022CFF2A6C
S31508012CC001D018467047023BF5E7884207D0ACBFEA
S31508012CD001204FF0FF30431C5842584170470020ED
S31508012CE0F9E700002DE9F04705680C689846641B6A
S31508012CF0124B64100F465C434FF0060954B9C8F8E5
S31508012D0000503B68AB4216D029881088BDE8F047C9
S31508012D10FFF7DBBF660809FB06F31188E85A05EBDE
S31508012D20030AFFF7D2FF20B1013C0AF10605A41BED
S31508012D30E4E73446E2E70120BDE8F087ABAAAAAA90
S31508012D40024BC01A6FF30A001844704700E00308E3
S31508012D50F7B5104DADF80620A94217461E4612D3FF
S31508012D600D4B99420FD276B14C1BC4F34904012C81
S31508012D7009D10846FFF7E4FF401BC01226F8107078
S31508012D80204603B0F0BD02230DF10602FDF7FAFA5B
S31508012D90F7E700BF00E003080000040810B50C4679
S31508012DA00968FFF7D5FF23680233236010BD408801
S31508012DB0033040080330704710B543680446984706
S31508012DC0606010BD70B5D0F80816062300F1080238
S31508012DD003FB01210123914201D1184670BD901CC4
S31508012DE0FFF7E5FFC3F3090503F20144C5F580665C
S31508012DF0641BB04288BF234603440632EBE7000052
S31508012E00034BD0F81406C91A00EBE120704700BF3E
S31508012E1000E0030810B50446D0F8140620B1D4F82A
S31508012E201C16091A01F090FB204610BD4A6890420B
S31508012E3000D270470B68D31AC01AF8E710B50446D2
S31508012E40D0F81006FFF77CFF01462046FFF7D8FFAA
S31508012E5004F214610130FFF7E9FF10BDF8B5D0F8A7
S31508012E600C6605463046FFF76BFFD5F81046074650
S31508012E702046FFF765FF874212D1194AB31AC3F3F1
S31508012E8049036BB9A41AC4F34904012C08D1D5F82E
S31508012E901436D5F81826934216D1D5F8180618E02F
S31508012EA02846FFF7CBFF05F2146704463046FFF7BD
S31508012EB047FF01462846FFF7A3FF8442EDD0237852
S31508012EC0032B07D0204604E018460133017803296D
S31508012ED0E1D0F8BD601C3946FFF7A8FF0446E5E7CF
S31508012EE000E0030810B50446FFF7B8FFD4F8183612
S31508012EF0C4F8200698420ED1D4F80C36074A9342F4
S31508012F0007D1D4F8102602339A4204BF002384F865
S31508012F102436034810BD0348FCE700BF00E0030858
S31508012F20A92C01083D30010842680A4B9A4210B59E
S31508012F3004460DD1084BC0F80C360233C0F81036DA
S31508012F400023C0F80836FFF7CDFF6060012010BDE9
S31508012F500020FCE7A92C010800E003082DE9FF4140
S31508012F60074668460E46FDF7B9F9D7F81446DFF85D
S31508012F708480341B08EBC4244FF40062214668465A
S31508012F80FDF7EEF9054638B900256846FDF7D6F985
S31508012F90284604B0BDE8F08104F500624FF6FF71DA
S31508012FA09442234604D01888884204F10204F7D0D3
S31508012FB09A42E9D1D7F81446D7F8182623469342F8
S31508012FC013D09E4214D01978032911D007F214613F
S31508012FD0701CFFF72BFF0023011B1A4608EBC121C2
S31508012FE06846FFF7B5FE0028CED003233370CCE739
S31508012FF00133E4E700E0030810B5044600680368F6
S315080130001B68984708B90B4810BDD4F82016204606
S31508013010FFF7A4FF40B1D4F81836C4F82036204685
S31508013020BDE81040FFF75EBF0123034884F8243644
S31508013030EAE700BF3D300108A92C0108FFF7DCBF0C
S3150801304010B50446FFF70AFFD4F81836834201463D
S3150801305006D02046FFF782FF18B9012384F82436E3
S3150801306010BD2046EEE7F8B50D4617460446A542BB
S31508013070264604D030780134B8470028F7D0731BA8
S3150801308058425841F8BD70B5046805460E466B6846
S31508013090A34201D1204670BD2078B04738B12968CE
S315080130A0631E994205D81878B0470028F2D0013432
S315080130B0EDE76A68521A1344F3E700002DE9F74F62
S315080130C0DFF8C4900190D9F80030DB070E461746A1
S315080130D046D4DFF8B8A0DFF8B880DAF8003013F084
S315080130E0010437D14FF40072214640460BF03CFFEC
S315080130F041F22105C64623461A46042480200121A9
S3150801310041EA000C02EA0C0B584501D0594503D196
S3150801311082EA0C0C1FFA8CF24900013C4FEA500076
S3150801312089B2EDD1082184EAC23414F4004F0CBFE8
S3150801313000202846013980EA4404C2F34F02F2D13D
S3150801314001339BB2B3F5807F2EF8024BD4D101230C
S31508013150CAF800300F4BC3F800800123C9F80030C4
S315080131600C4B01981A683744BE4202D103B0BDE838
S31508013170F08F16F8013B83EA102332F8133083EAFD
S31508013180002080B2F0E700BF8C3D0020883B00207C
S315080131908C3B0020903D002013B502220446ADF871
S315080131A0061000880DF10601FFF788FF208002B09E
S315080131B010BD00002DE9F0470C68344EA41BC4F37A
S315080131C04904C4F57F74013486B04FEA44094FF6C1
S315080131D0FF7307460D4601A84AF2A5511FFA89F958
S315080131E0ADF80430FFF7D8FF494601A8FFF7D4FF29
S315080131F0BDF804A04FF00008A04512D102A8FDF7BA
S315080132006DF800234AF2A552294602A8FFF7C6FD22
S3150801321098B9002402A8FDF791F8204606B0BDE842
S31508013220F0874FF6FF7101A8ADF804A008F101086F
S31508013230FFF7B2FFBDF804A0DEE700234A46294698
S3150801324002A8FFF7ABFD0028E3D029680023524600
S3150801325001EB480102A8FFF77BFD04460028D8D0F8
S315080132602868FFF76DFD01463846FFF7C9FD0523B6
S3150801327000F8013B07F21461FFF7D8FDD7F81436B9
S31508013280C01A06EBC02602362E60C3E700E0030823
S315080132902DE9F0470F4600F102084AF2A5554FF607
S315080132A0FF76B8F80030B3F5B44F01D0AB4224D15C
S315080132B0B8F80240013464084046FFF741FD03347B
S315080132C008EB4404A4F1020982464846FFF738FD93
S315080132D0824512D1A9EB080241464FF6FF70FFF766
S315080132E0EDFE34F8023CB04208BF0020834204D107
S315080132F0A74202D302D0A046D3E744462046BDE8FA
S31508013300F08700002DE9F047D0F81466DFF89880B9
S315080133100746B146D7F81856A94508D1DFF8888077
S31508013320344607F21467AC4223D1BDE8F087A9EB0E
S31508013330060508EBC5252846FFF7BAFC05F1020A7A
S315080133408245044613D001462846FFF7A1FF844269
S3150801335006D0BAEB000418BF012409F8014BD9E7D6
S3150801336005F50065AC420CBF05240424F5E70224E3
S31508013370F3E714F8013B022BD5D139462046FFF76E
S3150801338055FD03460078FFF77DFC50B19B1BDB0218
S3150801339038F80330002B14BF0023032304F8013C3B
S315080133A0C1E70323FAE700BF00E00308F8B5D0F840
S315080133B01816344A0446D0F81406FFF754FE30B1FD
S315080133C0314BC4F80C360233C4F81036F8BDD4F8BC
S315080133D01816D4F8143699421A4605D010780133CE
S315080133E0FFF750FC0028F6D1914204F214601FD170
S315080133F02649FFF748FED4F818368342224B0ED0E9
S31508013400D4F81426801A03EBC0230233C4F80C3609
S31508013410D4F80C361E4FC4F810361D461DE0C4F804
S315080134200C360233C4F81036012384F82436CDE766
S315080134301449FFF728FED4F818368342E8D0D4F8A1
S315080134401436C01A134B03EBC023DFE705F50065F5
S31508013450BD42104BC4F81056DDD82846FFF770FC5C
S31508013460014606462046FFF7CBFC0378052BEDD02F
S315080134703046FFF71DFC01463046FFF709FFC4F841
S315080134801006A3E7852C010800E003089F2C010814
S315080134900000040802E003082DE9F843D1F80046C4
S315080134A00F4B4FF0060808FB04F4641007460D4657
S315080134B05C431CB93D603846BDE8F883660808FBDD
S315080134C006F31188E85A05EB0309FFF7FEFB20B15D
S315080134D0013C09F10605A41BEBE73446E9E700BF01
S315080134E0ABAAAAAA2DE9F043054689B00A460C46B5
S315080134F0014606A8FFF7D0FFD5F80076069A4FF0E1
S31508013500060808FB07F805EB0806964204D0118859
S315080135102088FFF7DAFB70B32488ADF8104096428D
S31508013520A4B204D011882046FFF7CFFB80B195429B
S3150801353025D1B7F5807F4ED0964207F1010730D1E4
S315080135404FF6FF73148053809380C5F8007612E016
S31508013550CDE902624FF6FF73ADF81A30ADF81C30AB
S3150801356006AA01AB02A903A8ADF81840FFF7BAFBF2
S31508013570019A0028DDD1901C09B0BDE8F08332F824
S31508013580069C21464846FFF7A0FB0028D1D14946AB
S315080135902046063AFFF799FB0028ECD0CDE902252B
S315080135A0D8E736F8061C25F8081056F8041CC6F89C
S315080135B00210B31FC5F80076934205D14FF6FF7383
S315080135C0148053809380D6E733F8061DD980D3F843
S315080135D002109960F0E70BF091FC00002DE9F74322
S315080135E0D0F80C46DFF85C80DFF85C900746444566
S315080135F023D0A4EB0903C3F3490303B90234D7F86B
S315080136001036A3421BD0658823886E1C7608B3F54D
S31508013610B44F04EB46060ED1022D0CD9A388ADF89A
S31508013620043001A907F10800FFF75CFF074B023DCB
S31508013630E41A04804580B41DD9E7054CDFE703B0D9
S31508013640BDE8F0830000040800E00308FADF030878
S3150801365002E003082DE9F04F8DB0CDE90323169E4C
S31508013660ADF8141082461C46002B00F0BB801546A7
S31508013670621C5208013AA4EB42073368029304F12B
S315080136800209012F1FFA89F94FEA420805EB42019F
S3150801369006AB47DD3A4618460BF074FCD7F1020231
S315080136A0034603D00021D8190BF05EFC4FF6FF73D1
S315080136B04FF4B44107A8ADF81C30FFF76DFD494634
S315080136C007A8FFF769FDBDF814300093194607A846
S315080136D0FFF762FD42462946BDF81C00FFF7EEFCDE
S315080136E0BDF81830ADF81C00194607A80193FFF775
S315080136F053FD08A8BDF81CB0FCF7F0FD179F4FF461
S31508013700B4423B46314608A8FFF748FB98B901235E
S315080137108AF82436002508A8FCF710FE28460DB0BD
S31508013720BDE8F08F05BF15F812208DF81820C7F1EE
S3150801373002023A46B6E73B464A46314608A8FFF72B
S315080137402DFB0028E3D0009A3B46314608A8FFF72F
S3150801375025FB0028DBD0D6F80090A844454537D18B
S31508013760019A3B46314608A8FFF718FB0028CED038
S315080137704FF6FF723B46934514BF5A46002231461F
S3150801378008A8FFF70BFB05460028C0D005A90AF1D2
S315080137900800FFF7A7FE144E029B44809B1B0334C7
S315080137A0A9EB0609C3F349036408C3F58063A0F8C6
S315080137B00090033416FA89F0A3420CBF05240424A9
S315080137C0FFF7BEFA01465046FFF71AFB0470A2E757
S315080137D035F8022B3B46314608A8FFF7DFFA0028E1
S315080137E0BCD194E71D4699E700E0030882B02DE9AC
S315080137F0F04786B0D0F808660F9300F1080406234F
S31508013800274F05468A46904603FB0646A64201D13E
S3150801381001202BE0608820F001003844FFF790FA78
S3150801382050453BD1D8F80020A01CFFF7C0FAD31B9E
S31508013830C3F34903C3F5806398421CD91046FFF7C1
S315080138407FFA01462846FFF7DBFA05F214610130D3
S31508013850FFF7ECFA0378032B07D141462846FFF711
S31508013860A9FC40B9012385F82436002006B0BDE835
S31508013870F04702B07047DDE90F016388A288CDF8E9
S3150801388000803B44CDE90101CDE904322188DDE917
S3150801389004232846FFF7DEFE0028E3D00634B5E701
S315080138A000E003081FB50446D0F80C06FFF748FAEE
S315080138B000230146009304F5C2622046FFF796FFEE
S315080138C0A8B1D4F80C06FFF73BFA0C4A0C4B00F5E5
S315080138D00060D31A904208D20230C4F80C0620467A
S315080138E004B0BDE81040FFF7FDBAC01AF2E7054873
S315080138F0012384F8243604B010BD00BF0000040873
S3150801390000E00308A92C0108FFF7CCBF2DE9F04F09
S315080139109BB00546FFF792FA0378012B044605F298
S31508013920146A04D851460130FFF780FA044628463E
S31508013930FFF748FA00F2FF30514604EB9020FFF7F3
S3150801394075FA06462046B04214D1D5F81436DFF882
S315080139502891E41A494BE402A3EB090302344C44C7
S315080139604FEAE32BB3F5803F0494CDF864B048D908
S315080139700BF0C4FA0378032B05D0012385F8243606
S315080139801BB0BDE8F08F51460130FFF74FFADAE771
S3150801399023F8022B013F002FFAD1D5F80C06FFF7C1
S315080139A0CFF901462846FFF72BFAD5F810360393C7
S315080139B006461846FFF7C4F901462846FFF720FAD6
S315080139C0039B40F2FE32A3EB090302EA6303BB42FF
S315080139D018BF01300390039BB34218D105A8FCF721
S315080139E07DFCDFF89C9046464FF6FF7A5F4527D166
S315080139F0049BC5F80C46C5F810362846FFF720FB88
S31508013A002FE009AB5F4698464FF6FF72C3E7D5F834
S31508013A101416199BCDF8148043F31E03711A0693E5
S31508013A20009304AA434609EBC1212846FFF7DEFEA7
S31508013A300028A5D0701C5146FFF7F8F90646CAE7D3
S31508013A403288524513D046450FD3199B08EB4303D9
S31508013A509E4234BF49460021002305A8FFF778F99D
S31508013A6028B905A8FCF76AFC8AE70021F4E70137BB
S31508013A70023609F50069B9E700E003080000040801
S31508013A8002E003082DE9FF47414F424E016000233A
S31508013A90BE1B9E4204464360C0F80836C0F80C3681
S31508013AA0C0F810364FEAE62502DA3B480BF030F843
S31508013AB028460DB100F03CFD4219C4F81406C4F8B5
S31508013AC01C264DB10021012D00F8011B04D0034627
S31508013AD09A4226D1013D28444FF00009C4F8180638
S31508013AE0C4F8200684F824962046FFF70BFC2046E6
S31508013AF0FFF75CFC2046FFF771FD2046FFF7A0FAA9
S31508013B00264AD4F81816D4F81406FFF7ACFA58B9A9
S31508013B102046FFF7FBFE224B6360204604B0BDE852
S31508013B20F08703F8011BD3E72046FFF74BF900F2AC
S31508013B30FF356FF3090505F580654FEA6608D4F880
S31508013B400C06D4F810361B1A08EB6303B3FBF8F21C
S31508013B5008FB1233AB420BD9FFF7F2F8CDF8009008
S31508013B600146002304F5C2622046FFF73FFE18B955
S31508013B702046FFF765FACEE7D4F80C3603F500635D
S31508013B80BB4202D2C4F80C36D9E79B1BF8E700BF43
S31508013B900000040800E0030820630208952C0108C8
S31508013BA0A92C0108F7B50D46064601A81746FFF7E1
S31508013BB073FCD5F80036019C062202FB0355A54283
S31508013BC006D021883888FFF780F8002818BF2C46C8
S31508013BD03046346003B0F0BD30B587B000F1080453
S31508013BE00546CDE90123ADF80C1003AA214605A81F
S31508013BF0FFF7D8FFD5F80826059B062101FB0244E5
S31508013C00A34213D09A8802998A420FD15B88084C3D
S31508013C100198012A03EB040104DD0BF08CF901205C
S31508013C2007B030BD04BFE35C0370F8E70020F7E78F
S31508013C3000E003082DE9F0418AB0CDE90523426881
S31508013C403C4BADF81C109A42044670D190F82436C4
S31508013C50002B6CD100F10807394607AA08A8DDE947
S31508013C600586FFF79FFFD4F80826089B062101FB66
S31508013C700277BB420DD09A88B2420AD1002E4FD0A4
S31508013C805B882D483246414618440BF044F9002812
S31508013C9046D0D4F810362849033640F2FD325B1A6D
S31508013CA0A2EB5602C3F34903D21A27D0022A25DC0E
S31508013CB02046FFF7C3F80378032B38D104F5C2660B
S31508013CC031462046FFF776FA70B30023CDE908336B
S31508013CD0DDE90801DDE90523CDE901010096BDF815
S31508013CE01C102046FFF7B6FCF0B12046FFF7A6F8F0
S31508013CF00378032B1CBF114B636011E00023CDE948
S31508013D000833DDE9080104F5C263CDE90101009331
S31508013D10BDF81C10DDE905232046FFF79BFC18B109
S31508013D2001200AB0BDE8F081012384F82436002079
S31508013D30F7E700BFA92C010800E0030809390108C3
S31508013D400C30FFF739B8000010B5054B044640F8AA
S31508013D500C3BFFF75FF8204600F0D9F9204610BD65
S31508013D606C66020810B50446FFF7EEFF204640F2DE
S31508013D70346100F0E9FB204610BD000090F83036AA
S31508013D8070B504466BB10C30FFF7CEF8064E2369C1
S31508013D90B34201D1002070BD04F10C00FFF70CF805
S31508013DA0F5E70120F7E700BFA92C01082DE9F04145
S31508013DB00746ADF50A7D08460D4600F01AFD28B9F5
S31508013DC0002738460DF50A7DBDE8F0810AAB059353
S31508013DD000264FF40073CDE90636089340F2D24324
S31508013DE009931C4B05AC2846CDE9013400F0D7FCF4
S31508013DF0069B059C2968984228BF1846079B089088
S31508013E00834228BF0346C01A1C44049003940793AF
S31508013E1007F10C00DDE903230988FFF7DDFE0746F4
S31508013E200028CDD0284600F061FC8046464507D1DA
S31508013E30AB89EA899BB292B2934218BFEB81C0E77C
S31508013E40324601A9284600F0C0FC0028B8D0013640
S31508013E50ECE700BF846602082DE9F0430746ADF595
S31508013E600B7D08460E4600F0C4FC20B900200DF56E
S31508013E700B7DBDE8F0833A691C4B9A42F6D133684B
S31508013E803046B3F8008000F08AFC80B2B0F5007FB6
S31508013E90ECD805AC0AAB236000254FF40073C4E9DE
S31508013EA00135E36040F2D2432361114B3046CDE937
S31508013EB0013400F01BFC81464D450ED1A2682168EC
S31508013EC0E260CDE903120023A3604146DDE903233D
S31508013ED007F10C00FFF7AEFEC9E72A4601A93046ED
S31508013EE000F024FC0028C1D00135E5E7A92C01081A
S31508013EF0A866020890F8300680F0010070470C3079
S31508013F00FFF712B838B504460D4600F009F9204600
S31508013F10034B40F80C3B2946FFF7B4FD204638BD54
S31508013F206C66020808B5064B1A683AB1054906488F
S31508013F300AF0F1FFB0FA80F0400908BD0120FCE75C
S31508013F40A04C02080000000860F00108F0B585B031
S31508013F50FFF7E8FFF8B9EFF31084E44304F001042E
S31508013F6072B60F4F08256846FCF7B8F93A680D4945
S31508013F706846FCF7F5F93B680B4A0A496846FCF7B7
S31508013F8001FA6846FCF7DAF9FFF7CCFF08B9013DF3
S31508013F90E9D114B162B605B0F0BD72B6FBE700BF50
S31508013FA0A04C02080000000860F0010843689A68FE
S31508013FB010B5541C9C601B68995410BD10B5426815
S31508013FC093681468E45C013393600C7010BD10B5F6
S31508013FD0426893681468E45C013393600C7010BD01
S31508013FE010B5426893681468E456013393600C70FF
S31508013FF010BD436810B59A681C68A1549A680132C5
S315080140009A6010BD436810B59A681C68A1549A68ED
S3150801401001329A6010BD70B543689A681C681E69BA
S31508014020A45A41F2E105AE4208BF64BA02329A6067
S315080140300C8070BD70B543689A681C681E69A45ADD
S3150801404041F2E105AE4208BF64BA02329A600C80B9
S3150801405070BD436870B51E699A681C6841F2E1052E
S3150801406089B2AE4204BF49BA89B2A1529A680232EC
S315080140709A6070BD436870B51E699A681C6841F2FA
S31508014080E105AE4204BF49BA89B2A1529A68023221
S315080140909A6070BD70B543689A681C681E69A45811
S315080140A041F2E105AE4208BF24BA04329A600C60B7
S315080140B070BD70B543689A681C681E69A45841F2B8
S315080140C0E105AE4208BF24BA04329A600C6070BD9D
S315080140D0436870B51E699A681C6841F2E105AE42EB
S315080140E008BF09BAA1509A6804329A6070BD43683C
S315080140F070B51E699A681C6841F2E105AE4208BFAF
S3150801410009BAA1509A6804329A6070BD704770471F
S3150801411010B50C21044600F017FA204610BD000020
S31508014120024B03600023C0E901337047CC660208DD
S3150801413038B5054655F8104FA54200D138BD54F893
S31508014140043C201F1B6898472468F5E738B50546DF
S3150801415055F8104FA54200D138BD54F8043C201F2C
S315080141605B6898472468F5E710B50446FFF7D8FF5A
S31508014170044B23600023E36004F11003C4E904330C
S31508014180204610BDE466020810B543698B600A1D16
S3150801419000F110044C6042611A60C3680133C360C0
S315080141A010BDF8B50446054654F8100F002684429A
S315080141B003D1C5E90444EE60F8BD04280768C0E9DF
S315080141C0006604D050F8043C0438DB689847384642
S315080141D0EDE7000010B50446FFF7C6FF014B236063
S315080141E0204610BDFC66020810B50346002153F8A7
S315080141F0042F934203D1C0E90133016010BD14684D
S31508014200C2E900112246F4E710B5054B044640F809
S315080142100C3BFFF7E9FF2046FFF779FF204610BD63
S31508014220E466020810B50446FFF7EEFF204618219A
S3150801423000F08AF9204610BD10B5054B044640F832
S315080142400C3BFFF7D1FF2046FFF7DEFF204610BDE6
S31508014250FC66020810B50446FFF7EEFF2046182152
S3150801426000F072F9204610BD037A01728B4294BFA1
S315080142700023012303717047034A034692E80300AA
S3150801428083E80300184670470C6702080D4A70B5A3
S3150801429009241646013C13460CD012F8011B21F0DD
S315080142A02005413D052DF5D9A1F13005092DF1D995
S315080142B02B29EFD09B1B062BD6BF00230660036074
S315080142C0436070BD880100084368003B18BF01239D
S315080142D00B70704743680B70704743680B707047E3
S315080142E043680B80704743680B80704743680B60CF
S315080142F0704743680B60704701234160037270473A
S3150801430001234160037270470123416003727047BC
S3150801431001234160037270470123416003727047AC
S31508014320012341600372704701234160037270479C
S31508014330704708B5FEF7A4FC43681868704770B55E
S315080143400D4616460446102000F0F2F833462A4672
S315080143502146BDE8704000F06DBA000038B5044644
S3150801436000F0F4F8154D25600C30606000F0EEF8A9
S315080143700830A560E06000F0E9F8C4E9045000F0EF
S31508014380E5F80430E06121460D4A0E48A561FFF7BC
S31508014390D6FF04F108010A4A0B48FFF7D0FF04F1DA
S315080143A01001074A0948FFF7CAFF054A084804F1F8
S315080143B01801FFF7C4FF204638BD00BF646702082D
S315080143C0FC4E0208746702087867020870670208DB
S315080143D06C67020870470120704711B9436803608A
S315080143E070470023FBE709B100F073B8436803601F
S315080143F07047806870474368585C704730B585B028
S3150801440004466846FFF738FF009B114D6360019B20
S31508014410A36002A82560FFF739FF029B2361039B6E
S315080144206361E560102000F083F80A4B0A492246C9
S3150801443000F000FA636943B1102000F079F8054BE2
S31508014440064904F10C0200F0F5F9204605B030BD25
S3150801445084670208C0650208946702089067020823
S3150801446070474368013343607047436801334360CB
S3150801447070474368023343607047436802334360B9
S3150801448070474368043343607047436804334360A5
S31508014490704743680133436070470000024B03606D
S315080144A000234360704700BFA0670208704743684E
S315080144B033B1026864214A43B2FBF3F398B27047F9
S315080144C01846704708B5FFF7F2FFC0F1640080B2DD
S315080144D008BD03680BB1013B036070477047FEE7EF
S315080144E008B50AF049FD582303604FF0FF3008BDAF
S315080144F00C4A0D4938B513680C4D013310F0070FF6
S31508014500136020F0070303F1080308BF0346086890
S31508014510C418AC4201D9FEF7B3FB0C609168194483
S31508014520916038BD943D002098120020C09F00205C
S31508014530FFF7DEBFFFF7DCBF024A5368013353605A
S31508014540704700BF943D0020FFF7F6BF004870474B
S31508014550943D0020024B0349034A5B1AD360704716
S31508014560C09F0020403E0020943D0020FEE75B1AD4
S3150801457010B507D0121A05D0029C241A5C4394FB85
S31508014580F2F42144084610BD642A28BF6422C2F108
S315080145906403424301FB0322642092FBF0F0704757
S315080145A003681B681B68DB6A33B1C26B64214A4323
S315080145B0B2FBF3F398B270471846704713B5044631
S315080145C040F8041BFFF706FE04F11C00FFF702FE84
S315080145D020680023A36384F83430E36303694FF446
S315080145E07A715B6810309847044B20686946CDE9B3
S315080145F00034FCF791FD204602B010BD3346010890
S3150801460038B5836B013383630446006883691830C0
S315080146101B68984794F83430054613B1201DFFF7F7
S3150801462095FD2068836918301B689847401BE0632D
S3150801463038BD4068FFF7E4BF38B590F83430044612
S3150801464063B90430FFF774FD04F11C00FFF770FD30
S31508014650012384F8343094F8343003B938BD04F1B1
S315080146601C00FFF773FDF6E737B50A4B0446054606
S3150801467093E803008DE8030055F81C0B6946FCF71F
S315080146804BFD2846FFF7D8FD201DFFF7D5FD20462F
S3150801469003B030BDBC6702084068FFF781BF000060
S315080146A010B5074B0446C0E900311020FFF740FF5B
S315080146B0044B0549224600F0BDF8204610BD00BF4F
S315080146C0CC670208F04E0208D4670208064B10B5FB
S315080146D01868FAF7CBFFD0F81034BDE810401B680C
S315080146E000F58260184700BF1813002083684168E7
S315080146F01A6818469268104710B5054B044618689B
S31508014700FAF7B4FF2146BDE8104000F010B900BF22
S315080147101813002010B50468FFF7D8FFE378C3F330
S31508014720810343FA00F000F0010010BD2DE9F041C4
S3150801473004460F461646FFF7EDFF48B1A0686168C3
S3150801474003681D6832463B46AC46BDE8F041604702
S31508014750BDE8F0811FB500230446CDE902330846BA
S31508014760054B019301A9FFF7E1FFDDE9020184E8A1
S315080147700300204604B010BD4067020813B504467D
S315080147806846FFF78BFE002269462046FFF7CEFFF3
S315080147906846019CFFF78AFE204602B010BD38B56F
S315080147A00546FFF7A3FF04462846FFF7E7FF6043E0
S315080147B038BD10B50468FFF789FFE378C3F3011321
S315080147C043FA00F000F0010010BD2DE9F04104465E
S315080147D00F461646FFF7EDFF48B1A0686168036802
S315080147E05D6832463B46AC46BDE8F0416047BDE8E8
S315080147F0F0810368DB7813F0400301D0FFF7D9BFD6
S315080148001846704737B50A4BCDE900320A4669465C
S315080148100446FFF7DAFF054630B12046FFF7E9FF00
S3150801482010B1A3890133A381284603B030BD00BF67
S315080148301C67020813B5836000238381C381094B72
S31508014840C0E9001204461868FAF710FF01A9019495
S3150801485000F09EF9019810B11021FFF775FE204668
S3150801486002B010BD1813002070470B681B68188822
S3150801487013681B681B889842ACBF0020012070474B
S3150801488000F10C03D0F80C0470B503EB800440F377
S315080148901D0040B9A34205D0186803681B888B42DE
S315080148A088BF002070BD420803EB820553F82260D9
S315080148B0366836888E423DBF00F1FF302B1D801ABF
S315080148C01046E6E710B509880446FFF7D9FF014601
S315080148D028B104F58360BDE81040FFF767BA10BD3B
S315080148E038B50446084611461D46FFF7C9FF014675
S315080148F028B12A462046FFF72DFF204638BDC4E9D0
S315080149000000FAE7B0F8542AB0F8563A92B29BB2C8
S315080149109A420AD1B0F8582AB0F85A3A92B29BB2DA
S315080149209A4202D190F85C0A70470120704700F557
S315080149308360FFF73BBAD0F80C3470B500F10C046C
S31508014940064604EB8305A54200D170BD54F8041B45
S315080149503046FFF7ECFFF6E710B5044600F583602D
S31508014960FFF77AFA38B1B4F8583A0133A4F8583A45
S31508014970012384F85C3A10BD10B509880446FFF78F
S315080149807FFF014620B12046BDE81040FFF7E4BF8E
S3150801499010BD00F10C03C0F8503AB0F8543A01338F
S315080149A0A0F8543A012380F85C3A7047D0F80C34E1
S315080149B070B500F10C04054604EB8306A64204D142
S315080149C02846BDE87040FFF7E4BF2068FFF711FFEE
S315080149D018B122689389013393810434EEE710B53F
S315080149E0044600F58360FFF78AFAB4F8583A0133AA
S315080149F0A4F8583A012384F85C3A10BDEFF3108302
S31508014A00DB4303F0010372B6B0F8542AB0F8561A1C
S31508014A1092B289B28A420BD1B0F8582AB0F85A1A1A
S31508014A2092B289B28A420AD109487BB162B6704705
S31508014A30A0F8562A012280F85C2A0648F5E7A0F86C
S31508014A405A2A012280F85C2A0348EEE772B67047B3
S31508014A505D4A0108B54A0108E14A0108FFF7CEBFD8
S31508014A60D0F82824104B9A4210B518D1D0F80C2446
S31508014A7000F10C0303EB8203D0F8502A934210D0BD
S31508014A80111DC0F8501A11688A89CC8992B2A4B24C
S31508014A90A242F1D0CA8100F58360FFF7DDF9034828
S31508014AA000E0034810BD00BFA92C0108B54A01085A
S31508014AB0E14A0108FFF7D4BF08B5D0F82824054B09
S31508014AC09A4205D100F58360FFF714FA024808BD3A
S31508014AD00248FCE7A92C0108094B0108E14A01082B
S31508014AE0FFF7EABFD0F82824044B9A4203BF0023F4
S31508014AF080F85C3A02480348704700BFA92C0108B0
S31508014B005D4A0108094B0108FFF7ECBF70B5044679
S31508014B10FFF706FB134B2360134BC4F8103400252B
S31508014B2001231249C4F81454C4F80C5484F81434F3
S31508014B3004F58360FFF7E6F90D4BA4F8545AC4F857
S31508014B404C3AA4F8565AC4F8505AA4F8585A84F854
S31508014B505C5AA4F85A5A04F58360FFF70FF9204600
S31508014B6070BD00BFE0670208AC4C02089C12002029
S31508014B705D4A010810B50468016044B12046FFF793
S31508014B8073FE20461021BDE81040FFF7DDBC10BDBD
S31508014B902DE9F84FD0F80C8400F10C0683468A46B5
S31508014BA006EB880548F31D04B146FCB94D453ED0D0
S31508014BB04A4651463046FFF758FE80B3B8F5807F1E
S31508014BC038D055F8043C46F8283008F1010345F871
S31508014BD0044DCBF80C34A945284622D1DAF8001041
S31508014BE0CAF800404846FFF7C5FF18E0670809EB11
S31508014BF0870152463046FFF738FE20B1013C01F1E4
S31508014C000409E41BD1E73C46CFE7DAF8003046F859
S31508014C10283008F10103CAF80040CBF80C34BDE886
S31508014C20F88F55F8041D2C60FFF7A4FFD3E7B8F5F4
S31508014C30807FEAD10AF062F9F8B504460E4B0360A3
S31508014C4000F58360FFF780F8D4F80C5404F10C07DB
S31508014C5025B92046FFF75BFA2046F8BD57F8046BDD
S31508014C60013D002EF4D03046FFF7FEFD10213046F7
S31508014C70FFF76AFCECE700BFE067020810B50446D7
S31508014C80FFF7DAFF20464FF42661FFF75DFC204661
S31508014C9010BD10B5044600F58360FFF751F8D4F846
S31508014CA04C3A20469847C4F84C0A10BD10B504463C
S31508014CB02046FFF727FE00B910BD2046FFF7E9FF9A
S31508014CC0F6E78088704781800120704710B5034B4D
S31508014CD003600446FFF71BFA204610BD1868020850
S31508014CE010B50446FFF7F2FF20462421FFF72CFCF6
S31508014CF0204610BD4368188A70470346C068198A5A
S31508014D001A8C03688A1A51425B6851411847FFF7A2
S31508014D10F4BF08B5038C23B10182FFF7EEFF01202A
S31508014D2008BD1846FCE74068FFF7F3BF70B50446AF
S31508014D300E46FFF7F5F9134B134A23600023238226
S31508014D402362124BE361C4E90524E6601020FFF7EC
S31508014D50EFFB32460E4B0F49FFF76CFD1020FFF7AC
S31508014D60E7FB04F114020C4B0C49FFF763FD102015
S31508014D70FFF7DEFB084B0A4904F11C02FFF75AFD4F
S31508014D80204670BD18680208F86702080868020814
S31508014D90F44E020828680208F04E02083068020834
S31508014DA02C68020838B50446006928B9204614213A
S31508014DB0BDE83840FFF7C8BB05680821FFF7C4FB03
S31508014DC02846F2E738B508200C461546FFF7B0FB2A
S31508014DD02B68436023680360206038BDF8B5077AFD
S31508014DE006690546002436B91CB117B9EB680133C3
S31508014DF0EB602C72F8BD706803681B68984704431A
S31508014E003668E4B2EFE700230372C3607047000017
S31508014E104C4B2DE9F74F834618688A461646FAF72A
S31508014E2029FC074601465A46684600F072FBD7F840
S31508014E30243207F1240808EB83099D00009B4B45A2
S31508014E4010D01C68019604F1100101AA0846FFF763
S31508014E50B9FFA378534501D284F802A0204603B0CE
S31508014E60BDE8F08F1420FFF763FB01460023364A9D
S31508014E704260A0F800B080F802A08360C36041F8E0
S31508014E80103F044601AA08460196AD10FFF79AFF9E
S31508014E90464601943DB9B14517D1D7F82412802960
S31508014EA020D10AF02BF84FEA550A06EB8A0B01AA1C
S31508014EB05946404600F011FA28B1013D0BF10406A6
S31508014EC0A5EB0A05E6E75546E4E7324601A9404659
S31508014ED000F003FA0028E0D101980028BED0FFF7B8
S31508014EE061FFBBE708EB8103B34201F101004FF013
S31508014EF0000906D1019B3360CDF80490C7F8240256
S31508014F00EAE753F8042C48F821201D1F43F8049CAE
S31508014F10C7F82402B54209D1019BCDF80490286847
S31508014F202B600028D8D0FFF73DFFD5E755F8043D9B
S31508014F30C5F8009068686B600028EBD0FFF732FF70
S31508014F40E8E700BF18130020AC4C02080B680846B6
S31508014F509B681847F8B51D460B6808469B681646B0
S31508014F600C469847B0420BD92B689F69236831468E
S31508014F701B682046984701462846B8470120F8BDD0
S31508014F800020FCE773B51E460B6808469B68154664
S31508014F900C469847A8420CD9336801A99B69304643
S31508014FA098472368019A5B6829462046984702B0C4
S31508014FB070BD0020FBE770B50D4616460446102065
S31508014FC0FFF7B6FA33462A462146BDE87040FFF791
S31508014FD031BC70B50D46164604461020FFF7A8FAEF
S31508014FE033462A462146BDE87040FFF723BC000038
S31508014FF070B50C46054600F0D3F8214605F10C00BC
S3150801500000F0CEF82946224A2248FFF7E2FF05F1C9
S315080150100C011F4A2048FFF7DCFF1020FFF788FA2A
S315080150201E4B1F4904F50A72FFF704FC04F50C71BF
S31508015030174A1C48FFF7CDFF04F50E71144A1A48A2
S31508015040FFF7C7FF04F51471184A1948FFF7B3FFAC
S3150801505004F51B71154A1748FFF7ADFF1020FFF736
S3150801506067FA154B154904F51E72FFF7E3FB04F5BC
S3150801507020710E4A1248FFF79EFF1020FFF758FAD3
S31508015080104B114904F52272FFF7D4FB284670BD6F
S31508015090FC4E02085868020854680208F44E0208D1
S315080150A070680208506802086C68020848680208B5
S315080150B04C680208686802084852020864680208CF
S315080150C060680208C05202085C68020870470079E5
S315080150D0704701710120704710B50446054B2360DE
S315080150E000230846237111462246FFF791FE204602
S315080150F010BD00BF7C68020838B504460D46FFF7A7
S315080151000FF82046034B40F80C3B294600F020F8DF
S31508015110204638BD8C68020810B5034B0360044667
S31508015120FEF7F5FF204610BD8C68020810B5044647
S31508015130C4E900330846054B00881146C4E9023420
S3150801514004F10802FFF764FE204610BD5C4F020811
S3150801515010B58B680A7909680446FFF7E7FF204608
S3150801516010BD4368D3F8242210B503F1240404EBD7
S3150801517082028368934202D18460002009E053F8D1
S31508015180041B8360CB68002BF3D00B7A088840EAAE
S31508015190C37010BD43682433836001207047000043
S315080151A0024BC0E90031243181607047A4680208C6
S315080151B0002070470020704700207047436853F865
S315080151C0210070478068704710B5054B0360044697
S315080151D0FEF7E7FF2046FFF717F8204610BD00BF88
S315080151E0B468020810B50446FFF7EEFF20461821F9
S315080151F0FFF7AAF9204610BD2DE9F041124BD0F868
S3150801520024520360044600F124074DB904F10C0049
S31508015210FFF7DAFF2046FEF77AFF2046BDE8F08160
S3150801522057F8046B013D002EEFD0306920B91421DF
S315080152303046FFF789F9E8E7D0F800800821FFF73B
S3150801524083F94046F2E700BF1C69020810B5044617
S31508015250FFF7D2FF20464FF42471FFF775F9204670
S3150801526010BD436803EB81035B6A1888704743687E
S3150801527003EB81035B6AD8687047436803EB8103D4
S315080152805B6A187A70474368D3F824027047436803
S31508015290D3F8240270474368D3F824027047136889
S315080152A01B8889B2994207D0ACBF01204FF0FF3065
S315080152B0431C5842584170470020F9E70B681B8880
S315080152C092B2934207D0ACBF01204FF0FF30431C86
S315080152D05842584170470020F9E70B681988136846
S315080152E01B88994207D0ACBF01204FF0FF30431C01
S315080152F05842584170470020F9E738B5D0F824528A
S3150801530000F1240404EB8505AC4200D138BD54F8FC
S31508015310040BFFF778FDF7E710B50446FFF7EDFF35
S3150801532004F10C00BDE81040FEF702BF2DE9F0417B
S3150801533004460C30FEF70AFF94F82C322BB10023F1
S3150801534084F82C322046FFF7D8FFD4F8243204F12A
S31508015350240505EB83072E46B7422ED104F51071B5
S3150801536004F51470431A002B06DD03F51073234464
S315080153700A4600269A4225D104F5177204F51B76CA
S31508015380B31A002B07DD03F51773234417464FF0AD
S31508015390000CBB4219D1D4F8243205EB830CAC4579
S315080153A016D1002381422DD1C4F834320023B242EA
S315080153B02CD1C4F83C32BDE8F08156F8040BFFF74E
S315080153C00DFDC9E742F8046BD4E747F804CBE0E7DB
S315080153D055F804EB9EF808709EF8023037B104EBD5
S315080153E08308D8F840720137C8F84072DEF80C70A5
S315080153F0002FD4D004EB8303D3F85C720137C3F8CA
S315080154005C72CCE751F8045B2B44CBE752F8041BDA
S315080154100B44CCE7F8B50446FEF782FE23461E4A3E
S3150801542043F80C2B00211822184609F09DFDFEF7BA
S315080154309BFE1A4BE3601A4BC4F82832194BC4F881
S3150801544030320025C4E98E352946C4F82452C4F8F9
S315080154502C52C4F83452102204F5107009F084FD58
S31508015460114F0426C4E99470C4F8586210222946DB
S3150801547004F5177009F078FD0C4BC4F87462C4E999
S315080154809E340B4BC4E9A0340A4BC4E99B70C4E9AA
S31508015490A2342046F8BD00BF1C690208B468020898
S315080154A0AC4C02087C4F0208CC680208E068020886
S315080154B0F4680208086902082DE9F047D1F80042A4
S315080154C0074601EB84090D46924644F31D040E4630
S315080154D074B9B1453E6008D0BAF80010324628467C
S315080154E0FFF7DDFE08B1C7F800903846BDE8F0873A
S315080154F04FEA5408BAF8002006EB88012846FFF758
S31508015500DDFE20B1013C0E1DA4EB0804E0E744468C
S31508015510DEE713B52431ADF8042001AA0446FFF7E6
S31508015520CBFF204602B010BD4068704710B5034B4B
S3150801553003600446FEF7EBFD204610BD44690208E8
S3150801554010B50446FFF7F2FF20466421FEF7FCFF7B
S31508015550204610BD8368994205D3C368994202D88B
S31508015560416001207047002070471268F0B5046851
S31508015570023A944200D3F0BDB1F900E02046134641
S31508015580054630F9027BBE45FADC1E46B6F900C06F
S31508015590E6453346A6F10206F8DB9D4206D8864261
S315080155A020F802CC05461F803346E9D2994288BFC6
S315080155B02C46A94238BF1A46DBE710B50446806D6A
S315080155C070B1E06803681B68984723695843A36D5F
S315080155D0B0FBF3F043F69823984228BF184600B269
S315080155E010BD2DE9F341C56A15F0010F044605F111
S315080155F0FF3600EB450721D14FEA560826F001018F
S315080156000144CDE9000701AA6846FFF7AEFF34F960
S31508015610186025F001014FEA5508684601AA214498
S31508015620CDE90047FFF7A1FF34F91800304400EB34
S31508015630D07040F34F0002B0BDE8F081CDE9000714
S31508015640811901AA6846FFF790FFA05FF3E7F0B555
S31508015650D0E90B478DB000230B933B1B5D10002B44
S31508015660B8BF1635152D064601D909F047FC25B1EF
S315080156706A000021684609F077FC0B956B462C36C3
S31508015680BC4204D16846FFF7ACFF0DB0F0BD34F952
S31508015690022B23F8022BB442F2D32C3CFBE7F8B5D4
S315080156A00446D0E90C30152928BF15210129A0EB9C
S315080156B0030038BF012143100028B8BF1633CD1A9D
S315080156C02E4604F13007002E0EDB002DA3EB010355
S315080156D0C8BF00232B4404F1300673B91DB1201D40
S315080156E0FFF7B5FFA087F8BD206B0230B84202D29A
S315080156F020630136E7E72C38F8E7606B811CB14275
S3150801570003D20280013B6163E7E72C39F7E7000022
S315080157102DE9F04104460D461646FEF701FD1F4BDD
S315080157202360AB69E66023612C22002104F118008D
S3150801573009F01AFC00261A4B26653246C4E91100FF
S31508015740E364152104F11400FFF7A9FFD5E9011255
S31508015750EB681448C4E91723C4E915013246696997
S3150801576004F11400FFF79BFF2E6804F14C07102083
S31508015770FEF7DEFE0C4B3A463146FFF75BF82D691C
S3150801578045B11020FEF7D4FE084B04F15402294610
S31508015790FFF750F82046BDE8F08100BF44690208CA
S315080157A0DC4C020834690208004F0208FC4E020864
S315080157B010B50446FFF701FFA36C04F11802023B7A
S315080157C09A420CD8A364636C023B9A4209D81880A2
S315080157D063641046FFF73BFFA4F8500010BD2C3355
S315080157E0EEE72C33F1E710B5044690F8340028B1FA
S315080157F0206903681B68984780F0010084F8340023
S31508015800A36A20469847A06210BD000010B5034B55
S3150801581003600446FEF77BFC204610BD6C6902084E
S3150801582010B50446FFF7F2FF20464821FEF78CFE25
S31508015830204610BD4068FEF745BE10B5044680698E
S31508015840B4F92C1003685B689847E069B4F92E101F
S315080158500368BDE810405B68184710B504468069BF
S31508015860E2680368B2F910105B689847E069E26874
S315080158700368B2F912105B68BDE81040184770B5A5
S315080158800446406903681B6898470546A06903688A
S315080158901B689847A84204DDA069036829465B6826
S315080158A09847E06903681B689847A84206DAE069E1
S315080158B0036829465B68BDE87040184770BD10B596
S315080158C00446C06903681B689847011E07DDE0693D
S315080158D003680139BDE810405B6809B2184710BD75
S315080158E038B50446806903681B6898470546E06928
S315080158F003681B689847A585E08538BD90F834305C
S3150801590010B504468BB1006903681B68984748B906
S315080159102046FFF7E5FF2046FFF79FFFE36B0448A4
S31508015920A36310BD002384F834300248F9E700BFA9
S315080159308559010839590108FFF7E0BF10B5044632
S315080159403830FEF7C6FD94F8343033B9E36BA363F8
S315080159502046FFF772FF084810BDA36B20463BB9E6
S31508015960FFF7ADFF04F12000236A98470348F3E7E0
S31508015970FFF785FF0248EFE739590108A5590108DC
S3150801598085590108FFF7DABF90F834301BB9C36BA4
S315080159908363024870470248704700BF39590108B6
S315080159A0A5590108FFF7F0BF82B0F8B506AD044660
S315080159B045F8043F0F461646FEF7B2FB1D4B23601A
S315080159C00FCDC4E9037604F114060FC62B681A4AEB
S315080159D033602263194BFA68A3620023C4E90E32C5
S315080159E0E3626363164B3E68236404F13803636418
S315080159F01020FEF79DFD04F130023146114BFEF7EA
S31508015A0019FF7D6826691020FEF792FD3246294660
S31508015A100C4BFEF70FFFBD681020FEF789FD0A4BF8
S31508015A2004F140022946FEF705FF2046BDE8F84085
S31508015A3002B070476C690208AC4C02083959010872
S31508015A405C690208F44E0208F04E0208002370B59C
S31508015A504360134B0360044610200E46FEF768FDAB
S31508015A601049114B2246FEF7E5FE104B1868F9F767
S31508015A70FDFD0C490546FEF725FFA388B3420DD067
S31508015A802846FEF7ACFF2846FFF710F90549A68018
S31508015A902846FEF771FF2846FFF708F9204670BD2C
S31508015AA0086802087C690208F04E020818130020EB
S31508015AB010B5034B03600446FFF72EFB204610BDC5
S31508015AC08869020810B50446FFF7F2FF204624212B
S31508015AD0FEF73AFD204610BD10B5034B0360044698
S31508015AE0FFF71AFB204610BDA069020810B5044647
S31508015AF0FFF7F2FF20462421FEF726FD204610BDBA
S31508015B0010B50446C06903681B689847B4F92010A4
S31508015B108142A8BF002104F10C00B8BF0121BDE8EC
S31508015B201040FEF760BC10B50446C06903681B68DF
S31508015B309847B4F920108142D8BF002104F10C001E
S31508015B40C8BF0121BDE81040FEF74DBC2DE9F34160
S31508015B5004460023242034F9048BADF802300E469E
S31508015B601746FEF7E5FCADF80080009B0193214638
S31508015B700546FFF7C1FA0198054B2862294606F141
S31508015B800C002B60EF6102B0BDE8F041FEF7FCBAEC
S31508015B90886902082DE9F34104460023242034F9D3
S31508015BA0048BADF802300E461746FEF7C1FCADF878
S31508015BB00080009B019321460546FFF79DFA01984F
S31508015BC0054B2862294606F10C002B60EF6102B0ED
S31508015BD0BDE8F041FEF7D8BAA06902082DE9F341FC
S31508015BE004460023242034F9048BADF802300E460E
S31508015BF01746FEF79DFCADF80080009B01932146F0
S31508015C000546FFF779FA0198054B2862294606F1F8
S31508015C100C002B60EF6102B0BDE8F041FEF7B4BAA3
S31508015C20A069020838B50A4604460D4601460748E2
S31508015C30FFF78CFF2A4621460548FFF787FF2A46C4
S31508015C4021460448BDE83840FFF7A4BFE0690208C9
S31508015C50D0690208C06902080A4601460148FFF7E9
S31508015C60BDBF00BFB06902084368187980F001001A
S31508015C7070477047002310B543600B4B03600B4B0D
S31508015C800446C0E902301020FEF752FC084B0949C8
S31508015C902246FEF7CFFD04F10802032140F2026015
S31508015CA0FFF7B6F8204610BDAC4C0208006A020898
S31508015CB0F44E0208086A020810B5034B036004464D
S31508015CC0FEF725FA204610BD146A020810B50446E7
S31508015CD0FFF7F2FF20467821FEF736FC204610BD75
S31508015CE090F8653043B9B0F84830C0E91A33B0F8CE
S31508015CF050300BB1C0E91C33704790F8663053B188
S31508015D00826E42B9012B07D180F820300023C0E901
S31508015D101A3380F866307047022B04BF012380F8D6
S31508015D202830F3E7B0F8503033B1836E23B9006FEA
S31508015D30C01A18BF012070470020704790F86510F7
S31508015D4010B5024641B1002380F8653082F8663005
S31508015D500023C2E91A3310BDFFF7E4FF38B1012366
S31508015D6082F8383082F8651082F86610F0E7B2F8E2
S31508015D70601039B1D2E91A431B1B8B4202D982F84A
S31508015D806600E5E7B2F8580092F8663020B1D2E924
S31508015D901A41091B814208D30133DBB2022B82F86F
S31508015DA0663005D8B2F84030D3E7002BD0D0F9E7F2
S31508015DB0012382F830300023C8E790F865305BB9D3
S31508015DC090F8662032B9826E22B9B0F85030B3FA2B
S31508015DD083F35B09184670470023FBE708B50146BC
S31508015DE0FFF7EBFF20B1012381F8383081F86530E0
S31508015DF008BD2DE9F0410025044680F8205080F8B9
S31508015E00285080F8305080F83850C06803681B68FD
S31508015E10984794F864700646A0B187F001082F46A2
S31508015E2004F1680084F86460FEF753FB04F170001E
S31508015E30FEF74FFB2046B8F1000F05D0BDE8F0414B
S31508015E40FFF74EBF8046EBE71FB1BDE8F041FFF70C
S31508015E5075BF1EB1BDE8F041FFF7C0BFBDE8F0410F
S31508015E60FFF74BBF70B5044615460E46FEF758F9BF
S31508015E701B4B23602B6823616B681A4A63612B8964
S31508015E8023830023C4E90923C4E90B23C4E90D23A9
S31508015E90E261154AE660C4E91123C4E91323C4E99A
S31508015EA01523C4E91723C4E91A33C4E91C33236249
S31508015EB02364E263A4F8643084F866302B88A4F876
S31508015EC040306B88A4F84830AB88A4F85030EB888A
S31508015ED0A4F858302B89A4F86030204670BD00BF5D
S31508015EE0146A0208AC4C02080868020810B5034B8C
S31508015EF003600446FEF70BF9204610BD2C6A02081A
S31508015F0010B50446FFF7F2FF20461421FEF71CFBE5
S31508015F10204610BD70B50446C06803681B689847DB
S31508015F2068B1246923682046D3E90035984780F08B
S31508015F3001012B462046C9B2BDE87040184770BD1D
S31508015F4070B504460E461546FEF7EAF8024B23607D
S31508015F50C4E90365204670BD2C6A0208037F30B484
S31508015F600246046A23B1436AA342B4BF013300233C
S31508015F70D06853620168127D4D6882B94FF4FA629E
S31508015F8002FB03F191FBF4F1A1F57A710029B8BF7F
S31508015F904942C1F57A712B4689B230BC18474FF48C
S31508015FA07A71F8E710B5034B03600446FEF7AFF8BC
S31508015FB0204610BD446A020810B50446FFF7F2FFF1
S31508015FC020462821FEF7C0FA204610BD70B50446C2
S31508015FD00E461546FEF7A4F80649074B236000232B
S31508015FE0C4E90613C4E90853E660636121612046E2
S31508015FF070BD00BFAC4C0208446A0208F0B50578CA
S315080160004668402D29D00123AB405C1E40F2D2439D
S315080160109E4225D041F2E1039E422FD18E68CB687C
S31508016020C2F14001491B36BA1BBAC1F12007A1F1D9
S315080160302002CB4006FA07F73B4326FA02F213433E
S3150801604023406A1E012101FA02F2047A82EA030058
S31508016050801A002C08BF1846F0BD4FF0FF34D5E76B
S31508016060D1E90237C2F12006A2F12001D34007FA8D
S3150801607006F6334327FA01F10B43E1E70023E0E78C
S31508016080F0B5054685B0CDE9020141F31C0300EBE5
S31508016090C1002C46002B05DC844211D154F8040CAE
S315080160A005B0F0BD591004EBC10654F8317097429A
S315080160B0DEBF591A01F1FF3106F108040B46E9E77B
S315080160C0A5426068ECD00092034654E9011254F8DF
S315080160D0080CFEF74CFAE3E770B50446D1E905303A
S315080160E086B003EBC00083421D4608D10D69012D18
S315080160F00ED80023C4E90033204606B070BD53F814
S31508016100086B9642EFD16B68236001232371F3E78D
S31508016110CB6893E80300CDE90035CDE9020105F125
S315080161200055013D03EBC50393E80300029B9A4220
S31508016130CDE90401DDDB8242DBDCDDE90001FFF7A5
S315080161409FFF2060E1E738B50D460446114628460B
S315080161501A46FFF753FF294602462046FFF7BCFFBA
S31508016160204638BD37B504460D4614300021FEF7E2
S315080161703AF921692A460B7EC9696846FFF7E3FFA2
S315080161809DF80420A18D82F00103002914BF002384
S3150801619003F0010384F828303AB1236800991B6992
S315080161A0204603B0BDE83040184703B030BD838DA3
S315080161B010B5044613B1013B838510BD0369DB891C
S315080161C0002BFAD001211430FEF70DF96369002B73
S315080161D0F3D1236820465B69BDE81040184740683B
S315080161E0FFF7C0BF73B5044615460E46FDF798FF7F
S315080161F00F4B2A7CA9682360C4E90365EB8904F17E
S315080162001400FEF793FF6B682A7C198804F12400B1
S31508016210FEF762FFAB89A385064BE068CDE900343A
S315080162206946D5E90823FBF721FB204602B070BD74
S315080162305C6A0208DF61010813B5084B084A036066
S31508016240C368CDE9002004466946D868FBF741FFD3
S315080162502046FDF75CFF204602B010BD5C6A0208C5
S31508016260DF6101087047036810B51B690446984742
S3150801627030B104F110000021BDE81040FEF7ADB8B9
S3150801628010BD10B5044601211030FEF7ACF823699C
S315080162902BB9236820465B69BDE81040184710BD35
S315080162A04068FFF7E0BF000073B504460D46164681
S315080162B0FDF736FF0A4B23600A4BA36104F110036D
S315080162C0E361094BE560CDE900342846C4E9046673
S315080162D0DDE906236946FBF7C9FA204602B070BD17
S315080162E07C6A02085C4F0208A162010813B5084BD3
S315080162F0084A0360C368CDE9002004466946D868A0
S31508016300FBF7E7FE2046FDF702FF204602B010BD67
S315080163107C6A0208A162010882B0142A8DE8060087
S3150801632006D89DE80600D0F84C0102B002F07CB907
S3150801633002B0704706C94068FFF7EEBF034603C9B6
S3150801634082B08DE803009DE80600586802B005F0A2
S31508016350EBB9000030B50C4B87B004460D46CDE9C4
S315080163600230009208490246142305F023F8074B28
S31508016370C4F84C51284604A9CDE9043402F0A7F81B
S31508016380204607B030BD00BF356301083D630108EB
S315080163904068704741600120704782B00831082380
S315080163A0019300916B4413E906000C3002B005F025
S315080163B0BBB94068FFF7F1BF13B5124B124A036028
S315080163C0D0F858310446CDE900206946D868FBF76C
S315080163D080FED4F8483104F5A471002299420BD104
S315080163E0E06918B1616A091AFEF7AEF82046FDF7A9
S315080163F08EFE204602B010BD1868C3E90022034686
S31508016400ECE700BFAC6A0208B363010810B504469D
S31508016410FFF7D2FF20464FF4B671FEF795F82046EE
S3150801642010BD10B586B0CDE90012D0F86821044632
S3150801643022F06043C2F3807043EA4073C2F34072AC
S3150801644043EA8273029A02F000421343019A0293C5
S315080164504FF60873ADF80C30012A4FF00003CDE969
S31508016460043309DD04A808F08DFDD4F8580102A902
S31508016470FBF750FB06B010BD04BF0B788DF8103042
S31508016480F3E706C94068FFF7CCBF000070B50446BC
S3150801649086B00D461646FDF743FE214B2360214B78
S315080164A020490096CDE902342246082304F10C005E
S315080164B004F080FF1C4B1D4AC4F85C31C4E958231B
S315080164C01B4BC4F86831C4F858511020FEF730F850
S315080164D004F5AE72174B1849FEF7ACF91020FEF712
S315080164E027F804F5B272134B1449FEF7A3F9D4F849
S315080164F06031D4F85801C3F3807223F0604141EA50
S315080165004271C3F340720E4B41EA8272CDE90434FB
S3150801651004A90023FBF7AAF9204606B070BD00BFFF
S31508016520AC6A0208836401089C6A0208F9D4FC581B
S3150801653003D4FC58FC4E0208C06A0208BC6A020869
S31508016540B363010838B51C4652B91B689D680B68C8
S3150801655008461B68984701462046A847012038BDCA
S315080165600020FCE713B50C466AB91A680DF1070154
S3150801657018469268904723689DF807105B6820467D
S31508016580984702B010BD0020FBE770B50D461646C8
S3150801659004461020FDF7CCFF33462A462146BDE8BE
S315080165A07040FEF747B9000070B505460C46144A17
S315080165B0006801F50561FFF7E8FFA868104A04F6C7
S315080165C05C01FFF7E2FF04F664010D4A6868FFF70C
S315080165D0DCFF2E691020FDF7ABFF04F66C0231468D
S315080165E0084BFEF727F9ED681020FDF7A1FF04F621
S315080165F074022946034BBDE87040FEF71BB900BF7C
S31508016600F04E0208D86A020800207047D0F8F83020
S3150801661033B10368D3F89401B0FA80F040097047A2
S3150801662018467047036802695B6803EB5203B3FBBC
S31508016630F2F0704711B901610120704703685B6880
S31508016640B1EB430F05D803EB5103B3FBF1F3036138
S31508016650F2E700207047036842695B6803EB52035F
S31508016660B3FBF2F0704721B94161C0F8A4100120CB
S31508016670704703685B68B1EB430F0DD8028B03EBD8
S315080166805103B3FBF1F3436153434FF47A72B3FBFE
S31508016690F2F3C0F8A430EAE70020704790F83830E2
S315080166A0032B0BD1B1F57A7F08D8B0F8AC308B4201
S315080166B028BF0B46A0F8AE3001207047002070476E
S315080166C04369B1F57A7F28BF4FF47A71018359433B
S315080166D04FF47A73B1FBF3F1C0F8A41001207047A7
S315080166E0406870470020704700797047002070475E
S315080166F0007970470171012070474068FFF7ABBF09
S315080167004068FFF783BF4068FFF7ADBF4068FFF7F2
S31508016710C5BF4068FFF786BF4368188B7047406856
S31508016720FFF788BF4068FFF7CBBF90F8380001280C
S3150801673018BF04280CBF01200020704702680A49C7
S3150801674002F12403C31A1B114B4302EB83024FF4D4
S315080167507A7112695200A2F124034B43B3FBF2F397
S31508016760A0F8AC30704700BFF1F0F0F010B503683F
S315080167701C680A2242F20F7302FB043242F21071BC
S31508016780B2FBF1F2C0F8CC20642202FB0433B3FB5E
S31508016790F1F3C0F8DC30C0F8EC30C0F8FC3010BDBD
S315080167A04068FAF7C5BB4068FAF7BCBB037B10B56E
S315080167B00BB1C1F57A710368826803F12404001BE1
S315080167C0064C0011604303EB80031B6959434FF4E0
S315080167D07A73B1FBF3F1116010BD00BFF1F0F0F06F
S315080167E002680A4902F12403C31A1B114B4302EB3F
S315080167F08302017B13698268106801B1181A4FF484
S315080168007A725043B0FBF3F080B27047F1F0F0F0C2
S315080168104068FFF7E5BF0023C0E92C33C0E92E33F2
S31508016820C0E93033012380F8A930704738B500250F
S31508016830C0E94255FFF7EFFF04462946D830FDF770
S31508016840CCFD294604F1E800BDE83840FDF7C5BD91
S31508016850D0F8B4308B4210B52FDDC91A90F838300C
S31508016860052B18BF022B0CBF012300230029D4BF17
S3150801687000240124B3EBD17F0CBF01FB01F20022F6
S315080168809C426FF41C7422440CBF49430021002A20
S31508016890D0F8C03017DA134423EAE373C0F8C030DE
S315080168A06FF41C7319440029D0F8C43013DA0B4469
S315080168B023EAE373C0F8C43010BDD0F8B8308B4270
S315080168C0CBDB0021CAE76FF00044E41A9442D4BF37
S315080168D01B199B18E2E76FF00042D21A8A42D4BF0D
S315080168E09B185B18E6E7D0E930321A4403685B69FE
S315080168F040F271214B439A42D4BF002001207047D0
S31508016900426922B9C0F80C2180F8A8207047D0F84E
S315080169100C3101339A42D0F8A4208FBFC0F80C314C
S31508016920002380F8A830C0F80C319A429CBF012395
S3150801693080F8A8307047F8B5D0F80841056990F88D
S31508016940A8300134AC4228BF002406460F46C0F8D9
S3150801695008419BBBFFF7E9FEB6F968301A4600B154
S315080169605A424DB3002BB8BF5B421FFA83FC336D05
S315080169704FF47A7103FB0CF3B3FBF7F36B43B3FBE9
S31508016980F1F3691E8B42A8BF0B46B6F9481061455B
S31508016990A8BF614600B14942A342DBBFE41AED1A1A
S315080169A0C3EB4404A5EB4404CBBF4C434C4394FBD3
S315080169B0F3F494FBF5F422441046F8BD0022FBE7F4
S315080169C091F8A83070B51BB100230360436070BD10
S315080169D091F838600C6DB1F8AC30022E4FEA4405D7
S315080169E014D0052E12D04FF61841A3F57A7312FB6F
S315080169F001F153434FF47A72640891FBF5F193FB65
S31508016A00F2F30160534393FBF4F3DFE75A430021A2
S31508016A104FF47A73016092FBF3F25A4392FBF5F253
S31508016A204260D4E7F7B503680F460446014668464F
S31508016A309D69FFF7C5FF019BBB42A8BF3B46D4E949
S31508016A402D021E46009B9F423946B8BF1946331A86
S31508016A50002B43F6FF77B8BF5B4205FB0373002B98
S31508016A60B8BFDB1900EBA3308B1AB042D4BFC4F808
S31508016A70B400C4F8B460002B43F6FF70B8BF5B429C
S31508016A8005FB0303002BB8BF1B18A2EBA3328A42EE
S31508016A90ACBFC4F8B820C4F8B81003B0F0BD2DE9EE
S31508016AA0F04F0446164685B08A463146FFF728FF59
S31508016AB0FFF741FF2368D3E90072054620460A23FA
S31508016AC0B2FBF3F9FFF731FE236A226B94F8A8B0FB
S31508016AD0D4F828C041F2883102FB09F203FB09F315
S31508016AE093FBF1F392FBF1F1021E029214BF3246B7
S31508016AF000220192226D4FF47A706A4392FBF0F2FA
S31508016B00019802440392D4F8BC20A5EB0A0051432C
S31508016B1048BFFF31434303EB2123AAEB0508D4F809
S31508016B20B010C4F8BC30BBF1000F40F0868040F6C7
S31508016B30B8324FF00A0EB7FBFEF74F45A8BF4F46CE
S31508016B4002FB09F20CFB07F741F2883C97FBFCF7BD
S31508016B5000FB07175042874203DBBA42A8BF3A46F1
S31508016B601046C4F8B000039F90FBF9F01F44074490
S31508016B704FF47A735F4397FBF6F79F425FDD4FEA5F
S31508016B80D87394F8A920002A61D1002B5FD19846C1
S31508016B90B4F8AC3094F8AA904BEA080B8BF0010BC9
S31508016BA0B9F1000F18BFD9469F42A8BF1F464946EB
S31508016BB0204627EAE777FFF7F6FDB9B22046FFF741
S31508016BC0F5FD94F8AA303BB151462046FFF740FE41
S31508016BD032462946FFF726FFB9F1000F27D0236D64
S31508016BE07E4303FB05F14FF47A7391FBF3F896FBA9
S31508016BF0F3F6019BF61A4FF4FA6391FBF3F1029B44
S31508016C0004F1D800002B36D001F5FA718E42D4BFB3
S31508016C1000210121A8F1FA08FDF7E5FBB6EB480FBB
S31508016C20B4BF0121002104F1E800FDF7DCFB0123D3
S31508016C3084F8AA3005B0BDE8F08F084693E7B8F1A5
S31508016C40000FD4BF0023012303EAD77399E7C4F8D9
S31508016C50B01084F8A930002B99D02046FFF765FDBE
S31508016C6010B14FEAD87893E78045D4BF4FF00008B2
S31508016C704FF001088CE7A1F5FA718E42ACBF0021ED
S31508016C80012108F1FA08FDF7AEFBB6EB480FCCBFB8
S31508016C9001210021C7E72DE9F0479046FFF730FEAD
S31508016CA0B0F9686005460C461EB190F8A86086F0F2
S31508016CB001062846FFF739FD95F8AA7081461FB1E6
S31508016CC095F8A87087F001074E4514BFB5F8ACA032
S31508016CD04FF0000A39462846FFF765FD2846514612
S31508016CE0FFF764FD2846FFF796FD67B34E4514BFC7
S31508016CF041460021B9F1000F08BF4FF000084FF4D3
S31508016D007A73A1EB080103FB01F12B6D91FBF3F1FA
S31508016D1001EBD1764FEA66064FEA410105F1D80043
S31508016D2005F1E80714D03239A142D4BF0021012167
S31508016D30FDF759FB06F13201A142ACBF0021012141
S31508016D403846FDF750FB012385F8AA30BDE8F087E0
S31508016D503231A142ACBF00210121FDF744FBA6F166
S31508016D603201A142D4BF00210121E9E7F0B585B07E
S31508016D70FFF7C6FD036804465F68FFF731FD06465F
S31508016D802046FFF70DFDB4F8AE5088B11348B0FBA5
S31508016D90F7F0331AAB4201953044C8BF1D4602933A
S31508016DA0CCBF02AB01ABA842B8BF03AB03901D68C9
S31508016DB094F8AA1019B194F8A81081F00101204697
S31508016DC0FFF7F1FCA9B22046FFF7F0FC2046FFF7D2
S31508016DD02DFD012384F8AA3005B0F0BD40420F000D
S31508016DE0F8B5A1F5006140F68D154D4348BF05F28A
S31508016DF0FF7504461646ED12FFF797FC00283BD0AF
S31508016E006B4205F6CA01A4F8803041F294139942FF
S31508016E1004F1C80794BF002101213846FDF7E3FABA
S31508016E201EB901213846FDF7D8FA94F860602EBBE1
S31508016E3000212046FFF7B7FC002384F8AA3094F80E
S31508016E403830032B00F086804FF4FA712046FFF79D
S31508016E50ADFC2046FFF7EAFC002DB8BF6D42182DA0
S31508016E6077DCD4F8C830002B73D004F1F80001217F
S31508016E70BDE8F840FDF7B7BA2B46C2E7D4F8F820C3
S31508016E80002AD5D194F83830591E01290AD9191F73
S31508016E90012945D823682946B3F980212046FFF7F9
S31508016EA0FAFE06E023682946B3F980212046FFF752
S31508016EB0F6FD2046FFF717FD50B1D4E930320A2115
S31508016EC092FBF1F0834236DA062384F890300026E5
S31508016ED0D4F8C8301BB9032284F890201E46D4F88A
S31508016EE0D8301BB9012284F890201E46D4F8E83020
S31508016EF043BB022384F89030002104F1F800FDF722
S31508016F006CFA94F83830032B0CBFB4F8AE30B4F9E8
S31508016F106830C4F89830B4F88030A4F8A03013E08B
S31508016F20032B03D12046FFF721FFC2E7072384F885
S31508016F3090301646BDE793FBF1F39342CCBF052388
S31508016F400423C2E7002ED7D0D4F8F830002B7FF4FB
S31508016F506FAFF8BDB4F8AE1078E7000038B58360B6
S31508016F609DF8103003734FF47A7303833A4BC36168
S31508016F70C0E900121821C0E9081340F6B831C0E982
S31508016F800A1340230363354B4363354B3549C164C3
S31508016F90C0E90F30344B43640025C0E91935334B3A
S31508016FA033498563C0E91B30324B8564C0E9151046
S31508016FB031490565C0E904550566C165C0E91D3055
S31508016FC02E492F4BC367C0E92735C0E921104FF475
S31508016FD080732C49C0F88C10A0F8A8302A492B4B8D
S31508016FE0C0F8941000F1C801C0E92B35C0E9351580
S31508016FF0274BC0F8805000F1D801C0E9391500F1D6
S31508017000E801C0E93753C0E93B530446C0E92D55A9
S31508017010C0E92F55C0E93155C0F89050C0F89850CD
S31508017020C0F8A45080F8AA50C0F8CC50C0F8D030A7
S31508017030C0E93D15C0E93F5300F1F803C0E9413500
S31508017040C0F80C511046F9F7C9FE60682946F9F7E8
S3150801705069FF204638BD00BFF4630208E46A0208E6
S31508017060F46A02089C6A0208DC500208146B0208DA
S31508017070046B0208246B0208AC4C0208346B020844
S31508017080DC4C0208446B0208546B0208DE03F40167
S315080170905C4F02083C3070474C307047543070479B
S315080170A00B6808469B6818470B6808469B6818478B
S315080170B00B6808469B681847806870470020704728
S315080170C080687047002070478068704780687047FD
S315080170D08068704780687047806870478068704725
S315080170E08068704780687047806870478068704715
S315080170F08068704780687047F8B51D460B68084672
S315080171009B6816460C469847B0420BD92B685F69AF
S31508017110236831461B682046984701462846B847E2
S315080171200120F8BD0020FCE773B51E460B6808462A
S315080171309B6815460C469847A8420CD9336801A99D
S315080171405B69304698472368019A5B682946204659
S31508017150984702B070BD0020FBE773B51E460B6861
S3150801716008469B6815460C469847A8420FD93368C6
S315080171700DF107019B683046984723689DF807205B
S315080171805B682946204602B0BDE8704018470020D2
S3150801719002B070BD70B51D460B6808469B68164659
S315080171A00C469847B0420BD9236831461B682046DE
S315080171B098472B6801469B6828469847012070BD69
S315080171C00020FCE773B51E460B6808469B68154602
S315080171D00C469847A8420FD933680DF107019B68F9
S315080171E03046984723689DF807205B68294620465C
S315080171F002B0BDE870401847002002B070BD70B5F6
S315080172001D460B6808469B6816460C469847B042C9
S315080172100BD9236831461B68204698472B680146D7
S315080172209B6828469847012070BD0020FCE770B589
S315080172300D46164604461020FDF77AF933462A46C6
S315080172402146BDE87040FDF7F5BA70B50D461646FC
S3150801725004461020FDF76CF933462A462146BDE857
S315080172607040FDF7E7BA40684FF4887303FB0100E5
S31508017270943003681B68184740684FF4887303FB0A
S3150801728001008C3003681B68184740684FF48873FF
S3150801729003FB0100843003681B68184740684FF4F4
S315080172A0887303FB01009C3003681B681847406814
S315080172B04FF4887303FB01007C3003681B68184789
S315080172C040684FF4887303FB01005C3003681B6850
S315080172D0184740684FF4887303FB0100343003688C
S315080172E01B68184740684FF4887303FB01005C303C
S315080172F0036811465B68184740684FF4887303FBB7
S3150801730001003430036811465B68184740684FF43A
S31508017310887303FB01007430036811465B681847DC
S3150801732040684FF4887303FB0100743003681B68D7
S31508017330184740684FF4887303FB01006C300368F3
S3150801734011465B68184740684FF4887303FB0100D0
S315080173506C3003681B68184740684FF4887303FB51
S3150801736001006430036811465B68184740684FF4AA
S31508017370887303FB0100643003681B68184740687B
S315080173804FF4887303FB01004430036811465B68B8
S31508017390184740684FF4887303FB010044300368BB
S315080173A01B681847544A554B243110B5C0E90321C7
S315080173B0534AC0E90621534AC0E90921524AC0E99C
S315080173C00C21524AC0E90F21514AC0E91221514AFA
S315080173D0C0E91521504AC0E91821504AC0E91B21C4
S315080173E04F4AC0E900310123836043610362C362E6
S315080173F0836343640365C36583664367C0E91E21E6
S31508017400484AC0F88030C0E92121474AC0F88C3083
S31508017410C0E92421454AC0F898300446C0E9272125
S31508017420C0F8A4301020FDF783F8414B41492246A4
S31508017430FDF700FA04F10C013F4A4048FFF705FF42
S3150801744004F118013E4A3F48FFF7F1FE04F1240111
S31508017450394A3D48FFF7F9FE04F13001364A3B48FF
S31508017460FFF7F3FE1020FDF763F8394B394904F1AC
S315080174703C02FDF7DFF904F14801314A3648FFF7C6
S31508017480D6FE1020FDF754F804F15402334B344963
S31508017490FDF7D0F91020FDF74BF8304B314904F1CF
S315080174A06002FDF7C7F904F16C01254A2E48FFF77A
S315080174B0BEFE1020FDF73CF804F17802244B2B4957
S315080174C0FDF7B8F91020FDF733F804F18402284BCB
S315080174D02849FDF7AFF91020FDF72AF8264B274969
S315080174E004F19002FDF7A6F9154A254804F19C0115
S315080174F0FFF79DFE204610BD786B0208646B0208F3
S315080175008C6B0208A06B0208B46B0208C86B0208F0
S31508017510DC6B0208F06B0208046C0208186C02089E
S315080175202C6C0208406C0208546C0208686C02084C
S31508017530B86C0208BC6C020848680208F06C0208BC
S31508017540AC530208EC6C0208E86C0208E46C020809
S31508017550C0520208DC6C0208D86C020848520208BC
S31508017560E06C0208C06C0208D46C0208D06C0208F0
S31508017570B46C0208CC6C0208B06C0208C86C02082C
S31508017580C46C02087047D0E9003201EB6200184763
S3150801759013B50A4B009300230193436814464FF42D
S315080175A0887202FB01316846FFF7EDFF03685B68E5
S315080175B0214602B0BDE81040184700BF9D7001087A
S315080175C013B50A4B009300230193436814464FF4FD
S315080175D0887202FB01316846FFF7D5FF03685B68CD
S315080175E0214602B0BDE81040184700BF997001084E
S315080175F013B50A4B009300230193436814464FF4CD
S31508017600887202FB01316846FFF7BDFF03685B68B4
S31508017610214602B0BDE81040184700BF9570010821
S3150801762007B5094B00930023019343684FF4887209
S3150801763002FB01316846FFF7A6FF03681B6803B022
S315080176405DF804EB184700BF9D70010807B5094BA3
S3150801765000930023019343684FF4887202FB0131BA
S315080176606846FFF790FF03681B6803B05DF804EBF3
S31508017670184700BF9970010807B5094B0093002305
S31508017680019343684FF4887202FB01316846FFF79C
S315080176907AFF03681B6803B05DF804EB184700BF5F
S315080176A09570010890F8B4311BB990F8DC3183F074
S315080176B001031846704700797047436803EB810355
S315080176C0B3F90200704780687047436833F92100AF
S315080176D070478068704700797047017101207047CB
S315080176E0406803681B681847406803681B681847A1
S315080176F038B504462C30FFF7F7FF054604F14C0070
S31508017700FFF7F2FF281A18BF012038BD08B50C305B
S31508017710F3F725F8002814BF6420002008BDB0F946
S3150801772004007047808870474068FFF7EFBF4068DC
S31508017730FFF7DEBF37B583688DF8071004460D4697
S3150801774008300DF10701984700B1257103B030BD26
S3150801775013B50C4672B91A680DF1070192681846F5
S31508017760904723689DF807105B68204602B0BDE87C
S3150801777010401847002002B010BD10B51C4652B97A
S315080177800B6808461B689847236801469B6820468C
S315080177909847012010BD0020FCE70978406800F0F1
S315080177A07EBC70B50D46164604461020FCF7C0FE91
S315080177B033462A462146BDE87040FDF73BB870B509
S315080177C00D46164604461020FCF7B2FE33462A46F5
S315080177D02146BDE87040FDF72DB84368B3F90000AE
S315080177E070474068FFF75EBF38B5124B0360044621
S315080177F0114BC0F8103100F58870FCF788FCD4F8F5
S315080178000C0158B9D4F8000170B904F1C000FDF7AC
S31508017810DBFC2046FCF77BFC204638BD05680821C1
S31508017820FCF792FE2846ECE705680821FCF78CFE72
S315080178302846E9E7C46D0208A46E020810B5044695
S31508017840FFF7D2FF20464FF41071FCF77DFE204664
S3150801785010BD03681B68184710B5044600F5887003
S31508017860FFF7F7FF04F1C000FFF7F3FF10BD036848
S315080178705B681847F8B505468C30FFF735FF0446AF
S3150801788005F19400FFF730FF002CA4EB0003A5F8DF
S315080178900C3229DD4FF47A7320EAE0714FF6FF7650
S315080178A05943B1FBF4F1B14228BF3146A5F8141288
S315080178B005F15C00FFF718FF80EAE071A1EBE071C2
S315080178C00B48A4FB044789B23B462246A1FB0001AB
S315080178D007F072F9B0F5803F71F10001034600D354
S315080178E03346A5F81C32F8BD0023A5F81432F8E78B
S315080178F08096980010B5D0F8BC00144600F0BEFB7F
S315080179006423604390FBF3F000B210BD10B559B182
S31508017910B0F8E441943014FB01F4642394FBF3F4C6
S31508017920FFF7E2FE241A21B2084610BD10B5044637
S31508017930D0F8BC0000F0A2FB01462046BDE8104085
S31508017940FFF7E4BF38B504469C30FFF7CDFE454244
S315080179502DB215EA200538BF054694F8D621B5FAA1
S3150801796085F35B09934268D0002284F8D52184F80F
S31508017970D63104F12400F2F7F2FE002869D0B4F9F1
S31508017980A42194F8BC01B4F9803101284FF06401AF
S315080179906CD002285FD0A4F8E4514D4395FBF2F56B
S315080179A04D4395FBF3F5A4F8EC5104F12C00FFF7D0
S315080179B09BFEB4F9E42101462046FFF79BFFA4F894
S315080179C0F40104F12C00FFF78FFE01462046FFF76C
S315080179D0ADFFA4F8FC0104F19400FFF785FEB4F9A4
S315080179E0E4312BB14FF0640210FB02F090FBF3F384
S315080179F0A4F8043204F18C00FFF776FE94F8AE3150
S31508017A000028D4BF0020012098423BD0002384F8E7
S31508017A10AD3184F8AE01B4F8CC21B4F89811B4F9B3
S31508017A20EC31A4F8D0214B43BF21B3FBF1F3A4F801
S31508017A30CC319B1AA4F8D23138BD94F8D52194F8E3
S31508017A40D411914286BF013284F8D52184F8DC31FC
S31508017A508FE7642295E76B43A4F8EC5193FBF1F3A6
S31508017A60534393FBF1F3A4F8E4319EE705FB01F0D8
S31508017A706A4390FBF3F392FBF1F2A4F8EC31A4F814
S31508017A80E42192E794F8AD3194F8AC219A4286BF85
S31508017A90013384F8AD3184F8B401BCE710B5D0F8E8
S31508017AA00C4134B1606803681B68984708B92468B3
S31508017AB0F7E7201E18BF012010BD10B5D0F8004108
S31508017AC004B910BD6068036800215B68984724689B
S31508017AD0F6E7000008B5054B1868F7F7CBFDD0F8AF
S31508017AE06802003818BF012008BD00BF181300201E
S31508017AF010B50446FFF7EEFF84F8FC0010B12046E6
S31508017B00FFF7DBFF2046FFF71DFF2046FFF7B2FE12
S31508017B102046FFF7C3FF84F8080104F58870FFF7CC
S31508017B20A6FE04F1C000FFF7A2FE10BDF8B5054692
S31508017B3010200E461746FCF7FBFC3B460446324628
S31508017B402946FCF777FE2046F8BD00002DE9F04FDF
S31508017B50044685B00D46FCF7E3FAC74BC74A2360CE
S31508017B60C74BE260C4E90432C4E90632C4E9083203
S31508017B70A362C44AC44BE362C4E90C23C4E90E23D5
S31508017B80C4E91023C4E91223C4E9142304F12C021D
S31508017B90C4E91623BD4ABE4EBE4FC4E9182304F1F3
S31508017BA05C02A266BC4AE26604F5B671C4E91C1217
S31508017BB0BA49C4E91E1204F17401C4E92012B84A8B
S31508017BC0C4E92223B74AC4E92423C4E92623C4E91C
S31508017BD02823B54AC4E92A23B44A0021C4E92C2337
S31508017BE0C4E92E2504F1C000182207F0BDF9FCF7F7
S31508017BF0BBFAAF4BC4F8C03004F1D80300225A606F
S31508017C0004F1E803019304F1F003AA48AA4DC4F864
S31508017C10D800C4F8E420C4F8E000C4F8EC20C4F89D
S31508017C20E8005A60C4F8F050A44DC4F80021C4E92C
S31508017C303E0204F1E001C4F80821C4F80451C4F86D
S31508017C400C2104F588700393029100F0DBF99C4836
S31508017C50C4F87C61C4E959049A48C4F8A061C4E926
S31508017C605B049948994EC4F88871C4E95D0498483B
S31508017C70C4F88001002241F28830C4F88421C4F88E
S31508017C80A821A4F88401A4F8A80143F23220C4F873
S31508017C90AC21A4F8AC01D4F8BC00C4F89471C4F8BA
S31508017CA0A4618C4F0678DFF830C2C4F8987184F85D
S31508017CB0BC6142F21077894EC4F89C21C4F88CC184
S31508017CC0A4F89C714CF2503C854FC4F89021C4E944
S31508017CD07060A4F890C1C4F8B421C4F8B051C4F8CE
S31508017CE0B871C4F8CC21C4E976520125DFF8F4C18C
S31508017CF084F8DC517C4E7D4DC4F8D021C4F8D4619A
S31508017D00C4E97A52C4E97C52C4E97E52C4E9805274
S31508017D10C4E98252C4E984C2C4E986C2C4F8C8C1A6
S31508017D20C4F8E421D0E902C2DFF8C4E1C4F8282284
S31508017D30C4E988ECDFF8BCE1C4F8342218306E4A8D
S31508017D40C4F83822C4E98BEC6C4AC4F83C02C4F87E
S31508017D50E0516B480299FFF7E9FE684A01996948BB
S31508017D60FFF7E4FE684A694804F5F471FFF727FD51
S31508017D70654A674804F5BE71FFF721FD654A6648FD
S31508017D8004F5CA71FFF70DFD5F4A644804F5D07121
S31508017D90FFF715FD1020FCF7CBFB614B614904F594
S31508017DA00872FCF747FD584A5F4804F5F071FFF77A
S31508017DB006FD554A5D4804F50071FFF700FD1020E0
S31508017DC0FCF7B6FB564B5A4904F50B72FCF732FD24
S31508017DD04D4A584804F5FC71FFF7F1FC04F50277A2
S31508017DE0494A554804F50E71FFF7E9FC464A5348D6
S31508017DF03946FFF7E4FC474A514804F50471FFF791
S31508017E00D0FC444A4F4804F50671FFF7CAFC414ABB
S31508017E104D4804F5C471FFF7C4FC3E4A4B4804F5C6
S31508017E20E471FFF7BEFCD4F8BC305B785A1E1A42DF
S31508017E3008D01020FCF77CFB454B464904F5DC725B
S31508017E40FCF7F8FC04F1D8012C4A4348FFF76EFE0B
S31508017E50FCF752FC1020FCF76BFB404B40490546EA
S31508017E6004F1F002FCF7E6FC2846FCF745FC20463F
S31508017E7005B0BDE8F08F00BFC46D0208885002083E
S31508017E8000100020546E02081C6D0208A41200207E
S31508017E9054520208D86502082C6D0208B412002053
S31508017EA03C6E0208AC1200204C6E0208446E0208B1
S31508017EB0B4680208AC4C02083C6D0208D04F0208AF
S31508017EC04C6D02085C6D02086C6D020864000A00BC
S31508017ED072010A00E40264007805C8009B7701086C
S31508017EE07C6D0208AC51020832320100DC4C0208F2
S31508017EF08C6D0208A06D0208B46D0208F44E0208E2
S31508017F00386E0208346E0208004F0208F86D02083E
S31508017F10FC6D0208F04E02080C6E0208006E02089B
S31508017F20AC530208286E0208186E02081C6E020875
S31508017F30246E0208146E0208206E0208F46D020807
S31508017F40F06D0208EC6D0208106E0208046E020854
S31508017F50E86D0208086E0208306E0208D86A02083F
S31508017F602C6E020810B5034B03600446FCF7CFF8E4
S31508017F70204610BDA46E020810B50446FFF7F2FFAD
S31508017F8020465421FCF7E0FA204610BD10B50446F8
S31508017F903430FFF7A9FBB4F94E30984225D026DADA
S31508017FA04FF0FF3384F84C30A4F84E0004F10C006E
S31508017FB0F2F7D5FB94F8513098421AD01BDA4FF0F4
S31508017FC0FF3384F8503084F8510004F12400F2F7A5
S31508017FD0C6FB94F8533098420FD010DA4FF0FF33AE
S31508017FE084F8523084F8530010BD0023DAE70123E0
S31508017FF0D8E70023E5E70123E3E70023F0E70123B8
S31508018000EEE7000010B50446FCF78AF8144B154A4A
S3150801801023601549154B616315492363C4E9043285
S31508018020C4E90632C4E90832C4E90A32C4E910329D
S31508018030A3640023C4E90E12E260A4F84C30A4F844
S315080180404E30A4F85030A4F852301020FCF770FADC
S31508018050084B094904F13402FCF7ECFB204610BD34
S31508018060A46E0208885002081C6D02080010002040
S31508018070546E0208004F0208B46E020810B5D0E922
S31508018080023203EB82029342184601D1002005E031
S3150801809033F9044B8C42F6D1B0F9020010BD407891
S315080180A0084100F0010070472DE9F04705460846EA
S315080180B0F7F7D9FA95F800A069784FF4887404FBA4
S315080180C00AF4074607EB040800F52776D8F8D032F4
S315080180D004F134005B6830449847D8F8D832E96827
S315080180E05B6804F13C0030449847D8F8E032B5F9AA
S315080180F010105B6804F1440030449847D8F8E83218
S31508018100A9685B6804F14C0030449847D8F8F03206
S3150801811069695B6804F1540030449847AB7906EB0A
S31508018120040933B104F18402297968883244FCF7D9
S315080181306FFEAB7E63B14FF4887303FB0A7304F1D8
S315080181401C00D3F8B832B5F918105B683044984763
S31508018150AB7F63B14FF4887303FB0A7304F1240000
S31508018160D3F8C032B5F91C105B683044984795F8C6
S31508018170223063B14FF4887303FB0A7704F12C00AC
S31508018180D7F8C832B5F920105B6830449847484695
S31508018190BDE8F087004870473F9A010800797047A3
S315080181A043798B4205D883798B4202D30171012029
S315080181B0704700207047012804D0831E5842584151
S315080181C000017047022070470F4B70B504460360E3
S315080181D0D0F8B40040B9666E04F1140556B92046C4
S315080181E0FBF795FF204670BD05680C21FCF7ACF935
S315080181F02846EFE7E869013E18B1696A091AFCF7EA
S31508018200A3F92835EAE700BFF06E020810B504465F
S31508018210FFF7DAFF2046CC21FCF796F9204610BD78
S3150801822010B5D1E902329A4200D110BD5A1C8A60B2
S315080182300A68D45C83685A1C82600268D454F0E7E1
S3150801824037B50B46CDE900128A18934201D103B01E
S3150801825030BD816813F8015B4C1C84600468655461
S31508018260F3E70000064B1422013A02D14FF6FF70DC
S3150801827070471968814201D1988870470833F3E736
S31508018280486F02084368D86EFFF7ECBF4368186F5A
S31508018290FFF7E8BFF0B503460C460F46054601F160
S315080182A0100C3E4603CE664528606960374605F1DF
S315080182B00805F6D130682860A17DA08A988299754B
S315080182C0D4E90601DA75E27D1A760022C3E90701C7
S315080182D05A6283F828201846F0BD000090F8263027
S315080182E082B063B90A4B0193BDF80430002063F3E9
S315080182F00F00BDF8063063F31F4002B07047036AEA
S3150801830023B190F828300BB9024BECE70023EAE7D2
S3150801831004FD010006FD010090F8263084B0CDE980
S31508018320001293B9022A03BF0A8882840123002313
S3150801833004BF012280F826208DF80C3001209DF813
S315080183400C3043EA002004B07047036A2BB190F859
S31508018350283033B9012380F8283018468DF80C00E7
S31508018360EDE70020FAE7000084B02DE9F041054663
S3150801837007A880E80E000BAE03462A461C4603CC26
S31508018380B44210605160234602F10802F6D1206812
S31508018390106000230122C5E90523DDE90C62C5E960
S315080183A007336B621A4BB3EB421F06EB421842F3D3
S315080183B01A0402D2174806F0ABFB2C2767431CB1F7
S315080183C03846FCF7B5F80446C5E9074427446F6201
S315080183D03746B84508D12C62334698450CD128460C
S315080183E0BDE8F04104B07047394620460122FFF73F
S315080183F051FF20372C34ECE75A7D02F03002002A6F
S315080184006A690CBF022103210A446A612033E4E741
S31508018410C045175D20630208837E07B563B9104B13
S315080184200093BDF80030002063F30F00BDF8023059
S3150801843063F31F4003B000BDD0E90721914202D181
S315080184400023019307E01046FFF748FF10F47F0F5A
S31508018450009002D00190019BE2E72C32EEE700BFC3
S3150801846002FD01007FB5837ECDE90012D3B9022A48
S3150801847003BF0A8802830123002308BF01228DF85E
S315080184800C304FF0010308BF82768DF80D309DF848
S315080184900C30002063F307009DF80D3063F30F20BD
S315080184A004B070BDD0E90746B44203D10023ADF844
S315080184B00C30ECE7DDE900122046FFF72DFF10F43A
S315080184C07F4F02D0ADF80C00E1E72C34ECE738B564
S315080184D004460C200D46FCF72BF8034695E80300E5
S315080184E0D4F8B4201A60C3E90101C4F8B43038BD20
S315080184F0C36810B50446586801211830F8F712FD0B
S315080185001423C4E92B33014810BD00BFDD910108CE
S31508018510FFF7EEBF13B5CDE9002313461278042AF7
S3150801852004460BD1019A597801700333033AC0E91D
S31508018530013201230373204602B010BD1022002127
S3150801854006F012FDF7E7836801680246C85C013345
S315080185509360704773B5CDE9001205460E460C4681
S31508018560019B33449C4209D0D5E902329A4205D08F
S315080185702846FFF7E8FF04F8010BF1E702B070BDE2
S3150801858083680268D154836801338360704730B5C4
S3150801859005698368026841F2E104A54204BF49BA44
S315080185A089B2D15283680233836030BDF0B5ABB06E
S315080185B0CDE90012D5B21F467F2240F2D2430646C4
S315080185C006920892099301220AAB05A84FF60651AD
S315080185D005938DF828200792FFF7D9FFA91D05A84D
S315080185E0C9B2FFF7CDFF394605A8FFF7D0FFBDF899
S315080185F0C01005A8FFF7CBFF05A80021FFF7C0FFAC
S31508018600294605A8FFF7BCFFDDE9001205A8FFF713
S3150801861017FE059B0393079B039904931A46304655
S31508018620FAF7F9F82BB0F0BD10B590F8A03086B07E
S31508018630CDE902126BB1142A0BD8D0E91532B2F87A
S31508018640502000920593DDE90212C0689BB2FFF73C
S31508018650ADFF06B010BD000030B5044685B0C5684B
S3150801866002A8F8F751F9B4F8A6300093B4F8A23085
S315080186702846DDE90212FFF799FF03480A23C4E9F0
S315080186802B3305B030BD00BF319301082DE9F04702
S3150801869090F826609EB00446884691469A46002E72
S315080186A06AD100783C4AFFF786FD91458CBF0A22BC
S315080186B009224023871805930EAA079340F2D2454B
S315080186C001234FF6045104A804928DF83830069315
S315080186D00895FFF75CFFF9B204A8FFF751FF514669
S315080186E004A8FFF754FF217804A8FFF749FF237868
S315080186F0012B0FBFA31C04F11403221D9B1A08BFEB
S31508018700099309A908BF022304A8CDE90A36CDE9C8
S315080187100C3518BF0992FFF783FD1F4B217D99453B
S3150801872004A826D8FFF72CFF049A069B617D0492BC
S3150801873004A80693FFF724FFA17D04A8FFF720FFED
S31508018740E17D04A8FFF71CFF072104A8FFF718FF1E
S31508018750217E04A8FFF714FF049B0293069B029946
S3150801876003931A464046FAF756F801201EB0BDE8AB
S31508018770F087FFF70CFFD7E7006A0028F6D094F8D0
S3150801878028203AB9A28C0092E16902464046FFF7D1
S315080187900DFFEAE70020E9E71F0007002DE9F04190
S315080187A0867E9CB0044688461746002E48D1007836
S315080187B0FFF701FD40230CAA07460393059340F2F0
S315080187C0D24501234FF6025102A802928DF83030A4
S315080187D004930695FFF7DBFEF91CC9B202A8FFF759
S315080187E0CFFE217802A8FFF7CBFE2378012B0FBF16
S315080187F0A31C04F11403221D9B1A08BF079307A99A
S3150801880008BF022302A8CDE90836CDE90A3518BF03
S315080188100792FFF705FD012102A8FFF7B1FE217DA9
S3150801882002A8FFF7ADFE029B0093049B00990193F2
S315080188301A464046F9F7EFFF01201CB0BDE8F08162
S31508018840D0E90756B54201D10020F6E72846238B21
S315080188503A464146FFF71AFF2C350028F2D0EBE7D6
S3150801886030B58BB007230693089340F2D24301AA89
S315080188700446099305A801234FF68A418DF8043069
S3150801888005920793FFF783FE05A80321FFF778FEF4
S3150801889005A80321FFF774FE002105A8FFF770FE5E
S315080188A003A8F8F731F89DF8101005A8FFF768FE38
S315080188B0059B0393079B0493E068DDE90312F9F727
S315080188C0AAFF03480A23C4E92B330BB030BD00BF06
S315080188D03995010830B58BB005230693089340F204
S315080188E0D24304460125099305A801AB4FF68541F4
S315080188F005938DF804500795FFF749FE294605A803
S31508018900FFF73EFE05A80321FFF73AFE059B0393F1
S31508018910079BE068039904931A46F9F77CFF034815
S315080189200A23C4E92B330BB030BD00BF51930108AC
S31508018930436E70B5282200F11404054602FB03466E
S31508018940A64204D12846BDE87040FFF7C3BF2046BA
S31508018950AA6EE968FFF722FF28340028F0D00148FB
S3150801896070BD00BF7D92010870B592B00546684694
S31508018970F7F7CAFF019C1A23082C0793099340F2BB
S31508018980D24328BF082401260A9306A80BAB4FF643
S31508018990834106938DF82C600896FFF7F8FD04F1DC
S315080189A00E0106A8C9B2FFF7EBFD06A80021FFF7DD
S315080189B0E7FD06A82021FFF7EAFD06A82021FFF713
S315080189C0E6FD314606A8FFF7DBFD06A80021FFF7FD
S315080189D0D7FDA119C9B206A8FFF7D2FD04A8F7F772
S315080189E093FF059B092B34BF0921082106A8FFF728
S315080189F0C7FD009BCDE9043406A8DDE90412FFF79B
S31508018A001FFC06A80021FFF7BBFD06A80021FFF7FA
S31508018A10BEFD06A80021FFF7BAFD069B0293089B37
S31508018A20E868029903931A46F9F7F5FE02480A23FC
S31508018A30C5E92B3312B070BDC593010830B58BB0AB
S31508018A4005230693089340F2D24304460125099368
S31508018A5005A801AB4FF68F4105938DF8045007958C
S31508018A60FFF795FD294605A8FFF78AFD05A80A21FE
S31508018A70FFF786FD059B0393079BE068039904931B
S31508018A801A46F9F7C8FE03480A23C4E92B330BB083
S31508018A9030BD00BF0594010870B594B00BAE05460C
S31508018AA03046F7F731FF0C9B082B05D8284614B03A
S31508018AB0BDE87040FFF7C2BF6846F7F725FF019C7E
S31508018AC0069640F2D24224231D2C0A9242F209014B
S31508018AD04FF0010206A828BF1D24CDE908230793F4
S31508018AE08DF82C20FFF753FD202106A8FFF748FD36
S31508018AF0A11CC9B206A8FFF743FD611CC9B206A8A5
S31508018B00FFF73EFD092106A8FFF73AFD009B22461D
S31508018B10194606A8CDE90234FFF792FBDDE90813E9
S31508018B208B42069A0CD1CDE90423E86804991A46C2
S31508018B30F9F771FE06480A23C5E92B3314B070BD4F
S31508018B40CDE9081306A800210692FFF719FDE5E706
S31508018B50E593010870B5036992B00446187CFFF7DE
S31508018B602AFB17230CAA06460393059340F2D2451E
S31508018B70012302A84FF68E4102928DF830300493F4
S31508018B800695FFF704FDF11C02A8C9B2FFF7F8FC28
S31508018B902369187CFFF70FFB811CC9B202A8FFF7EE
S31508018BA0EFFC2369187CFFF706FB411CC9B202A832
S31508018BB0FFF7E6FC02A80721FFF7E2FC23691A7C06
S31508018BC00B95012A0FBF123303F1140224339B1AA2
S31508018BD00ABF079307920223002207A902A8CDE933
S31508018BE009230893FFF71CFB029B0093049BE0688B
S31508018BF0009901931A46F9F70EFE03480A23C4E9B8
S31508018C002B3312B070BD00BF2594010870B58AB028
S31508018C100B230693089340F2D24305460C461646A3
S31508018C20099302AA012305A84FF6A4418DF8083035
S31508018C3005920793FFF7ABFC05A80721FFF7A0FCF0
S31508018C40314605A8FFF79CFC062301930094DDE94C
S31508018C50001205A8FFF7F4FA059B0093079B0193F9
S31508018C60E868DDE90012F9F7D6FD03480A23C5E9E4
S31508018C702B330AB070BD00BF4594010830B5D0F852
S31508018C80BC308DB0C0F8B830D0F8C430C0F8C030A8
S31508018C900E23002508930A9340F2D24303AA0446F9
S31508018CA080F888500B9307A801234FF681518DF858
S31508018CB00C3007920993FFF76AFC07A80A21FFF708
S31508018CC05FFCB4F89E1007A8FFF761FC07A8062108
S31508018CD0FFF75DFC07A80C21FFF759FC294607A8F1
S31508018CE0FFF755FC07A8C821FFF751FC079B01931D
S31508018CF0099BE068019902931A46F9F78CFD014828
S31508018D000DB030BD3199010830B589B004230493FB
S31508018D10069340F2D2430446079303A80123154656
S31508018D208DF800300593CDF80CD0FFF730FC03A879
S31508018D300021FFF725FC039B0193059B0199E06838
S31508018D4002931A46F9F767FDC4E92B5509B030BDF8
S31508018D5008B50A2241F20101FFF7D6FF004808BD0E
S31508018D60C194010808B50A224FF69241FFF7CCFFD4
S31508018D70004808BDF192010808B50A224FF60151CB
S31508018D80FFF7C2FF004808BD1193010808B50A227A
S31508018D904FF69441FFF7B8FF004808BDA5930108AF
S31508018DA090F87820012A06D890F880300BB1FFF7A1
S31508018DB0EDBFFFF7D9BD0148704700BFC18D010856
S31508018DC0FFF7EEBF30B590F87830B3FA83F391B078
S31508018DD05B0980F89C301E2304930693012308AA95
S31508018DE08DF8203005934FF6864140F2D24304466A
S31508018DF003A803920793FFF7CAFB1A2103A8FFF7F3
S31508018E00BFFB002103A8FFF7BBFB002103A8FFF75F
S31508018E10B7FB0399059A079B1025039103A800211F
S31508018E2005920793FFF7ACFB013D0399059A079B4A
S31508018E30F3D103A80721FFF7A3FB03A81021FFF726
S31508018E409FFB294603A8FFF79BFB059B039AD55071
S31508018E5003A894F89C1004330593FFF791FB039B31
S31508018E600193059BE068019902931A46F9F7D3FC29
S31508018E7002480A23C4E92B3311B030BD71930108A6
S31508018E8010B50246816803681469585A41F2E1032C
S31508018E909C4208BF43BA01F1020108BF98B291602A
S31508018EA010BD82B02DE9F04FABB004460F4691468E
S31508018EB035930DF128087F23CDF814800693DDE953
S31508018EC00523F96803A8F9F7A0FE9DF81030002BD1
S31508018ED058D0039E9DF82820019240F2D2434FF0C4
S31508018EE0010B05A80993CDE905860896CDF81CB0AE
S31508018EF0FFF729FB824605A8FFF725FB019A042AF5
S31508018F00D9D1BAF10E0F1FD10228D4D905A8FFF776
S31508018F101AFB05A8FFF7B4FF4845CCD105A8FFF70A
S31508018F2012FB079BF61A369B9E4228BF1E46359BA7
S31508018F30074623B1369A194605A8FFF70BFB277092
S31508018F4066600123237217E0BAF10F0FB3D1032824
S31508018F50B1D905A8FFF7F7FA064605A8FFF7F3FA08
S31508018F6005A8FFF78DFF8145A5D1002EA3D00023C3
S31508018F702670636084F808B020462BB0BDE8F04F30
S31508018F8002B07047D7F8AC202AB9FF23C4E90022FA
S31508018F90A2602370D5E7C4E90033A360ECE77FB587
S31508018FA00B780E2B02D0002007B000BD8B68022B70
S31508018FB0F9D94A680493CDE9012340F2D2430593CE
S31508018FC001A801230393FFF75BFF4FF60653984267
S31508018FD0E9D101A8FFF7B7FAB0FA80F04009E3E74B
S31508018FE02DE9F0430B78FF2B91B0804604D000257C
S31508018FF0284611B0BDE8F0838C68092CF7D94B686F
S31508019000099440F2D2421D880A92CDE9063406A88F
S3150801901002230893FFF734FF814606A8FFF730FFBE
S31508019020074606A8FFF78FFA064606A8FFF728FFA0
S3150801903040F601439D42DAD198F8A050002DD6D0CA
S31508019040B8F89E304B45D2D1089BE41AA642CED138
S315080190500028CCD1D8F858305B6A01930B9300935A
S3150801906001339BB29F42C2D1142E13D80BAF32469D
S31508019070394606A8CDE90276FFF76CFAD8F8B44066
S31508019080002CB5D06368201DCDE9047604A998475C
S315080190902468F5E70546ABE783780BB100238370AF
S315080190A0704710B504462430FFF7F6FF002384F80D
S315080190B0283010BD38B504461830FFF7EDFFD4E95E
S315080190C00745AC4200D138BD2046FFF7EAFF2C34EC
S315080190D0F7E7000070B5044621B1C36E03670123A3
S315080190E080F88830E568686800211830F7F71AFFB4
S315080190F00123C5F82C33636E04F11405282202FBFB
S315080191000356AE420BD10023A36604F1A200FFF772
S31508019110C3FF04F1A600FFF7BFFF034870BD284649
S31508019120FFF7C8FF2835ECE71185010810B5044695
S31508019130AC30FBF7CEF904F1B800FBF7CAF904F134
S31508019140C000FBF7C6F9E36E20469847E368E06678
S3150801915093F8302312B993F831233AB10022A3F8D0
S31508019160302301212046FFF7B5FFE06610BD000058
S31508019170F0B5A5B00446002504AE7F273B46E16855
S3150801918032466846CDE90267F9F73FFD9DF8043096
S3150801919063B1009B052BF1D90E480622314605F02D
S315080191A0BAFE002808BF45F00105E7E72DB12046BC
S315080191B025B0BDE8F040FFF7CBBDD4F8AC3033B9E4
S315080191C00121204625B0BDE8F040FFF783BF0248DC
S315080191D025B0F0BD406F0208DD910108FFF7C8BF51
S315080191E02DE9F041436E00F11405282202FB0358CC
S315080191F092B004462E462F460022474508D03846E7
S31508019200FFF70AF910F47F0F82B207F12807F4D0A5
S3150801921020230AAF0693009321463B4607A80597E4
S31508019220FFF73FFE9DF824301BB9E06E12B0BDE88A
S31508019230F0819DF81C3023B101212046FFF74AFF32
S31508019240F4E7636E282202FB0355AE42F4D0089B6D
S3150801925005970693DDE905123046FFF703F910F481
S315080192607F4FADF80C0007D09DF80C30002BE3D0EA
S315080192702046FFF75DFBD9E72836E6E7FFF7B0BFDB
S3150801928010B58AB0CDE90223002300930A460446A5
S31508019290014607A8CDE90533FFF703FE9DF82430FB
S315080192A013B9E06E0AB010BD9DF81C3053B9DDE95B
S315080192B00232511004EB6200D20744BF6258D358F8
S315080192C09847EFE7012120460AB0BDE81040FFF7AD
S315080192D001BF000082B0054B009300230193DDE92D
S315080192E000234FF6924102B0FFF7CABF798D0108F4
S315080192F0FFF7F0BF82B0054B009300230193DDE928
S3150801930000234FF6015102B0FFF7BABF6188010881
S31508019310FFF7F0BF82B0054B009300230193DDE907
S3150801932000234FF6065102B0FFF7AABF318901089B
S31508019330FFF7F0BF82B0054B009300230193DDE9E7
S3150801934000234FF6854102B0FFF79ABFC58D010884
S31508019350FFF7F0BF82B0054B009300230193DDE9C7
S3150801936000234FF6864102B0FFF78ABFC59601086A
S31508019370FFF7F0BF37B5094B009300240194DDE9E7
S3150801938000234FF694410546FFF77AFF044B9842AE
S3150801939008BF85F8804003B030BD00BF6989010860
S315080193A0C5930108FFF7E6BF82B0054B009300237A
S315080193B00193DDE900234FF6834102B0FFF760BF51
S315080193C0998A0108FFF7F0BF82B0054B0093002385
S315080193D00193DDE9002342F2090102B0FFF750BF0C
S315080193E03D8A0108FFF7F0BF82B0054B00930023C1
S315080193F00193DDE900234FF68F4102B0FFF740BF25
S31508019400558B0108FFF7F0BF82B0054B0093002387
S315080194100193DDE900234FF68E4102B0FFF730BF15
S3150801942095810108FFF7F0BF82B0054B0093002331
S315080194300193DDE900234FF6A44102B0FFF720BFEF
S315080194407D8C0108FFF7F0BF70B58EB003AE092514
S31508019450334601460446009541F2010206A80996DB
S315080194600A95FFF71EFD9DF8203013B9E06E0EB080
S3150801947070BD9DF81830F3B9079B082B1BD140F234
S31508019480D2430D9309A801230B93CDE909650C95E0
S31508019490FFF7F6FC09A8FFF756F8054609A8FFF7EE
S315080194A0EFFC09A8FFF7ECFC40EA0540A066204658
S315080194B0FFF758FCDBE701212046FFF70BFED6E74D
S315080194C0FFF7C2BF70B58CB002AE07253346014619
S315080194D0044600954FF68A4204A807960895FFF7B1
S315080194E0E0FC9DF8183013B9E06E0CB070BD9DF81C
S315080194F01030E3B9059B062B19D140F2D243CDE9C9
S3150801950007650A950B930125BDF80830A4F8A23022
S31508019510022284F8A45007A80992FFF7B1FC84F83F
S31508019520A850A4F8A6002046FFF796F8DDE7012122
S315080195302046FFF7CFFDD8E7FFF7C4BF2DE9F04F67
S315080195400446A7B00D461646FAF7EAFD554B2360C1
S31508019550554B6367554BE367554BC4F88430554BF8
S31508019560C4E92334544BC4E90356C4E92534002518
S315080195701923C4E92F3503273323C4F8C430A56753
S3150801958005A8C4E91955C4E91B55C4E92B55C4E90D
S315080195902D5584F87A70C4F88050C4F8885084F838
S315080195A09C50C4F89E50C4F8A250C4F8A650A4F81A
S315080195B0C8500DF13809F7F7A7F960222946484638
S315080195C005F0D2FC3D4B0E93A3F5A023169303F5A4
S315080195D080331E934FF0020A23698DF84DA08DF84A
S315080195E06DA08DF88DA05A688DF84C20D3E900122C
S315080195F0CDE91412DA688DF86C20D3E90232DDE977
S315080196000501CDE91C32CDE92401069B8DF88C3084
S31508019610132229460DF1250005F0A6FC01238DF834
S31508019620243041F60A03ADF82630636E534504F13A
S3150801963014084FF0280B16D0CDE907970798CDE9FE
S315080196400207DDE90C018DE8030009AF0BFB038076
S3150801965097E80E00FEF788FE636E0133534563668D
S315080196600BFB038801D105F049FC154BCDE9093AF5
S3150801967097E80300CDE90201F069316A6B4603C335
S31508019680404631697269B369FEF76EFE636E01334E
S31508019690636629462046FFF71DFDE066204627B08A
S315080196A0BDE8F08FF06E0208C06E0208AC4C0208E5
S315080196B0D04F0208D06E0208E06E02080100292A7E
S315080196C0006F020808B59E30FFF7E6FC004808BDA2
S315080196D0C18D010830B50B78052B87B0054603D037
S315080196E00024204607B030BD8B68032BF8D94A6899
S315080196F00493CDE90123147840F2D243059301A8D6
S3150801970001230393FFF7BCFB002CE9D195F8A04090
S31508019710002CE5D0B5F89E308342E1D105F19E00D3
S31508019720FFF7BAFCDDE7F0B5A9B0044608AE7F2716
S31508019730CDE90467E168DDE904236846F9F765FAC6
S315080197409DF80430BBB1009B03933246214604A819
S315080197500296FEF7DFFE9DF81C30002BE8D004A91F
S315080197602046FFF7B7FF0028E2D000212046FFF781
S31508019770B1FC29B0F0BDD4F8AC1029B9204629B0FE
S31508019780BDE8F040FFF7A6BCE06EF2E7FFF7CBBFF6
S3150801979010B590F8A0308AB004462BB901210AB059
S315080197A0BDE81040FFF796BC07230693089340F2DD
S315080197B0D24301AA099305A801234FF693418DF8CF
S315080197C0043005920793FEF7E2FE05A80321FEF78A
S315080197D0D7FEB4F89E1005A8FEF7D9FE05A81321F1
S315080197E0FEF7CEFE059B0393079B0399E068049356
S315080197F01A46F9F710F83223C4E92B332046FFF746
S3150801980092FF0AB010BD0000F0B590F87830032B2E
S31508019810ADB0044604D12DB0BDE8F040FFF7B8BF9E
S31508019820D0F8B8700CAE0FBB04230D930F9340F21A
S31508019830D24303AA10934FF47C41012330468DF895
S315080198400C300C920E93FEF7A2FE39463046FEF70F
S3150801985097FE0C9B07930E9B0893DDE90712E068B8
S31508019860F8F7D9FFD4F8BC30C4F8B8307F27CDE96A
S315080198700767E168DDE9072301A8F9F7C6F99DF845
S315080198800830002B4FD0019B07960893DDE9072383
S31508019890214603A8FEF73EFE9DF81830002BE6D0B8
S315080198A003A92046FFF716FF28B100212046FFF736
S315080198B011FC2DB0F0BD03A92046FFF791FB03A9C2
S315080198C02046FFF707FF03A92046FFF768FB38B1D3
S315080198D0D4F8BC30C4F8B830D4F8C430C4F8C030B1
S315080198E09DF80C300E2B13D1DDE90423CDE90723AE
S315080198F00A9340F2D2430B9307A801230993FFF772
S31508019900BFFAB0F57C4F04BFD4F8C430C4F8C030F0
S31508019910D4F8C0302BB9E36E23672046FFF738FF2A
S31508019920C7E70248C5E7E06EC3E700BF31990108FA
S31508019930FFF76ABF2DE9F04390F88030B1B00446CD
S31508019940002B3AD190F878309A1E012A35D990F829
S315080199509C20B3FA83F35B099A422ED10DF1400894
S315080199604FF07F09CDE90B89E168DDE90B2303A8EF
S31508019970F9F74BF99DF81030002B5ED0039BCDF813
S315080199802C800C93DDE90B23214607A8FEF7C2FDBF
S315080199909DF82830002BE5D040F2D242DDE90836A1
S315080199A00F929DF81C200E963E2ACDE90B360BD058
S315080199B007A92046FFF78EFED4E70021204631B0DD
S315080199C0BDE8F043FFF786BB032EF1D91F780123C3
S315080199D09F420D93ECD10BA8FEF7B5FD0028E7D100
S315080199E00BA8FFF74DFA94F87830A4F89E0084F88E
S315080199F0A070F3B10B2E06D839462046FFF76AFB4D
S31508019A0031B0BDE8F0830BA8FEF79DFD0BA8FEF764
S31508019A109AFD01AE062307461A4631460BA8059656
S31508019A200693FEF797FD3A4631462046FFF7EEF8CC
S31508019A30E6E72046FFF722F9E2E7E06EE0E7FFF7FF
S31508019A4079BF13B50C4672B91A680DF10701926808
S31508019A501846904723689DF807105B68204602B0B0
S31508019A60BDE810401847002002B010BD10B51C46CD
S31508019A7052B90B6808461B689847236801469B68D4
S31508019A8020469847012010BD0020FCE710B5044682
S31508019A901020FAF74DFD04F17402144B1449FAF734
S31508019AA0C9FE1020FAF744FD04F17C02114B124954
S31508019AB0FAF7C0FE1020FAF73BFD04F18C020F4BB2
S31508019AC00F49FAF7B7FE1020FAF732FD04F19402AE
S31508019AD00C490A4BFAF7AEFE04F184020121BDE8EE
S31508019AE010404CF25820FBF793B900BFF46F0208F7
S31508019AF004700208F44E0208F86F0208F04E0208D4
S31508019B0000700208FC6F020880887047B0F90400EB
S31508019B1070471520704700797047084400797047E7
S31508019B20084402710120704710B5034B03600446CF
S31508019B30FAF7EDFA204610BD5470020810B504462E
S31508019B40FFF7F2FF2046D821FAF7FEFC204610BDA2
S31508019B5043798B4205D883798B4202D3017101205F
S31508019B6070470020704770B50D461646044610200A
S31508019B70FAF7DEFC33462A462146BDE87040FAF775
S31508019B8059BEB0F906308B4206DCB0F908308B4273
S31508019B9002DB81800120704700207047C3888B4211
S31508019BA005D803898B4202D38180012070470020A2
S31508019BB070472DE9F0410446C068D0F88C308C30E6
S31508019BC01B6898470746E068D0F8943094301B68BC
S31508019BD098470546E068D0F8E03100F5F0701B6853
S31508019BE098470646E068C36D5C301B689847236A48
S31508019BF0D4F824E0A5EB030CE369F11AA369C21AA8
S31508019C0063694FF4C848FB1A08FB03F3B3EB0E0369
S31508019C1048BF07330EEBE3036362D4F830E04FF431
S31508019C20C84303FB0CF3B3EB0E0348BF07330EEB34
S31508019C30E303D4F82CC023634FF4C8434B43B3EB77
S31508019C400C0348BF07330CEBE303A16AE3624FF445
S31508019C50C84353435B1A48BF073301EBE301C4E921
S31508019C600570C4E90765A162BDE8F0812DE9F04FE9
S31508019C700669B6F90830378923EAE3738B428DB052
S31508019C8006F1080506D8B6F9303023EAE3738B42A4
S31508019C9028BF0B46AC46002439B221EAE1718B4252
S31508019CA03CF8027F08D339B221EAE1718B4207D326
S31508019CB0132C05D00134EFE70134142CECD1002420
S31508019CC06700610007F10209029135F9141035F9A7
S31508019CD0097021EAE171002FACBFC1EB07054D42BE
S31508019CE0002D69D090F8B0A0BAF1000F64D006F142
S31508019CF0380E5B1A3EF809703EF814B001976421D4
S31508019D004B43B3FBF5F3CD1A5F4305FB0B77B7FB63
S31508019D10F1F1571A00F1C80100F1B8020DF1180C5A
S31508019D20039151681068E046A8E8030003990832D0
S31508019D308A42C446F5D11068C8F80000127988F835
S31508019D40042004F130020DEB0201642011F8182CED
S31508019D5002EB4202B2FBFAF20332D2B27D4395FB21
S31508019D60F0F5154111F8172C019902EB4202B2FBE5
S31508019D70FAF20332D2B27B4393FBF0F3134119444F
S31508019D80336803EBC4035D445868049082B2040C3B
S31508019D90AA42D868B8BF2A4683B2A242A8BF2246B9
S31508019DA08B42B8BF0B46000C029C8342A8BF0346F0
S31508019DB02EF804202EF809300DB0BDE8F08F38B51D
S31508019DC00446C068D0F88C308C301B689847002848
S31508019DD01BDDE068D0F8103200F504701B6898475F
S31508019DE00546E068D0F8183200F506701B689847F2
S31508019DF094F8D430024643B194F848302BB1294639
S31508019E002046BDE83840FFF731BF38BD2DE9F74F89
S31508019E1004460E461546FAF783F96B4B2360C4E9E7
S31508019E2003656A4B6A4863646425002104F14C039F
S31508019E304FF4FA7204EB050914260193C4E91411C7
S31508019E40C4E91711C4E90511C4E90711C4E90911DF
S31508019E50C4E90B11C4E90D11C4E90F11A164E06449
S31508019E60A4F85050A4F85420A065A4F86020A4F8DA
S31508019E705C60C9E901116066A4F86850A4F86C2011
S31508019E80C4E91D11C4E92611C4E929112067A4F8FA
S31508019E907820E067C4F88800A4F89C20A4F8A820D4
S31508019EA04C484D4AC4F88C00C4F8AC20D7204FF46E
S31508019EB0B2724FF0320CC4F8B010C4F89010A4F87E
S31508019EC07450A4F89000A4F8B0204448A4F898C0A7
S31508019ED04FF47A75FF22A4F8A4C0C4E92011C4F886
S31508019EE09400A4F880C0C4F8A00084F8B220A4F8AD
S31508019EF084501C2204F1B40005F036F8384AC4F837
S31508019F00B4200021374AC4F8D410C4F8D0200199E6
S31508019F10354A3648FFF727FE04F15801324A3448D4
S31508019F20FFF721FE4946304A3248FFF71CFE04F185
S31508019F307C0704F170012C4A2F48FFF714FE3946B5
S31508019F40294A2E48FFF70FFE04F18801264A2C48B4
S31508019F50FFF709FE1020FAF7EBFA04F19402294BF0
S31508019F602949FAF767FC1020FAF7E2FA04F1A00288
S31508019F70244B2649FAF75EFC1020FAF7D9FA04F1C0
S31508019F804402234B2349FAF755FC1020FAF7D0FA75
S31508019F9004F1D0021E4B2049FAF74CFC1020FAF7BF
S31508019FA0C7FA04F1AC021D4B1D49FAF743FC102010
S31508019FB0FAF7BEFA1B4B1C4904F1B402FAF73AFC4C
S31508019FC0204603B0BDE8F08F54700208AC4C020875
S31508019FD0107002083C00D8FF307002082070020891
S31508019FE040700208D04F0208004F0208907002081C
S31508019FF08C70020888700208847002088070020852
S3150801A0007C700208F04E0208787002087470020823
S3150801A010F44E02087070020864700208D86A0208D1
S3150801A0206C700208C0650208687002080028B8BF8B
S3150801A03040427047F8B504463430FAF74AFA04F153
S3150801A0403C00FAF746FAE068D0F8B430B4301B6839
S3150801A05098470746E068C36D5C301B689847054614
S3150801A060E068D0F88C308C301B6898470646E06863
S3150801A070FDF73EFB40B13223C4E90D33B4F89830FD
S3150801A080C4E90F330020F8BD636B002BF6D1B6F592
S3150801A090FA7FF3DBE068436914301B6898470028A8
S3150801A0A0ECD1E068C3691C301B6898470028E5D1E4
S3150801A0B0B4F98C30BB42E1DCE068D0F894309430D6
S3150801A0C01B6898474FF47A7120EAE0734B43B3FB58
S3150801A0D0F6F3A3F57A73002BB4F8A420B8BF5B4254
S3150801A0E09A42CBDAB4F98030AB42C7DC606AFFF733
S3150801A0F09DFFB4F95030B0EB032FBFDCA06AFFF720
S3150801A10095FFB4F95C30B0EB032FB7DCE06AFFF7D3
S3150801A1108DFFB4F96830B0EB032FAFDC206BFFF786
S3150801A12085FFB4F97430B0EB032FA7DCE06BB0FA06
S3150801A13080F04009A7E710B50446FFF73AFD204627
S3150801A140FFF778FF84F8D4002046BDE81040FFF7F2
S3150801A15036BE436833F9110070474368012023F876
S3150801A160112070478068704700EB4100B0F9040080
S3150801A170704708207047B0F91430934208DCB0F9EB
S3150801A1801630934204DB00EB4100828001207047C0
S3150801A1900020704770B50D46164604461020FAF79A
S3150801A1A0C7F933462A462146BDE87040FAF742BB4D
S3150801A1B02DE9F04704468A4691460021182204F003
S3150801A1C0D3FE304B63604FF6EC732F4A23812F4B36
S3150801A1D02F4E2660C4E903232E4B63611822002102
S3150801A1E004F1180004F0C0FE2B4BE36103F1FA6396
S3150801A1F003F2DC53236203F1FA6303F5FA6363623C
S3150801A20003F1FA6303F5FA63A36243F69823A66199
S3150801A210E385C4E90CA98020FAF78AF900F18002DE
S3150801A22004F1300604F1040804F11C07A063226452
S3150801A2300021034623F8021B9A42FBD1174BE2631E
S3150801A240C4E911304023C4E913386366144B082264
S3150801A250C4E91720C4E91A36C4E915272146114A63
S3150801A2601148FFF797FF04F118010E4A0F48FFF747
S3150801A27091FF0C4A0E4804F14401FFF78BFF204673
S3150801A280BDE8F087D4FE83FF19007D002C01F40197
S3150801A290AC70020868C5983AF401E803C070020870
S3150801A2A0D4700208AC530208E4700208E070020890
S3150801A2B0DC700208F7B50C46CDE9001201EB420540
S3150801A2C042F31E012246002907DCAA4213D1043AA9
S3150801A2D002600223436003B0F0BD4E1021F001076E
S3150801A2E032F916C09C451744BDBF891BBA1C01F13A
S3150801A2F0FF313146E7E7023DAA424FF0020302D198
S3150801A300023A0260E6E79442FAD10460E2E72DE9EF
S3150801A310F04FD0E900B80646BBF900006FF00043DC
S3150801A3208842B8BF084608EB0304D6E902A13BF9FF
S3150801A33014900B44BAF900103AF913708145A8BF75
S3150801A34081469142B8BF11468F42A8BF0F4696E88B
S3150801A35003008BB0CDE906014B46DDE9061202A8DA
S3150801A360FFF7A8FFD6E90201CDE908013B46DDE979
S3150801A370081204A8029DFFF79DFF039B002B66D0D8
S3150801A380059B002B63D00499B5F90200B1F902E0E7
S3150801A390B1F90040B5F900C0A1EB0A01491008FB63
S3150801A3A001F1A5EB0B058844D6F810A04FEA650B19
S3150801A3B001EB650608EB6505AEEB04023AF91550A3
S3150801A3C00095B0EB0C053AF916604FEAE27304D131
S3150801A3D0CAB930460BB0BDE8F08FEB1701930BF104
S3150801A3E001031944A0EB090B3AF91110A9EB0C0C5E
S3150801A3F092B981FB0C01019B2A46CBFB060104F0AD
S3150801A4008BFB06B2E5E70099381BAEEB070E80FB1E
S3150801A4100101CEFB0601F2E743443C1B3AF91380DE
S3150801A420009BAEEB070E0BFB04F00CFB04F70CFBD1
S3150801A4300EFC80FB03040BFB0EFECEFB0604CCFBD5
S3150801A4400104214685FB0223C7FB0801D7E71E46FF
S3150801A450BFE738B50446006803681B689847054690
S3150801A460606803681B6898472946024604F120007C
S3150801A470FFF74DFF38BD08B54068FFF7EAFF08BD8D
S3150801A480007970470020704710B5034B03600446F6
S3150801A490F9F73DFE204610BD0071020810B50446C5
S3150801A4A0FFF7F2FF20464FF48C71FAF74DF8204674
S3150801A4B010BD13B50C4672B91A680DF107019268F9
S3150801A4C01846904723689DF807105B68204602B036
S3150801A4D0BDE810401847002002B010BD10B51C4653
S3150801A4E052B90B6808461B689847236801469B685A
S3150801A4F020469847012010BD0020FCE770B50D469F
S3150801A500164604461020FAF713F833462A4621461A
S3150801A510BDE87040FAF78EB970B50D461646044681
S3150801A5201020FAF705F833462A462146BDE8704059
S3150801A530FAF780B908B5036A9B7A3BB9C069C36D56
S3150801A5405C301B689847C0F3C03008BD0020FCE7A3
S3150801A550F8B50646C069D0F88C308C301B68984728
S3150801A5600446F069D0F8103200F504701B68984764
S3150801A570014606F1340000F041FB0746F069C36D58
S3150801A580012C1B6800F15C00B8BF0124984784FBC5
S3150801A5900443074A0546002384FB070104F0BCFA75
S3150801A5A02D1A002DB6F90C01B8BF6D426843F8BDE6
S3150801A5B080969800C069D0F8083200F502701B68C9
S3150801A5C0184710B50446FFF7F5FF43421BB213EAD5
S3150801A5D0200338BF0346A4F8B8300023A4F8C030D6
S3150801A5E010BD38B5B0F9C0305A4212B233EA230366
S3150801A5F028BF1346B0F900219A4204460D4601DBED
S3150801A600002038BD1430FDF76FF8B4F9C030002BBF
S3150801A61002DD002DF4D0F4E74042F2E770B50446B6
S3150801A6200D461646FFF7C6FF4342B4F8B8201BB2DB
S3150801A63013EA200338BF03469B1A3146A4F8C030F3
S3150801A6402046FFF7CEFFB4F9E020B4F8E830D4F895
S3150801A650A4109B1A4FF0640613FB06F39D420844A7
S3150801A6602946A8BF194649428842B8BF08469842B2
S3150801A670A8BF1846291821EAE1719942A8BF1946C7
S3150801A68012FB0612C4F8A400C4F8142170BD000018
S3150801A690B0F8D0304FF0640213FB02F3C0F814315E
S3150801A6A00023C0F8A43090F8C830C0E90B3301483C
S3150801A6B0704700BF6DA7010810B500230446C0F80E
S3150801A6C0A430C0F81431FFF77CFF94F8B23023B1F7
S3150801A6D02046BDE81040FFF7DBBFC4E90B3303484A
S3150801A6E0C4F8A430C4F8143110BD00BFF1A601089E
S3150801A6F0FFF7E2BFB0F8E0304FF0640213FB02F354
S3150801A700C0F814310023C0F8A43090F8D830C0E955
S3150801A7100B330148704700BFFDA7010810B5044671
S3150801A720FFF74FFF94F8B2303BB9C4E90B330D4834
S3150801A730C4F8A430C4F8143110BDE36A23B920461D
S3150801A740BDE81040FFF7D6BFB4F8D03006484FF041
S3150801A750640213FB02F3C4F814310023C4F8A430CD
S3150801A760EAE700BFF1A601086DA70108FFF7D6BF02
S3150801A77010B50446FFF725FF0023C4F8A43094F862
S3150801A780F0300248C4E90B3310BD00BF79A80108AF
S3150801A79010B50446FFF715FF94F8B2303BB9C4E982
S3150801A7A00B331448C4F8A430C4F8143110BD20463C
S3150801A7B0FFF7C0FE60B1B4F8E0304FF0640213FB56
S3150801A7C002F3C4F814310023C4F8A4300A48EDE7AB
S3150801A7D0E36A1BB92046FFF7CBFFE7E7B4F8E03099
S3150801A7E0C4F8A4004FF0640213FB02F3C4F8143151
S3150801A7F0ECE700BFF1A60108FDA70108FFF7C8BFEE
S3150801A80090F8B23070B504463BB9C0E90B33C0F8CD
S3150801A810A430C0F81431154870BDFFF78BFE054604
S3150801A82020B12046BDE87040FFF764BFE36A2BB943
S3150801A83094F8F8300E48C4E90B33EDE7B4F8B030B4
S3150801A840A4F8B8302046FFF783FE064604F12C002B
S3150801A850F9F72DFE314602462846F9F795FE2A46AE
S3150801A86001462046FFF7DAFE0248D5E7F1A60108B8
S3150801A87011A9010879A80108FFF7C2BF90F8B230FB
S3150801A8802DE9F041044643B9C0E90B33C0F8A430B9
S3150801A890C0F814311B48BDE8F081FFF74BFE80462E
S3150801A8A020B12046BDE8F041FFF724BFE36A0BB9A2
S3150801A8B01548F0E72046FFF74BFE07462046FFF707
S3150801A8C079FE94F8B23045422DB215EA200538BF13
S3150801A8D00546A3B104F12C00B4F8B060F9F7E7FD19
S3150801A8E0711B02464046F9F74FFE2844A4F8B80002
S3150801A8F0012220463946FFF791FE0448CBE704F0CA
S3150801A900FDFA00BFF1A6010851A9010811A901081C
S3150801A910FFF7B4BF90F8B23010B504463BB9C0E9A9
S3150801A9200B33C0F8A430C0F81431074810BDB0F88D
S3150801A930B030A0F8B830FFF70BFE012201462046D9
S3150801A940FFF76CFE0148F1E7F1A6010851A90108D4
S3150801A950FFF7E0BF13B50446C069C3691C301B681D
S3150801A960984798B104F10C00FCF7BEFE0123ADF837
S3150801A97004008DF80630BDF80430002063F30F009B
S3150801A980BDF8063063F31F4002B010BD0190F2E72F
S3150801A990054B0720013800D170471A68914201D149
S3150801A9A0187970470833F5E72871020810B5044687
S3150801A9B02C30F9F78EFD2046FFF7CCFFA36AC4F8C1
S3150801A9C0B000204698470146A0622046FFF7E0FFFF
S3150801A9D0031E014684F8A000606A18BF012384F8A3
S3150801A9E0AC3003685B6811B9BDE810401847D4F864
S3150801A9F01411642291FBF2F109B2F5E72DE9F74F3B
S3150801AA000446884616461D46F9F78AFB5B4B5C4A9F
S3150801AA1023605C4BF168E260C4E904325A4BC4E92D
S3150801AA200865C4E906380025584BA362C4E90B55E5
S3150801AA3004F1340000F03AF9554BC4F89C30554BF3
S3150801AA40C4F8A830544BC4F8B430C4E92F35236A86
S3150801AA50C4F8A050C4F8A45084F8AC50C4F8B05057
S3150801AA60C4F8B850997884F8C810B3F900604B490E
S3150801AA704B48C4F8C400C4F8CC10A4F8D0609E7939
S3150801AA8084F8D860C4F8D400B3F90400B3F90830DF
S3150801AA90C4F8DC10C4F8E4104249A4F8E83004F11B
S3150801AAA09C02FF230192C4E93D15A4F8E000C4F80D
S3150801AAB0F050C4F8EC1084F8F23084F8FA303A4BC6
S3150801AAC0C4F8FC306421C4F808314FF48043C4E962
S3150801AAD04055C4E94355A4F80411A4F81031C4F843
S3150801AAE014511020F9F724FD304B019A3049F9F732
S3150801AAF0A1FE04F1B4012F4A2F48FFF70DFD04F119
S3150801AB00C4012E4A2E48FFF7F9FC04F1D4012B4A59
S3150801AB102C48FFF7F3FC04F1CC01264A2A48FFF733
S3150801AB20FBFC04F5847704F1DC01224A2748FFF788
S3150801AB30F3FC39461F4A2648FFF7EEFC616A1D4AAF
S3150801AB402448FFF7E9FC04F1EC011C4A2248FFF707
S3150801AB50D5FC04F1F401194A2048FFF7CFFC154A40
S3150801AB601F4804F1FC01FFF7D7FC04F1A8032046AE
S3150801AB70C8F8183003B0BDE8F08F00BF00710208AD
S3150801AB801C6D0208AC120020BC120020F1A60108B7
S3150801AB90F0700208D04F0208DC4C0208DC500208AB
S3150801ABA03C6D020830700208107002082471020810
S3150801ABB05C710208004F020858710208D86A020837
S3150801ABC0A0700208987002089C7002089470020826
S3150801ABD060710208CC5402086C7102086871020897
S3150801ABE06471020800EB41008088704715207047A0
S3150801ABF000EB41008088704715207047F7B500F1D2
S3150801AC00080200F13207144615235D1023F00106E8
S3150801AC1034F815C08C4598BF5B1B264496BF03F1D3
S3150801AC20FF332B46B41C002BEFDCA74203D1B0F847
S3150801AC30600003B0F0BDA24201D1008FF9E73830B8
S3150801AC40A51A4319455B33F8023C34F8022C2088CF
S3150801AC5000912946F9F78BFC80B2EAE7142A0ED847
S3150801AC60016801EBC2011A888888C988824238BFFF
S3150801AC7002468A4228BF0A461A80012070470020E8
S3150801AC80704737B504460D46ADF806200DF10603A3
S3150801AC900A46011D3030FFF7E1FF20B104EB4504F8
S3150801ACA0BDF80630A38003B030BD000070B5054677
S3150801ACB0044645F8041B0E4630220021284604F0B6
S3150801ACC053F9154B6360154B63632A22002104F17E
S3150801ACD0380004F049F96666A21D0023B01C36F84F
S3150801ACE0331022F8021F30F8331011860133152B61
S3150801ACF0F5D11020F9F71CFC2A46094B0949F9F741
S3150801AD0099FD1020F9F714FC054B074904F13402A3
S3150801AD10F9F790FD204670BD787102088C7102081A
S3150801AD20485202084472020840720208014B036045
S3150801AD30704700BFA872020870472020704720207C
S3150801AD40704700207047000008B50348FFF7EEFF7B
S3150801AD50014A024B136008BDA43D0020C0720208D7
S3150801AD6031207047242070472420704720207047DF
S3150801AD702020704708B5034800F092F8014A024BB3
S3150801AD80136008BDA83D0020D87202082DE9F041DC
S3150801AD900D4616461F460BB391F834411CB12224C1
S3150801ADA02046BDE8F081B1F832114068F9F768FD2F
S3150801ADB080460028F3D0F9F7FCFC88B1B5F8305184
S3150801ADC02F44326829464046F9F71CFD0028E6D08B
S3150801ADD00135BD4206F10406F3D1E1E72124DFE797
S3150801ADE02324DDE72DE9F3410E4614461F4663B3D6
S3150801ADF091F83451A5B9B1F832114068F9F740FD17
S3150801AE00804668B1F9F786FC08B3B6F8306137446D
S3150801AE10324641466846F9F79DFC9DF8043023B948
S3150801AE202225284602B0BDE8F081009921700B124F
S3150801AE3001366370BE424FEA21434FEA2161A3708E
S3150801AE40E17004F10404E3D1EBE72125E9E72425C0
S3150801AE50E7E74068F9F756BD38B505464068F9F79A
S3150801AE6051FD044620B96868F9F793FD204638BDB7
S3150801AE701020FCE710B5034B03600446FFF75CFF9F
S3150801AE80204610BDF472020838B504460D46FFF790
S3150801AE904DFF024B2046C4E9003538BDF47202085D
S3150801AEA0014B0360704700BF0C730208704770B509
S3150801AEB0D0F83C41054600F59E76A64200D170BD04
S3150801AEC054F8043C201F5B68294698472468F4E730
S3150801AED070B5D0F83C41054600F59E76A64200D1EC
S3150801AEE070BD54F8043C201F1B68294698472468FE
S3150801AEF0F4E770B5D0F83C41054600F59E76A642C2
S3150801AF0000D170BD54F8043C201F9B682946984718
S3150801AF102468F4E7C3681A78012393405A1E0A4045
S3150801AF200B44981A002A08BF084670478268C36806
S3150801AF3091421B7828BF1146D94001FA03F07047A0
S3150801AF40C3681A788368D34003FA02F07047036925
S3150801AF50FE221A70036959700223C361704782B0D1
S3150801AF6070B504461D4616460593FFF7D3FFE368F9
S3150801AF701978069B2A1806FA01F111441D44A942BB
S3150801AF8007D006D321212046BDE8704002B0FFF75D
S3150801AF90DEBFD4F84401036821465D683346A847F5
S3150801AFA001460028EFD1D4F830313344C4F83031A2
S3150801AFB0BDE8704002B070472DE9F04104461546D8
S3150801AFC00769FFF7A7FF6369E268DB1B12781B1A9B
S3150801AFD0D340AB420E4605D222212046BDE8F041B8
S3150801AFE0FFF7B5BF421A03D00021B81903F0BCFF19
S3150801AFF031462046FFF78EFFD4F8108008EB000291
S3150801B000D4F84401036821461F682B46B847014610
S3150801B0100028E2D1D4F830312B44C4F83031314616
S3150801B0202046FFF777FFE3681B789D400544E561F5
S3150801B030BDE8F08110B50446D0F8440103682146FD
S3150801B0409B689847014620B12046BDE81040FFF7A6
S3150801B0507EBF10BD70B50446D0F84801E3681546B1
S3150801B0601B78026805FA03F396680A462146B04733
S3150801B070014628B9D4F830312B44C4F8303170BDB3
S3150801B0802046BDE87040FFF762BFC36818784000E4
S3150801B09000F006007047F7B5012590F82A6080F898
S3150801B0A02A50CDE90012FF210446FFF73FFF4FF66C
S3150801B0B0FF7107462046FFF739FF2369112102462A
S3150801B0C059702046FFF7E1FF236998702369DF70FD
S3150801B0D023691A712369120A5A7123699D712369B1
S3150801B0E0DD710823E3612EB9204603B0BDE8F040BF
S3150801B0F0FFF7EEBE03B0F0BD002380F8203080F8DC
S3150801B1002A30FFF7F6BE13B54B78012BCDE90012AD
S3150801B110044605D0222102B0BDE81040FFF717BF4B
S3150801B120FFF788FF94F8203023F0040384F82030D1
S3150801B13002B010BD82B0CDE90012CA7880F8342178
S3150801B1404B68C0F8303102B0FFF7B1BE30B50446DE
S3150801B15085B0CDE9021201211546FFF7DBFEE3684A
S3150801B1601A78029B0095281A20FA02F22046FFF760
S3150801B170F6FE05B030BD1FB5CDE902120B464A7879
S3150801B180039900910221FFF7EAFE05B000BD37B524
S3150801B190CB7880F834314B68C0F830310D46CDE9AB
S3150801B1A000120446FFF783FE6A780121204603B0A0
S3150801B1B0BDE83040FFF700BF82B0CDE900124A78FA
S3150801B1C0012102B0FFF7F8BE73B50446D0F848016D
S3150801B1D00368CDE900121B68214698470546D8B988
S3150801B1E0236901229A70FF212046FFF79FFE2369F2
S3150801B1F0D870266902212046FFF78CFEF3781B1AC0
S3150801B200FF20B0FBF3F030712369597123699D71F1
S3150801B2100723E36102B070BD0146204602B0BDE8CE
S3150801B2207040FFF794BE37B5CDE900124A78044657
S3150801B2302AB1212103B0BDE83040FFF788BED0F816
S3150801B2404801026855684A682146A847014608B177
S3150801B2502046EFE703B030BD13B50446D0F84801E0
S3150801B2600368CDE90012DB68214698470146204666
S3150801B27021B102B0BDE81040FFF769BE02B0BDE8D2
S3150801B2801040FFF739BF13B5CDE900120121044675
S3150801B290FFF740FE019A0099121A0144204602B0AE
S3150801B2A0BDE81040FFF7D6BE1FB50446D0F84801E1
S3150801B2B04B680293CDE9001203684A788DF80E208F
S3150801B2C04A88ADF80C2021461B6902AA984701460F
S3150801B2D010B12046FFF73BFE04B010BD13B5044676
S3150801B2E0D0F844010368CDE90012DB68984794F861
S3150801B2F02030226960F3000384F8203053702369F3
S3150801B30094F824209A7023690022DA702369228D21
S3150801B3101A71238D22691B0A53710623E36102B050
S3150801B32010BD82B0CDE900124A781AB1272102B0C0
S3150801B330FFF70DBE8A780AB12621F8E7CB78002BEC
S3150801B340FAD102B070474B78013BDBB282B0012BD0
S3150801B350CDE9001203D9272102B0FFF7F8BD8B7892
S3150801B360002BF8D102695370026993700269D37090
S3150801B3700423C36102B0704707B5C2692AB10169DE
S3150801B3800368CDE900126946984703B000BD13B5B5
S3150801B3900B78FF2B8DE80600044609D19DE80600C7
S3150801B3A0FFF779FE204602B0BDE81040FFF7E4BF7B
S3150801B3B002B010BD73B58DE8060004469DE803008A
S3150801B3C01D46A360002D069BE36084E8050002DAAA
S3150801B3D0154803F09DFB284601D0F9F7A9F8461947
S3150801B3E02061A66145B10021012D00F8011B03D09A
S3150801B3F06A1E03F0B9FD30460023C4E90933C4E9DE
S3150801B4004B33C4E94D33E36184F8203004F59E7368
S3150801B410C4E94F33054BC4F84431054B60612046F6
S3150801B420C4F8483102B070BD20630208A43D00206B
S3150801B430A83D0020FF2938B505460C46D0F800017D
S3150801B44001D903F05BFD814202D2C5F8004138BD3E
S3150801B4500A1AFAD00021284403F086FDF5E7521AA4
S3150801B460012A38B50446186806DD851803F063FD18
S3150801B47028462060204638BD04BF0B7800F8013BFA
S3150801B480F7E72DE9FF418846CDE900120221044676
S3150801B490FFF740FD08EB00052046FFF751FD06467C
S3150801B4A02046FFF737FD98F80170E368019A1B7883
S3150801B4B0301A87423E4628BF064606FA03F32B444E
S3150801B4C09044434507D006D32121204604B0BDE860
S3150801B4D0F041FFF73CBD874217D9BF1B022384F809
S3150801B4E02B7004F12C0784F82A3031463846FFF7C9
S3150801B4F0A1FF02ABAA19294603A80297FFF7AFFFD6
S3150801B5000023E36104B0BDE8F081324629462046AE
S3150801B51004B0BDE8F041FFF79DBD13B58DE80600FF
S3150801B5208268019B9A42044607D22121FFF70FFD43
S3150801B53002B0BDE81040FFF71FBF009B1B78C83B50
S3150801B540372B78D8DFE803F0726D6B7777777766F4
S3150801B550615C5777777777777777777777777777BD
S3150801B5607777777777777777777739347777527702
S3150801B5704D77777748432F77773E77772A25221CA9
S3150801B5809DE80600FFF787FD2046D1E7FFF7B4FDE2
S3150801B590FAE79DE80600FFF7A1FEF5E70021204638
S3150801B5A0FFF7D5FCF0E79DE80600FFF7C3FDEBE7DB
S3150801B5B09DE80600FFF7B5FEE6E79DE80600FFF7FA
S3150801B5C0C2FEE1E79DE80600FFF79DFDDCE79DE881
S3150801B5D00600FFF7F1FDD7E79DE80600FFF7D7FD5F
S3150801B5E0D2E79DE80600FFF7C6FDCDE79DE8060010
S3150801B5F0FFF7ACFDC8E79DE80600FFF7E5FDC3E7E1
S3150801B6009DE80600FFF70FFEBEE79DE80600FFF777
S3150801B61038FFB9E79DE80600FFF71EFEB4E72921C2
S3150801B620BDE79DE80600FFF72EFEADE79DE806009B
S3150801B630FFF73AFEA8E72021B1E72DE9F04388464E
S3150801B64085B00446CDE900120221FFF763FC98F89C
S3150801B650015094F82B309D4208EB00070ED02921A2
S3150801B6602046FFF774FC236994F82B209A7003236C
S3150801B670E3610123638505B0BDE8F0832046FFF742
S3150801B6805FFC06462046FFF745FCE368019A1B78EE
S3150801B690361AAE4228BF2E4606FA03F33B449044B7
S3150801B6A0434505D004D321212046FFF750FCE0E7A6
S3150801B6B0D4F82C1104F12C0808EB01094046314451
S3150801B6C0AD1BFFF7B7FEEDB202ABBA19394603A8AF
S3150801B6D0CDF80890FFF7C3FE84F82B504DB9D4F87E
S3150801B6E02C2141462046FFF7B5FC012384F82A3070
S3150801B6F0C1E70023E361BEE713B50B78CA2B8DE8D2
S3150801B7000600044609D19DE80600FFF796FF204684
S3150801B71002B0BDE81040FFF72FBE2921FFF717FC3D
S3150801B720012380F82A30F2E782B003698DE8060022
S3150801B730FF221A700123C36190F82A30012B07D022
S3150801B740022B0AD073B99DE8060002B0FFF71FBEA7
S3150801B7509DE8060002B0FFF7E0BE9DE8060002B0CC
S3150801B760FFF7CABF02B0704708B5037A002B0CBFB2
S3150801B77006200820F5F7CEFE002008BD10B50446C0
S3150801B780FFF78EFB074B2360074B63600023237289
S3150801B7901020F8F7CDFE054B0549221DF9F74AF8A1
S3150801B7A0204610BD28730208AC4C0208F44E020864
S3150801B7B03C73020810B5034B03600446FFF776FB9A
S3150801B7C0204610BDD87202088186704703695B69F5
S3150801B7D08386704710B5034B03600446FAF72CFDC0
S3150801B7E0204610BD4873020810B50446FFF7F2FF5C
S3150801B7F020463821F8F7A8FE204610BD10B5034BA0
S3150801B80003600446FFF7E6FF204610BD6873020889
S3150801B81010B50446FFF7F2FF20463821F8F794FEE3
S3150801B820204610BD10B50C4A0446FAF7DBFC0B4B53
S3150801B830236023690A4A9B8AA38622631020F8F7A4
S3150801B84077FE084B084904F13002F8F7F3FF074B76
S3150801B8502360204610BD00BF8073020848730208A2
S3150801B860AC510208F04E0208D05702086873020864
S3150801B87010B5034B03600446FFF7ACFF204610BD25
S3150801B880E073020810B50446FFF7F2FF2046382197
S3150801B890F8F75AFE204610BD10B50C4A0446FAF7C9
S3150801B8A0A1FC0B4B236023690A4A9B8AA386226360
S3150801B8B01020F8F73DFE084B084904F13002F8F765
S3150801B8C0B9FF074B2360204610BD00BFF873020875
S3150801B8D048730208AC510208F04E02085474020873
S3150801B8E0E0730208003918BF012180F83410704747
S3150801B8F003695B69003B18BF012380F83430704740
S3150801B90010B5034B03600446FAF796FC204610BDB2
S3150801B9106474020810B50446FFF7F2FF2046382181
S3150801B920F8F712FE204610BD10B5034B0360044616
S3150801B930FFF7E6FF204610BD8474020810B50446D9
S3150801B940FFF7F2FF20463821F8F7FEFD204610BD25
S3150801B95010B50E4A0446FAF745FC0D4B23602369D8
S3150801B9600C4A5B692263003B18BF012384F8343013
S3150801B9701020F8F7DDFD084B084904F13002F8F705
S3150801B98059FF074B2360204610BD00BF9C7402086F
S3150801B99064740208D04F0208F44E0208D45802080B
S3150801B9A08474020810B5034B03600446FFF7A8FF29
S3150801B9B0204610BDF874020810B50446FFF7F2FFD9
S3150801B9C020463821F8F7C0FD204610BD10B50E4AAD
S3150801B9D00446FAF707FC0D4B236023690C4A5B6999
S3150801B9E02263003B18BF012384F834301020F8F78E
S3150801B9F09FFD084B084904F13002F8F71BFF074B76
S3150801BA002360204610BD00BF107502086474020841
S3150801BA10D04F0208F44E020864750208F874020849
S3150801BA208186704703695B698386704710B5034B46
S3150801BA3003600446FAF700FC204610BD7475020837
S3150801BA4010B50446FFF7F2FF20463821F8F77CFDCA
S3150801BA50204610BD10B5034B03600446FFF7E6FF09
S3150801BA60204610BD9475020810B50446FFF7F2FF8B
S3150801BA7020463821F8F768FD204610BD10B50C4A56
S3150801BA800446FAF7AFFB0B4B236023690A4AB3F95D
S3150801BA901430A38622631020F8F74AFD074B08499C
S3150801BAA004F13002F8F7C6FE064B2360204610BDA6
S3150801BAB0AC75020874750208DC4C0208004F0208CE
S3150801BAC0007602089475020810B5034B0360044614
S3150801BAD0FFF7ACFF204610BD1076020810B50446E4
S3150801BAE0FFF7F2FF20463821F8F72EFD204610BD54
S3150801BAF010B50C4A0446FAF775FB0B4B236023690C
S3150801BB000A4AB3F91430A38622631020F8F710FD08
S3150801BB10074B084904F13002F8F78CFE064B2360FF
S3150801BB20204610BD2876020874750208DC4C020806
S3150801BB30004F02087C7602081076020810B5034BFE
S3150801BB4003600446FFF772FF204610BD8C76020893
S3150801BB5010B50446FFF7F2FF20463821F8F7F4FC42
S3150801BB60204610BD10B50C4A0446FAF73BFB0B4BB1
S3150801BB70236023690A4AB3F91430A3862263102085
S3150801BB80F8F7D6FC074B084904F13002F8F752FEDC
S3150801BB90064B2360204610BDA47602087475020878
S3150801BBA0DC4C0208004F0208107702088C7602085E
S3150801BBB010B5034B03600446FFF738FF204610BD56
S3150801BBC02077020810B50446FFF7F2FF2046382110
S3150801BBD0F8F7BAFC204610BD10B50C4A0446FAF728
S3150801BBE001FB0B4B236023690A4AB3F91430A38678
S3150801BBF022631020F8F79CFC074B084904F1300230
S3150801BC00F8F718FE064B2360204610BD3877020860
S3150801BC1074750208DC4C0208004F02089C7202087F
S3150801BC202077020810B5034B03600446FFF7FEFEB2
S3150801BC30204610BD9877020810B50446FFF7F2FFB3
S3150801BC4020463821F8F780FC204610BD10B50C4A6D
S3150801BC500446FAF7C7FA0B4B236023690A4AB3F974
S3150801BC601430A38622631020F8F762FC074B0849B3
S3150801BC7004F13002F8F7DEFD064B2360204610BDBD
S3150801BC80B077020874750208DC4C0208004F0208F6
S3150801BC90A05D02089877020810B5034B03600446B5
S3150801BCA0FFF72EFE204610BD1478020810B504468B
S3150801BCB0FFF7F2FF20463821F8F746FC204610BD6B
S3150801BCC010B50E4A0446FAF78DFA0D4B236023691F
S3150801BCD00C4A5B692263003B18BF012384F83430A0
S3150801BCE01020F8F725FC084B084904F13002F8F74B
S3150801BCF0A1FD074B2360204610BD00BF2C78020822
S3150801BD0064740208D04F0208F44E0208D05802089B
S3150801BD101478020838B500250446858485852946A0
S3150801BD203030F8F7A1FA84F8405038BD10B50B7ACF
S3150801BD301B098384CB7BC3F3801380F84030097ACF
S3150801BD40044601F001013030F8F78EFAB4F92C30C7
S3150801BD5063B1B4F92430B3FA83F35B0994F8342058
S3150801BD6002B90BB1A38CA385012010BD0123F5E708
S3150801BD7010B5034B03600446FAF7B8FA204610BD1E
S3150801BD808C78020810B50446FFF7F2FF20464C21CD
S3150801BD90F8F7DAFB204610BD37B54FF40C730025CA
S3150801BDA00446CDE90035C8223223FAF77DFA23463F
S3150801BDB0094A43F8202B5D60084B2362C4E90A351A
S3150801BDC0074B23632046C4E90D55C4E90F35C4E979
S3150801BDD0113503B030BD00BF8C780208DC4C02086F
S3150801BDE0D04F020810B5034B03600446F8F78FF9E4
S3150801BDF0204610BDD478020810B50446FFF7F2FFB5
S3150801BE002046A821F8F7A0FB204610BD1020704750
S3150801BE1010207047436803EBC103187F70474368D6
S3150801BE2003EBC10398697047436803EBC10301201B
S3150801BE301A77704770B58EB286B00C0C3346016915
S3150801BE40054622466846F8F74BFD9DF8043083B14E
S3150801BE506B6902934FF60873ADF80C30009B059396
S3150801BE60EB68ADF810401869ADF8126002A9F5F74C
S3150801BE7051FE06B070BD70B5054600F1200400F10B
S3150801BE80A006B44200D170BD54F8081C29B114F8B3
S3150801BE90043C13B12846FFF7CDFF0834F1E721B179
S3150801BEA000F12003A030834201D10120704753F8E5
S3150801BEB0082C914203F10803F5D10020704738B5E3
S3150801BEC00D4611460446FFF7EAFF10B104EBC50417
S3150801BED0A16138BD4068FFF7F2BF000038B50446D6
S3150801BEE00D46F8F71DF91A4B23602846F3F754FE59
S3150801BEF0E0602846F3F7BAFBE368206193F820204F
S3150801BF00144B1343626902F00042134363618022B2
S3150801BF10002104F1180003F027F80F4BC4E9263471
S3150801BF200E4B1020C4E92834F8F702FB04F19802F5
S3150801BF300B4B0C49F8F77EFC1020F8F7F9FA0A4B77
S3150801BF400A4904F1A002F8F775FC204638BD00BF7E
S3150801BF50D478020800FFFF38AC780208C0780208D6
S3150801BF6048680208E8780208C0520208E47802081C
S3150801BF700079704710B5034B03600446F8F7C7F814
S3150801BF80204610BD0479020810B50446FFF7F2FFF2
S3150801BF9020462C21F8F7D8FA204610BD43798B4262
S3150801BFA005D883798B4202D301710120704700209D
S3150801BFB0704770B50D46164604461020F8F7B8FACC
S3150801BFC033462A462146BDE87040F8F733BC0000DF
S3150801BFD070B504460E461546F8F7A2F804F11401A1
S3150801BFE01548164B23600022154BC4E903654A60C0
S3150801BFF00325C4E90902226263610522FE23A376A9
S3150801C00084F8223084F82A30E06184F828200D4823
S3150801C0100D4A84F82050FFF7CCFF04F11C010A4AA7
S3150801C0200A48FFF7C6FF084A094804F12401FFF741
S3150801C030C0FF204670BD00BF3070020804790208AF
S3150801C040F478020818790208D86A02081C790208E5
S3150801C0501479020810B5034B03600446FFF7BAFBCF
S3150801C060204610BD2879020810B50446FFF7F2FFED
S3150801C07020463821F8F768FA204610BD10B50C4A53
S3150801C0800446FAF7AFF80B4B236023690A4A9B8AE1
S3150801C090A38622631020F8F74BFA084B084904F1E6
S3150801C0A03002F8F7C7FB074B2360204610BD00BFD7
S3150801C0B04079020848730208AC510208F04E02089A
S3150801C0C0D05702082879020810B5034B03600446C5
S3150801C0D0FFF7ACFC204610BD9C79020810B5044652
S3150801C0E0FFF7F2FF20463821F8F72EFA204610BD51
S3150801C0F010B50C4A0446FAF775F80B4B2360236909
S3150801C1000A4AB3F91430A38622631020F8F710FA05
S3150801C110074B084904F13002F8F78CFB064B2360FC
S3150801C120204610BDB479020874750208DC4C020871
S3150801C130004F02087C7602089C79020810B5034B69
S3150801C14003600446FFF772FC204610BDE479020835
S3150801C15010B50446FFF7F2FF20463821F8F7F4F93F
S3150801C160204610BD10B50C4A0446FAF73BF80B4BAE
S3150801C170236023690A4AB3F91430A386226310207F
S3150801C180F8F7D6F9074B084904F13002F8F752FBDC
S3150801C190064B2360204610BDFC7902087475020817
S3150801C1A0DC4C0208004F020864590208E4790208C7
S3150801C1B010B5034B03600446FFF738FC204610BD53
S3150801C1C0687A020810B50446FFF7F2FF20463821BF
S3150801C1D0F8F7BAF9204610BD10B50C4A0446FAF725
S3150801C1E001F80B4B236023690A4AB3F91430A38675
S3150801C1F022631020F8F79CF9074B084904F130022D
S3150801C200F8F718FB064B2360204610BD807A020812
S3150801C21074750208DC4C0208004F02089C72020879
S3150801C220687A020810B5034B03600446FFF7FEFB64
S3150801C230204610BDDC7A020810B50446FFF7F2FF66
S3150801C24020463821F8F780F9204610BD10B50C4A6A
S3150801C2500446F9F7C7FF0B4B236023690A4AB3F96A
S3150801C2601430A38622631020F8F762F9074B0849B0
S3150801C27004F13002F8F7DEFA064B2360204610BDBA
S3150801C280F47A020874750208DC4C0208004F0208A9
S3150801C290A05D0208DC7A020810B5034B0360044668
S3150801C2A0FFF798FA204610BD507B020810B50446E0
S3150801C2B0FFF7F2FF20463821F8F746F9204610BD68
S3150801C2C010B50C4A0446F9F78DFF0B4B2360236919
S3150801C2D00A4A9B8AA38622631020F8F729F9084B94
S3150801C2E0084904F13002F8F7A5FA074B23602046FE
S3150801C2F010BD00BF687B020848730208AC510208EA
S3150801C300F04E0208D0570208507B020810B5034BBD
S3150801C31003600446FFF75EFA204610BD987B0208C3
S3150801C32010B50446FFF7F2FF20463821F8F70CF955
S3150801C330204610BD10B50C4A0446F9F753FF0B4BBE
S3150801C340236023690A4A9B8AA38622631020F8F789
S3150801C350EFF8084B084904F13002F8F76BFA074B76
S3150801C3602360204610BD00BFB07B0208487302084F
S3150801C370AC510208F04E020854740208987B020870
S3150801C38010B5034B03600446FFF7BAFA204610BD01
S3150801C390147C020810B50446FFF7F2FF204638213F
S3150801C3A0F8F7D2F8204610BD10B50E4A0446F9F73B
S3150801C3B019FF0D4B236023690C4A5B692263003B15
S3150801C3C018BF012384F834301020F8F7B1F8084B68
S3150801C3D0084904F13002F8F72DFA074B2360204685
S3150801C3E010BD00BF2C7C020864740208D04F0208F5
S3150801C3F0F44E0208D4580208147C020810B5034BFF
S3150801C40003600446FFF712FB204610BD5C7C020858
S3150801C41010B50446FFF7F2FF20463821F8F794F8DD
S3150801C420204610BD10B50C4A0446F9F7DBFE0B4B46
S3150801C430236023690A4AB3F91430A38622631020BC
S3150801C440F8F776F8074B084904F13002F8F7F2F9DC
S3150801C450064B2360204610BD747C020874750208D9
S3150801C460DC4C0208004F0208007602085C7C0208D0
S3150801C47010B5034B03600446FFF7D8FA204610BDF2
S3150801C480D07C020810B50446FFF7F2FF2046382192
S3150801C490F8F75AF8204610BD10B50C4A0446F9F7C4
S3150801C4A0A1FE0B4B236023690A4AB3F91430A3860C
S3150801C4B022631020F8F73CF8074B084904F13002CB
S3150801C4C0F8F7B8F9064B2360204610BDE87C020848
S3150801C4D074750208DC4C0208004F02087C760208D3
S3150801C4E0D07C020810B5034B03600446FFF79EFA99
S3150801C4F0204610BD187D020810B50446FFF7F2FF65
S3150801C50020463821F8F720F8204610BD10B50C4A08
S3150801C5100446F9F767FE0B4B236023690A4AB3F908
S3150801C5201430A38622631020F8F702F8074B08494E
S3150801C53004F13002F8F77EF9064B2360204610BD58
S3150801C540307D020874750208DC4C0208004F0208A7
S3150801C5509C720208187D020810B5034B0360044655
S3150801C560FFF764FA204610BD607D020810B504463F
S3150801C570FFF7F2FF20463821F7F7E6FF204610BD00
S3150801C58010B50C4A0446F9F72DFE0B4B23602369B7
S3150801C5900A4AB3F91430A38622631020F7F7C8FFB5
S3150801C5A0074B084904F13002F8F744F9064B2360B2
S3150801C5B0204610BD787D020874750208DC4C020815
S3150801C5C0004F0208A05D0208607D020810B5034B02
S3150801C5D003600446FFF794F9204610BDD47D02088E
S3150801C5E010B50446FFF7F2FF20463821F7F7ACFFEE
S3150801C5F0204610BD10B50E4A0446F9F7F3FD0D4B5A
S3150801C600236023690C4A5B692263003B18BF012337
S3150801C61084F834301020F7F78BFF084B084904F1EA
S3150801C6203002F8F707F9074B2360204610BD00BF13
S3150801C630EC7D020864740208D04F0208F44E020821
S3150801C640D0580208D47D020800238384838580F8A4
S3150801C650343080F8443080F84C3080F854307047D4
S3150801C66010B5034B03600446F9F740FE204610BD9A
S3150801C670387E020810B50446FFF7F2FF2046582116
S3150801C680F7F762FF204610BD8B7A03F00F03013BD3
S3150801C690DBB20C2B96BF164A002332F91330838579
S3150801C6A08B7A1B09013BDBB20C2B96BF104A002380
S3150801C6B032F913308384CB7A03F0010380F83430DE
S3150801C6C00B7AC3F3801380F83C30CB7AC3F340135B
S3150801C6D080F84C3090F8443013B1CB7AC3F3801309
S3150801C6E080F85430CB7ADB0980F844300120704752
S3150801C6F0147E020837B54FF4067300250446CDE9C2
S3150801C7000035C8226423F9F7CFFD23460A4A43F8C0
S3150801C710202B5D60094B2362C4E90A35084B656322
S3150801C7202046C4E90E35C4E91035C4E91235C4E911
S3150801C7301435236303B030BD387E0208DC4C020889
S3150801C740D04F020810B5034B03600446FFF742F8C1
S3150801C750204610BD587E020810B50446FFF7F2FFC1
S3150801C76020463821F7F7F0FE204610BD10B50C4AD1
S3150801C7700446F9F737FD0B4B236023690A4A9B8A5E
S3150801C780A38622631020F7F7D3FE084B084904F164
S3150801C7903002F8F74FF8074B2360204610BD00BF5B
S3150801C7A0707E020848730208AC510208F04E02086E
S3150801C7B0D0570208587E020810B5034B0360044699
S3150801C7C0FFF708F8204610BDCC7E020810B50446CE
S3150801C7D0FFF7F2FF20463821F7F7B6FE204610BDCF
S3150801C7E010B50C4A0446F9F7FDFC0B4B2360236987
S3150801C7F00A4A9B8AA38622631020F7F799FE084BFB
S3150801C800084904F13002F8F715F8074B236020466A
S3150801C81010BD00BFE47E020848730208AC51020845
S3150801C820F04E020854740208CC7E020810B5034B78
S3150801C83003600446FFF764F8204610BD147F02081A
S3150801C84010B50446FFF7F2FF20463821F7F77CFEBC
S3150801C850204610BD10B50E4A0446F9F7C3FC0D4B28
S3150801C860236023690C4A5B692263003B18BF0123D5
S3150801C87084F834301020F7F75BFE084B084904F1B9
S3150801C8803002F7F7D7FF074B2360204610BD00BFDC
S3150801C8902C7F020864740208D04F0208F44E02087D
S3150801C8A0D4580208147F020810B5034B03600446E6
S3150801C8B0FFF7BCF8204610BD5C7F020810B5044698
S3150801C8C0FFF7F2FF20463821F7F73EFE204610BD56
S3150801C8D010B50C4A0446F9F785FC0B4B236023690E
S3150801C8E00A4AB3F91430A38622631020F7F720FE0B
S3150801C8F0074B084904F13002F7F79CFF064B236002
S3150801C900204610BD747F020874750208DC4C0208C3
S3150801C910004F0208007602085C7F020810B5034B37
S3150801C92003600446FFF782F8204610BDD07F02084F
S3150801C93010B50446FFF7F2FF20463821F7F704FE43
S3150801C940204610BD10B50C4A0446F9F74BFC0B4BB3
S3150801C950236023690A4AB3F91430A3862263102097
S3150801C960F7F7E6FD074B084904F13002F7F762FFCE
S3150801C970064B2360204610BDE87F0208747502083D
S3150801C980DC4C0208004F02087C760208D07F0208B8
S3150801C99010B5034B03600446FEF7B2FF204610BDEF
S3150801C9A04480020810B50446FFF7F2FF20463821F5
S3150801C9B0F7F7CAFD204610BD10B50E4A0446F9F729
S3150801C9C011FC0D4B236023690C4A5B692263003B0A
S3150801C9D018BF012384F834301020F7F7A9FD084B56
S3150801C9E0084904F13002F7F725FF074B2360204673
S3150801C9F010BD00BF5C80020864740208D04F0208AB
S3150801CA00F44E0208D05802084480020800238384A1
S3150801CA10838580F8343080F83C3080F8443070479C
S3150801CA2010B5034B03600446F9F760FC204610BDB8
S3150801CA30AC80020810B50446FFF7F2FF20464821EC
S3150801CA40F7F782FD204610BD4B7A03F00F03013B31
S3150801CA50DBB20E2B96BF114A002332F913308384B9
S3150801CA600B7A03F00F03013BDBB20E2B96BF0B4A81
S3150801CA70002332F9133083850B7AC3F3801380F8C8
S3150801CA803C300B7AC3F3401380F834308B7AC3F306
S3150801CA90001380F844300120704700BF84800208E3
S3150801CAA037B540F2F51300250446CDE90035C8220D
S3150801CAB06423F9F7F9FB2346084A43F8202B5D60FE
S3150801CAC0074B2362C4E90A35064B65632046C4E968
S3150801CAD00E35C4E91035236303B030BDAC800208B6
S3150801CAE0DC4C0208D04F020810B5034B036004461C
S3150801CAF0FEF79CFF204610BDCC80020810B50446FF
S3150801CB00FFF7F2FF20463821F7F71EFD204610BD34
S3150801CB1010B50C4A0446F9F765FB0B4B23602369EC
S3150801CB200A4AB3F91430A38622631020F7F700FDE9
S3150801CB30074B084904F13002F7F77CFE064B2360E0
S3150801CB40204610BDE480020874750208DC4C020810
S3150801CB50004F0208A05D0208CC80020810B5034BFD
S3150801CB6003600446FEF736FE204610BD40810208E2
S3150801CB7010B50446FFF7F2FF20463821F7F7E4FC23
S3150801CB80204610BD10B50C4A0446F9F72BFB0B4B92
S3150801CB90236023690A4A9B8AA38622631020F7F732
S3150801CBA0C7FC084B084904F13002F7F743FE074B67
S3150801CBB02360204610BD00BF588102084873020849
S3150801CBC0AC510208F04E0208D0570208408102080B
S3150801CBD010B5034B03600446FEF792FE204610BDCE
S3150801CBE08881020810B50446FFF7F2FF204638216E
S3150801CBF0F7F7AAFC204610BD10B50E4A0446F9F708
S3150801CC00F1FA0D4B236023690C4A5B692263003BE9
S3150801CC1018BF012384F834301020F7F789FC084B34
S3150801CC20084904F13002F7F705FE074B2360204651
S3150801CC3010BD00BFA081020864740208D04F020823
S3150801CC40F44E0208D45802088881020810B5034B2D
S3150801CC5003600446FEF7EAFE204610BDD0810208AD
S3150801CC6010B50446FFF7F2FF20463821F7F76CFCAA
S3150801CC70204610BD10B50C4A0446F9F7B3FA0B4B1A
S3150801CC80236023690A4AB3F91430A3862263102064
S3150801CC90F7F74EFC074B084904F13002F7F7CAFDCE
S3150801CCA0064B2360204610BDE88102087475020808
S3150801CCB0DC4C0208004F02087C760208D081020883
S3150801CCC010B5034B03600446FEF7B0FE204610BDBF
S3150801CCD04482020810B50446FFF7F2FF20463821C0
S3150801CCE0F7F732FC204610BD10B50C4A0446F9F791
S3150801CCF079FA0B4B236023690A4AB3F91430A386E0
S3150801CD0022631020F7F714FC074B084904F1300297
S3150801CD10F7F790FD064B2360204610BD5C8202089A
S3150801CD2074750208DC4C0208004F0208A05D02086F
S3150801CD304482020810B5034B03600446FEF776FEEB
S3150801CD40204610BDC082020810B50446FFF7F2FF5F
S3150801CD5020463821F7F7F8FB204610BD10B50C4AD6
S3150801CD600446F9F73FFA0B4B236023690A4AB3F9DC
S3150801CD701430A38622631020F7F7DAFB074B08491C
S3150801CD8004F13002F7F756FD064B2360204610BD25
S3150801CD90D882020874750208DC4C0208004F0208A2
S3150801CDA0A05D0208C0820208CB7A082B09D8DFE801
S3150801CDB003F01E0519081C0808081E00FB238384B6
S3150801CDC083854B7AC3F3C00380F834300B7BC3F3F6
S3150801CDD0801380F83C300B7BC3F3401380F8443052
S3150801CDE0012070474FF6FF73E9E70023E7E70B7A5F
S3150801CDF003F00703013383844B7A03F007030133F6
S3150801CE00DEE70023838480F8343080F83C3080F8EC
S3150801CE104430704710B5034B03600446F9F766FAC8
S3150801CE20204610BD0883020810B50446FFF7F2FF35
S3150801CE3020464821F7F788FB204610BD37B540F252
S3150801CE40512300250446CDE90035C8223223F9F7D6
S3150801CE502BFA2346084A43F8202B5D60074B2362C9
S3150801CE60C4E90A35064B65632046C4E90E35C4E9AB
S3150801CE701035236303B030BD08830208DC4C020871
S3150801CE80D04F020810B5034B03600446FEF7A2FC17
S3150801CE90204610BD2883020810B50446FFF7F2FFA5
S3150801CEA020463821F7F750FB204610BD10B50C4A2D
S3150801CEB00446F9F797F90B4B236023690A4A9B8ABB
S3150801CEC0A38622631020F7F733FB084B084904F1C0
S3150801CED03002F7F7AFFC074B2360204610BD00BFB1
S3150801CEE04083020848730208AC510208F04E020852
S3150801CEF0D05702082883020810B5034B036004467D
S3150801CF00FEF7FEFC204610BD7083020810B50446E4
S3150801CF10FFF7F2FF20463821F7F716FB204610BD2A
S3150801CF2010B50E4A0446F9F75DF90D4B23602369DE
S3150801CF300C4A5B692263003B18BF012384F834302D
S3150801CF401020F7F7F5FA084B084904F13002F7F70C
S3150801CF5071FC074B2360204610BD00BF8883020879
S3150801CF6064740208D04F0208F44E0208D458020825
S3150801CF707083020810B5034B03600446FEF756FD9D
S3150801CF80204610BDB883020810B50446FFF7F2FF24
S3150801CF9020463821F7F7D8FA204610BD10B50C4AB5
S3150801CFA00446F9F71FF90B4B236023690A4AB3F9BB
S3150801CFB01430A38622631020F7F7BAFA074B0849FB
S3150801CFC004F13002F7F736FC064B2360204610BD04
S3150801CFD0D083020874750208DC4C0208004F020867
S3150801CFE07C760208B883020810B5034B0360044631
S3150801CFF0FEF786FC204610BD2C84020810B50446AF
S3150801D000FFF7F2FF20463821F7F79EFA204610BDB2
S3150801D01010B50E4A0446F9F7E5F80D4B2360236966
S3150801D0200C4A5B692263003B18BF012384F834303C
S3150801D0301020F7F77DFA084B084904F13002F7F793
S3150801D040F9FB074B2360204610BD00BF4484020844
S3150801D05064740208D04F0208F44E0208D858020830
S3150801D0602C84020810B5034B03600446FEF7DEFC68
S3150801D070204610BD7484020810B50446FFF7F2FF76
S3150801D08020463821F7F760FA204610BD10B50C4A3C
S3150801D0900446F9F7A7F80B4B236023690A4AB3F943
S3150801D0A01430A38622631020F7F742FA074B084982
S3150801D0B004F13002F7F7BEFB064B2360204610BD8C
S3150801D0C08C84020874750208DC4C0208004F0208B9
S3150801D0D0A05D020874840208CB7A082B09D89BB193
S3150801D0E0013B072B10D8DFE803F00D160F190F0FB8
S3150801D0F00F08402B01D0802B06D14B7A03F003038E
S3150801D100013300E0FB2383848B7A03F0010380F863
S3150801D1102C30012070474FF6FF73F4E70023F2E73E
S3150801D120002383847047000010B5034B036004464F
S3150801D130F9F7DCF8204610BDF084020810B504465C
S3150801D140FFF7F2FF20463021F7F7FEF9204610BD1A
S3150801D15037B540F2512300250446CDE90035C822EA
S3150801D1603223F9F7A1F82346054A43F8202B5D60D7
S3150801D170044B2362044BE5622046A36203B030BD2B
S3150801D180F0840208DC4C0208D04F020810B5034BA4
S3150801D19003600446FEF71EFB204610BD10850208F3
S3150801D1A010B50446FFF7F2FF20463821F7F7CCF908
S3150801D1B0204610BD10B50C4A0446F9F713F80B4B77
S3150801D1C0236023690A4A9B8AA38622631020F7F7FC
S3150801D1D0AFF9084B084904F13002F7F72BFB074B67
S3150801D1E02360204610BD00BF28850208487302083F
S3150801D1F0AC510208F04E0208D05702081085020801
S3150801D20010B5034B03600446FEF7E4FA204610BD49
S3150801D2108485020810B50446FFF7F2FF2046382137
S3150801D220F7F792F9204610BD10B50C4A0446F8F7EF
S3150801D230D9FF0B4B236023690A4A9B8AA38622637B
S3150801D2401020F7F775F9084B084904F13002F7F78A
S3150801D250F1FA074B2360204610BD00BF9C850208E2
S3150801D26048730208AC510208F04E020854740208C9
S3150801D2708485020810B5034B03600446FEF740FB9C
S3150801D280204610BDCC85020810B50446FFF7F2FF0B
S3150801D29020463821F7F758F9204610BD10B50E4A31
S3150801D2A00446F8F79FFF0D4B236023690C4A5B6917
S3150801D2B02263003B18BF012384F834301020F7F7A6
S3150801D2C037F9084B084904F13002F7F7B3FA074B67
S3150801D2D02360204610BD00BFE48502086474020875
S3150801D2E0D04F0208F44E0208D4580208CC85020829
S3150801D2F010B5034B03600446FEF798FB204610BDA4
S3150801D3001486020810B50446FFF7F2FF20463821B5
S3150801D310F7F71AF9204610BD10B50C4A0446F8F776
S3150801D32061FF0B4B236023690A4AB3F91430A386BC
S3150801D33022631020F7F7FCF8074B084904F130027D
S3150801D340F7F778FA064B2360204610BD2C860208AB
S3150801D35074750208DC4C0208004F020800760208C0
S3150801D3601486020810B5034B03600446FEF75EFBFC
S3150801D370204610BD8886020810B50446FFF7F2FF5D
S3150801D38020463821F7F7E0F8204610BD10B50C4ABB
S3150801D3900446F8F727FF0B4B236023690A4AB3F9BA
S3150801D3A01430A38622631020F7F7C2F8074B084901
S3150801D3B004F13002F7F73EFA064B2360204610BD0A
S3150801D3C0A086020874750208DC4C0208004F0208A0
S3150801D3D0007602088886020810B5034B03600446E6
S3150801D3E0FEF724FB204610BDD086020810B5044678
S3150801D3F0FFF7F2FF20463821F7F7A6F8204610BDB9
S3150801D40010B50C4A0446F8F7EDFE0B4B2360236969
S3150801D4100A4AB3F91430A38622631020F7F788F86D
S3150801D420074B084904F13002F7F704FA064B236063
S3150801D430204610BDE886020874750208DC4C02080D
S3150801D440004F02087C760208D086020810B5034B05
S3150801D45003600446FEF7EAFA204610BD448702082F
S3150801D46010B50446FFF7F2FF20463821F7F76CF8A6
S3150801D470204610BD10B50C4A0446F8F7B3FE0B4B0F
S3150801D480236023690A4AB3F91430A386226310205C
S3150801D490F7F74EF8074B084904F13002F7F7CAF9CE
S3150801D4A0064B2360204610BD5C8702087475020886
S3150801D4B0DC4C0208004F02089C72020844870208E5
S3150801D4C010B5034B03600446FEF71AFA204610BD51
S3150801D4D0B887020810B50446FFF7F2FF204638213F
S3150801D4E0F7F732F8204610BD10B50E4A0446F8F78C
S3150801D4F079FE0D4B236023690C4A5B692263003B65
S3150801D50018BF012384F834301020F7F711F8084BB7
S3150801D510084904F13002F7F78DF9074B23602046D5
S3150801D52010BD00BFD087020864740208D04F0208F4
S3150801D530F44E0208D0580208B887020810B5034B02
S3150801D54003600446F8F7D2FE204610BD008802089B
S3150801D55010B50446FFF7F2FF20464C21F6F7F4FF13
S3150801D560204610BD38B5002504468584858529469B
S3150801D5703030F6F779FE84F8405084F8485038BDC3
S3150801D58010B58B7A03F01F03022B044629D0102B02
S3150801D59022D00BB10023A3848B7BC3F3C00384F889
S3150801D5A040308B7BC3F3400384F84830897A04F111
S3150801D5B03000C909F6F758FEB4F92C30A3B1B4F90D
S3150801D5C02430B3FA83F35B0994F8342002B90BB11A
S3150801D5D0A38CA385012010BD0B7B03F00F03013338
S3150801D5E0D9E74FF6FF73D6E70123EDE737B54FF4D1
S3150801D5F0347300250446CDE90035C8226423F8F7BB
S3150801D60053FE2346094A43F8202B5D60084B2362E3
S3150801D610C4E90A35074B23632046C4E90D55C4E915
S3150801D6200F35C4E9113503B030BD00BF00880208C3
S3150801D630DC4C0208D04F02088B7BC3F3400380F809
S3150801D640243001207047002380F8243070470000F9
S3150801D65010B5034B03600446F8F748FE204610BD93
S3150801D6602088020810B50446FFF7F2FF2046282154
S3150801D670F6F76AFF204610BD37B54FF46D730025DE
S3150801D6800446CDE90035C8226423F8F70DFE234682
S3150801D690044A43F8202B5D60034B2362204603B0FE
S3150801D6A030BD00BF20880208D04F020810B5074BCD
S3150801D6B0044640F8503BFEF7B9F904F11800FEF7A5
S3150801D6C0B5F92046F6F7B8FD204610BD4088020890
S3150801D6D010B50446FFF7EAFF20469021F6F734FF16
S3150801D6E0204610BD38B504461546F8F77BFD0A4BAA
S3150801D6F023602369094AB3F914302D682263A38686
S3150801D7001020F6F715FF064B04F130022946F7F704
S3150801D71091F8204638BD00BF74750208DC4C020832
S3150801D720004F0208F8B5044625460F46F6F752FD9E
S3150801D730134B45F8183B3946124A2846FFF7D2FFDC
S3150801D7403946114A04F15000FFF7CCFF0F4BC4F8D4
S3150801D75088300023A4F88C301020F6F7E9FE0C4B2C
S3150801D7600C4904F18802F7F765F829462046F6F7C9
S3150801D7700BFD204604F15001F6F706FD2046F8BDDB
S3150801D780408802087888020850880208DC4C02089A
S3150801D790004F0208A05D020810B50446F6F7D6FC4C
S3150801D7A0B4F98430B4F94C201344002BB8BF5B425A
S3150801D7B05B10A4F88C3010BD10B5034B036004460A
S3150801D7C0FEF708F8204610BDE488020810B504469D
S3150801D7D0FFF7F2FF20463821F6F7B6FE204610BDC0
S3150801D7E010B50C4A0446F8F7FDFC0B4B2360236978
S3150801D7F00A4A9B8AA38622631020F6F799FE084BEC
S3150801D800084904F13002F7F715F8074B236020465B
S3150801D81010BD00BFFC88020848730208AC51020813
S3150801D820F04E0208D0570208E488020810B5034BE7
S3150801D83003600446FDF7CEFF204610BD2C89020879
S3150801D84010B50446FFF7F2FF20463821F6F77CFEAD
S3150801D850204610BD10B50C4A0446F8F7C3FC0B4B1D
S3150801D860236023690A4A9B8AA38622631020F6F756
S3150801D8705FFE084B084904F13002F6F7DBFF074B58
S3150801D8802360204610BD00BF448902084873020878
S3150801D890AC510208F04E0208547402082C89020899
S3150801D8A010B5034B03600446FEF72AF8204610BD5F
S3150801D8B07489020810B50446FFF7F2FF204638219D
S3150801D8C0F6F742FE204610BD10B50E4A0446F8F793
S3150801D8D089FC0D4B236023690C4A5B692263003B73
S3150801D8E018BF012384F834301020F6F721FE084BBF
S3150801D8F0084904F13002F6F79DFF074B23602046DD
S3150801D90010BD00BF8C89020864740208D04F020852
S3150801D910F44E0208D45802087489020810B5034B5C
S3150801D92003600446FEF782F8204610BDBC8902084A
S3150801D93010B50446FFF7F2FF20463821F6F704FE34
S3150801D940204610BD10B50C4A0446F8F74BFC0B4BA4
S3150801D950236023690A4AB3F91430A3862263102087
S3150801D960F6F7E6FD074B084904F13002F6F762FFC0
S3150801D970064B2360204610BDD48902087475020837
S3150801D980DC4C0208004F020800760208BC8902082E
S3150801D99010B5034B03600446FEF748F8204610BD50
S3150801D9A0048A020810B50446FFF7F2FF204638211B
S3150801D9B0F6F7CAFD204610BD10B50C4A0446F8F71D
S3150801D9C011FC0B4B236023690A4AB3F91430A38669
S3150801D9D022631020F6F7ACFD074B084904F1300223
S3150801D9E0F6F728FF064B2360204610BD1C8A02085D
S3150801D9F074750208DC4C0208004F02087C7602089E
S3150801DA00048A020810B5034B03600446FEF70EF8B4
S3150801DA10204610BD4C8A020810B50446FFF7F2FFEE
S3150801DA2020463821F6F790FD204610BD10B50C4A60
S3150801DA300446F8F7D7FB0B4B236023690A4AB3F967
S3150801DA401430A38622631020F6F772FD074B0849A6
S3150801DA5004F13002F6F7EEFE064B2360204610BDB0
S3150801DA60648A020874750208DC4C0208004F020831
S3150801DA709C7202084C8A020810B5034B03600446DF
S3150801DA80FDF7D4FF204610BD948A020810B5044656
S3150801DA90FFF7F2FF20463821F6F756FD204610BD5E
S3150801DAA010B50C4A0446F8F79DFB0B4B2360236916
S3150801DAB00A4AB3F91430A38622631020F6F738FD13
S3150801DAC0074B084904F13002F6F7B4FE064B23600A
S3150801DAD0204610BDAC8A020874750208DC4C02089F
S3150801DAE0004F0208A05D0208948A020810B5034B8C
S3150801DAF003600446FDF704FF204610BD088B0208A3
S3150801DB0010B50446FFF7F2FF20463821F6F71CFD4B
S3150801DB10204610BD10B50E4A0446F8F763FB0D4BB7
S3150801DB20236023690C4A5B692263003B18BF012302
S3150801DB3084F834301020F6F7FBFC084B084904F149
S3150801DB403002F6F777FE074B2360204610BD00BF6B
S3150801DB50208B020864740208D04F0208F44E0208AA
S3150801DB60D0580208088B020810B5034B0360044617
S3150801DB70F8F7BCFB204610BD508B020810B50446C9
S3150801DB80FFF7F2FF20464C21F6F7DEFC204610BDD2
S3150801DB9038B5002504468584858529463030F6F74B
S3150801DBA063FB84F8405084F8485038BD10B58B7A29
S3150801DBB003F01F030C2B04462BD023D8022B2BD0A2
S3150801DBC0092B26D08B7BC3F3400384F848308B7B23
S3150801DBD0C3F3800384F84030897A04F13000C90917
S3150801DBE0F6F742FBB4F92C30CBB1B4F92430B3FAC9
S3150801DBF083F35B0994F8342002B90BB1A38CA3858E
S3150801DC00012010BD102BDDD10B7B03F00F0301336F
S3150801DC1000E00023A384D5E74FF6FF73FAE7012353
S3150801DC20E8E7000037B54FF4E87300250446CDE967
S3150801DC300035C8226423F8F737FB2346094A43F817
S3150801DC40202B5D60084B2362C4E90A35074B236321
S3150801DC502046C4E90D55C4E90F35C4E9113503B0A9
S3150801DC6030BD00BF508B0208DC4C0208D04F0208B9
S3150801DC704B7A03F0010380F824304B7B03F0010350
S3150801DC8080F82C308B7BC3F3001380F834300B7C7F
S3150801DC90C3F3400380F83C3001207047002380F825
S3150801DCA0243080F82C3080F8343080F83C307047C6
S3150801DCB010B5034B03600446F8F718FB204610BD60
S3150801DCC0708B020810B50446FFF7F2FF2046402183
S3150801DCD0F6F73AFC204610BD37B54FF46F730025A9
S3150801DCE0CDE90035C82304461A46F8F7DDFA234676
S3150801DCF0074A43F8202B5D60064B23622046C4E998
S3150801DD000A35C4E90C35C4E90E3503B030BD00BF88
S3150801DD10708B0208D04F020810B5034B0360044606
S3150801DD20FDF758FD204610BD908B020810B5044634
S3150801DD30FFF7F2FF20463821F6F706FC204610BD0C
S3150801DD4010B50C4A0446F8F74DFA0B4B23602369C4
S3150801DD500A4A9B8AA38622631020F6F7E9FB084B39
S3150801DD60084904F13002F6F765FD074B23602046A2
S3150801DD7010BD00BFA88B020848730208AC510208FF
S3150801DD80F04E0208D0570208908B020810B5034BD3
S3150801DD9003600446FDF71EFD204610BDD88B020818
S3150801DDA010B50446FFF7F2FF20463821F6F7CCFBFB
S3150801DDB0204610BD10B50C4A0446F8F713FA0B4B6A
S3150801DDC0236023690A4A9B8AA38622631020F6F7F1
S3150801DDD0AFFB084B084904F13002F6F72BFD074B58
S3150801DDE02360204610BD00BFF08B02084873020865
S3150801DDF0AC510208F04E020854740208D88B020886
S3150801DE0010B5034B03600446FDF77AFD204610BDA5
S3150801DE10208C020810B50446FFF7F2FF2046382188
S3150801DE20F6F792FB204610BD10B50E4A0446F8F7E0
S3150801DE30D9F90D4B236023690C4A5B692263003BC0
S3150801DE4018BF012384F834301020F6F771FB084B0C
S3150801DE50084904F13002F6F7EDFC074B236020462A
S3150801DE6010BD00BF388C020864740208D04F02083E
S3150801DE70F44E0208D4580208208C020810B5034B48
S3150801DE8003600446FDF7D2FD204610BD688C0208E2
S3150801DE9010B50446FFF7F2FF20463821F6F754FB82
S3150801DEA0204610BD10B50C4A0446F8F79BF90B4BF2
S3150801DEB0236023690A4AB3F91430A3862263102022
S3150801DEC0F6F736FB074B084904F13002F6F7B2FCC0
S3150801DED0064B2360204610BD808C02087475020823
S3150801DEE0DC4C0208004F020800760208688C02081A
S3150801DEF010B5034B03600446FDF798FD204610BD97
S3150801DF00B08C020810B50446FFF7F2FF2046382107
S3150801DF10F6F71AFB204610BD10B50C4A0446F8F769
S3150801DF2061F90B4B236023690A4AB3F91430A386B6
S3150801DF3022631020F6F7FCFA074B084904F1300270
S3150801DF40F6F778FC064B2360204610BDC88C0208FC
S3150801DF5074750208DC4C0208004F02087C76020838
S3150801DF60B08C020810B5034B03600446FDF75EFD4D
S3150801DF70204610BDF88C020810B50446FFF7F2FFDB
S3150801DF8020463821F6F7E0FA204610BD10B50C4AAE
S3150801DF900446F8F727F90B4B236023690A4AB3F9B4
S3150801DFA01430A38622631020F6F7C2FA074B0849F4
S3150801DFB004F13002F6F73EFC064B2360204610BDFD
S3150801DFC0108D020874750208DC4C0208004F02081D
S3150801DFD09C720208F88C02080B7AC3F38013037546
S3150801DFE0C3698361704710B504461830F6F771FAAC
S3150801DFF0A36903B9237510BD13B50C4A0C4B03600D
S3150801E000CDE90020C36804466946D868F4F761F883
S3150801E010084AE368CDE900246946D868F4F759F84F
S3150801E0202046F6F774F8204602B010BD4DE0010807
S3150801E030408D020853E0010810B50446FFF7DCFFDE
S3150801E04020462021F6F780FA204610BD4068FFF7E2
S3150801E050C3BF0A7A436802F001021A75DA699A613E
S3150801E06070470000F7B504460F46F6F759F8154B01
S3150801E0702360154B2361C823C4E90633134BE760B4
S3150801E0800025CDE9003469462B463846656140F2DC
S3150801E0901142F3F7EBFB0E4BE0686946CDE9003414
S3150801E0A040F29E322B46F3F7E1FB1020F6F740FAD1
S3150801E0B0084B094904F11002F6F7BCFB204603B0E8
S3150801E0C0F0BD00BF408D0208D04F02084DE001089F
S3150801E0D053E00108F44E0208D058020810B5034B64
S3150801E0E003600446F8F702F9204610BD588D020868
S3150801E0F010B50446FFF7F2FF20464C21F6F724FA3D
S3150801E100204610BD38B500250446858485852946EF
S3150801E1103030F6F7A9F884F8405084F8485038BDED
S3150801E12010B58B7A03F01F03022B044629D0102B56
S3150801E13022D00BB10023A3848B7BC3F3C00384F8DD
S3150801E14040308B7BC3F3400384F84830897A04F165
S3150801E1503000C909F6F788F8B4F92C30A3B1B4F937
S3150801E1602430B3FA83F35B0994F8342002B90BB16E
S3150801E170A38CA385012010BD0B7B03F00F0301338C
S3150801E180D9E74FF6FF73D6E70123EDE737B54FF425
S3150801E190E87300250446CDE90035C8226423F8F75B
S3150801E1A083F82346094A43F8202B5D60084B23620E
S3150801E1B0C4E90A35074B23632046C4E90D55C4E96A
S3150801E1C00F35C4E9113503B030BD00BF588D0208BB
S3150801E1D0DC4C0208D04F02084B7A03F0010380F8A1
S3150801E1E024304B7B03F0010380F82C308B7BC3F37F
S3150801E1F0001380F834300B7CC3F3400380F83C30BD
S3150801E2004B7B03F0010380F82C300B7BC3F38003AF
S3150801E21080F8443001207047002380F8243080F8C4
S3150801E2202C3080F8343080F83C30704710B5034BF9
S3150801E23003600446F8F75AF8204610BD788D02089F
S3150801E24010B50446FFF7F2FF20464821F6F77CF998
S3150801E250204610BD37B54FF46F730025CDE900355B
S3150801E260C82304461A46F8F71FF82346084A43F80E
S3150801E270202B5D60074B23622046C4E90A35C4E9B1
S3150801E2800C35C4E90E35C4E9103503B030BD00BFFD
S3150801E290788D0208D04F020810B5034B0360044677
S3150801E2A0FDF7C4FB204610BD988D020810B504463B
S3150801E2B0FFF7F2FF20463821F6F746F9204610BD4A
S3150801E2C010B50C4A0446F7F78DFF0B4B23602369FB
S3150801E2D00A4AB3F91430A38622631020F6F728F9FF
S3150801E2E0074B084904F13002F6F7A4FA064B2360F6
S3150801E2F0204610BDB08D020874750208DC4C020870
S3150801E300004F0208A05D0208988D020810B5034B5C
S3150801E31003600446FDF75EFA204610BD0C8E02081E
S3150801E32010B50446FFF7F2FF20463821F6F70CF937
S3150801E330204610BD10B50C4A0446F7F753FF0B4BA0
S3150801E340236023690A4A9B8AA38622631020F6F76B
S3150801E350EFF8084B084904F13002F6F76BFA074B58
S3150801E3602360204610BD00BF248E020848730208A8
S3150801E370AC510208F04E0208D05702080C8E02086A
S3150801E38010B5034B03600446FDF724FA204610BD79
S3150801E390808E020810B50446FFF7F2FF20463821A1
S3150801E3A0F6F7D2F8204610BD10B50C4A0446F7F721
S3150801E3B019FF0B4B236023690A4A9B8AA3862263AA
S3150801E3C01020F6F7B5F8084B084904F13002F6F7BC
S3150801E3D031FA074B2360204610BD00BF988E02080C
S3150801E3E048730208AC510208F04E02085474020838
S3150801E3F0808E020810B5034B03600446FDF780FAC8
S3150801E400204610BDC88E020810B50446FFF7F2FF74
S3150801E41020463821F6F798F8204610BD10B50E4A61
S3150801E4200446F7F7DFFE0D4B236023690C4A5B6947
S3150801E4302263003B18BF012384F834301020F6F715
S3150801E44077F8084B084904F13002F6F7F3F9074B58
S3150801E4502360204610BD00BFE08E020864740208DE
S3150801E460D04F0208F44E0208D4580208C88E020892
S3150801E47010B5034B03600446FDF7D8FA204610BDD4
S3150801E480108F020810B50446FFF7F2FF204638211F
S3150801E490F6F75AF8204610BD10B50C4A0446F7F7A8
S3150801E4A0A1FE0B4B236023690A4AB3F91430A386EC
S3150801E4B022631020F6F73CF8074B084904F13002AD
S3150801E4C0F6F7B8F9064B2360204610BD288F0208D7
S3150801E4D074750208DC4C0208004F0208007602082F
S3150801E4E0108F020810B5034B03600446FDF79EFA28
S3150801E4F0204610BD848F020810B50446FFF7F2FFC7
S3150801E50020463821F6F720F8204610BD10B50C4AEA
S3150801E5100446F7F767FE0B4B236023690A4AB3F9EA
S3150801E5201430A38622631020F6F702F8074B084930
S3150801E53004F13002F6F77EF9064B2360204610BD3A
S3150801E5409C8F020874750208DC4C0208004F020809
S3150801E5507C760208848F020810B5034B03600446D3
S3150801E560FDF764FA204610BDCC8F020810B50446A3
S3150801E570FFF7F2FF20463821F5F7E6FF204610BDE2
S3150801E58010B50C4A0446F7F72DFE0B4B2360236999
S3150801E5900A4AB3F91430A38622631020F5F7C8FF97
S3150801E5A0074B084904F13002F6F744F9064B236094
S3150801E5B0204610BDE48F020874750208DC4C020877
S3150801E5C0004F02089C720208CC8F020810B5034B53
S3150801E5D003600446FDF72AFA204610BD1490020886
S3150801E5E010B50446FFF7F2FF20463821F5F7ACFFD0
S3150801E5F0204610BD10B50C4A0446F7F7F3FD0B4B40
S3150801E600236023690A4AB3F91430A38622631020CA
S3150801E610F5F78EFF074B084904F13002F6F70AF9B8
S3150801E620064B2360204610BD2C900208747502081B
S3150801E630DC4C0208004F0208A05D0208149002088B
S3150801E64038B5002504468584858529463030F5F791
S3150801E6500BFE84F8405084F8485084F8505038BD71
S3150801E66010B58B7A03F01F03022B04462ED0102B0C
S3150801E67027D00BB10023A3840B7BC3F3801384F843
S3150801E68050308B7BC3F3C00384F840308B7BC3F3D4
S3150801E690400384F84830897A04F13000C909F5F74E
S3150801E6A0E3FDB4F92C30A3B1B4F92430B3FA83F3FA
S3150801E6B05B0994F8342002B90BB1A38CA385012018
S3150801E6C010BD0B7B03F00F030133D4E74FF6FF733D
S3150801E6D0D1E70123EDE7000010B5034B03600446BB
S3150801E6E0F7F704FE204610BD5C90020810B50446F3
S3150801E6F0FFF7F2FF20465421F5F726FF204610BD05
S3150801E70037B54FF4E87300250446CDE90035C8222C
S3150801E7106423F7F7C9FD23460A4A43F8202B5D60AF
S3150801E720094B2362C4E90A35084B23632046C4E929
S3150801E7300D55C4E90F35C4E91135C4E9133503B0DC
S3150801E74030BD00BF5C900208DC4C0208D04F0208BD
S3150801E7504B7A03F0010380F824300B7CC3F34003A2
S3150801E76080F82C3001207047002380F8243080F887
S3150801E7702C30704710B5034B03600446F7F7B6FD16
S3150801E780204610BD7C90020810B50446FFF7F2FF3B
S3150801E79020463021F5F7D8FE204610BD37B54FF48F
S3150801E7A06F730025CDE90035C82304461A46F7F7E5
S3150801E7B07BFD2346054A43F8202B5D60044B236203
S3150801E7C02046C4E90A3503B030BD00BF7C90020873
S3150801E7D0D04F020810B5034B03600446FCF7FAFF55
S3150801E7E0204610BD9C90020810B50446FFF7F2FFBB
S3150801E7F020463821F5F7A8FE204610BD10B50C4A6B
S3150801E8000446F7F7EFFC0B4B236023690A4A9B8AF8
S3150801E810A38622631020F5F78BFE084B084904F1FD
S3150801E8203002F6F707F8074B2360204610BD00BFF4
S3150801E830B490020848730208AC510208F04E020867
S3150801E840D05702089C90020810B5034B0360044692
S3150801E850FDF7ECF8204610BD1091020810B50446E4
S3150801E860FFF7F2FF20463821F5F76EFE204610BD68
S3150801E87010B50C4A0446F7F7B5FC0B4B2360236920
S3150801E8800A4AB3F91430A38622631020F5F750FE1D
S3150801E890074B084904F13002F5F7CCFF064B236014
S3150801E8A0204610BD2891020874750208DC4C02083E
S3150801E8B0004F02087C760208109102080B7A03F0D1
S3150801E8C06003A3F12002534253410375C36983616F
S3150801E8D0704710B504461830F5F7FBFDA36903B96F
S3150801E8E0237510BD13B5084B084A0360C368CDE903
S3150801E8F0002004466946D868F3F7EBFB2046F5F78E
S3150801E90006FC204602B010BD5891020825E9010807
S3150801E91010B50446FFF7E6FF20462021F5F714FE59
S3150801E920204610BD4068FFF7C9BF000073B504460D
S3150801E9300E46F5F7F5FB0F4A2261C822C4E90622FD
S3150801E9400D4B0E4A2360002363616946CDE9002415
S3150801E950304640F2D222E660F2F788FF1020F5F73A
S3150801E960E7FD074B074904F11002F5F763FF204657
S3150801E97002B070BDD04F02085891020825E9010876
S3150801E980F44E0208D058020810B5034B036004463A
S3150801E990FDF74CF8204610BD7091020810B50446E3
S3150801E9A0FFF7F2FF20463821F5F7CEFD204610BDC8
S3150801E9B010B50C4A0446F7F715FC0B4B236023697F
S3150801E9C00A4AB3F91430A38622631020F5F7B0FD7D
S3150801E9D0074B084904F13002F5F72CFF064B236073
S3150801E9E0204610BD8891020874750208DC4C02089D
S3150801E9F0004F02089C720208709102088A7A12F086
S3150801EA0002030ED1120703D40B7B03F00303013370
S3150801EA10838483858B7BC3F3C00380F8343001205C
S3150801EA2070474FF0FF33F3E700238384838580F82B
S3150801EA303430704710B5034B03600446F7F756FCAC
S3150801EA40204610BDB891020810B50446FFF7F2FF3B
S3150801EA5020463821F5F778FD204610BD37B54FF425
S3150801EA60347300250446CDE90035C8226423F7F737
S3150801EA701BFC2346064A43F8202B5D60054B23629F
S3150801EA80C4E90A35044B65632046236303B030BDE8
S3150801EA90B8910208DC4C0208D04F020810B5034BA6
S3150801EAA003600446FCF7C2FF204610BDD891020850
S3150801EAB010B50446FFF7F2FF20463821F5F744FD65
S3150801EAC0204610BD10B50C4A0446F7F78BFB0B4BD5
S3150801EAD0236023690A4AB3F91430A38622631020F6
S3150801EAE0F5F726FD074B084904F13002F5F7A2FEB2
S3150801EAF0064B2360204610BDF09102087475020882
S3150801EB00DC4C0208004F0208A05D0208D8910208F1
S3150801EB1008B500F0F3F900007BB972B90029BEBF48
S3150801EB2000204FF0004106E008BF00281CBF6FF027
S3150801EB3000414FF0FF3000F0DFB9ADF1080C6DE987
S3150801EB4004CE002909DB002B1ADB00F04DF8DDF8AD
S3150801EB5004E0DDE9022304B07047404261EB41015C
S3150801EB60002B1BDB00F040F8DDF804E0DDE90223A9
S3150801EB7004B0404261EB4101524263EB43037047E3
S3150801EB80524263EB430300F02FF8DDF804E0DDE9B8
S3150801EB90022304B0404261EB41017047524263EBE4
S3150801EBA0430300F021F8DDF804E0DDE9022304B0AF
S3150801EBB0524263EB4303704753B94AB9002908BF68
S3150801EBC000281CBF4FF0FF314FF0FF3000F094B919
S3150801EBD0ADF1080C6DE904CE00F006F8DDF804E0A5
S3150801EBE0DDE9022304B070472DE9F0470646DDF852
S3150801EBF020E00846B4460D46002B4DD18A421446FC
S3150801EC006BD9B2FA82F242B1C2F12003954026FAD3
S3150801EC1003F394401D4306FA02FC260CA7B2B5FB82
S3150801EC20F6F14FEA1C4306FB115543EA054301FB7E
S3150801EC3007F0984209D9E31801F1FF3580F0FC8005
S3150801EC40984240F2F980023923441B1A1FFA8CFCB8
S3150801EC50B3FBF6F006FB10334CEA034C00FB07F353
S3150801EC6063450AD914EB0C0C00F1FF3580F0E680F8
S3150801EC70634540F2E380A444023840EA0140ACEB24
S3150801EC80030C0021BEF1000F04D02CFA02F3002276
S3150801EC90CEE90032BDE8F0878B4208D9BEF1000FF4
S3150801ECA001D0CEE9006100210846BDE8F087B3FA34
S3150801ECB083F1174600294CD1834202D3B24200F2AE
S3150801ECC00A81B6EB070C60EB030301201D46BEF172
S3150801ECD0000FDFD0CEE900C5DCE7002A00F09480FA
S3150801ECE01A46B4FA84F3002B40F0AA800B1B270CB2
S3150801ECF0A6B201214FEA1C40B3FBF7F507FB153312
S3150801ED0040EA034306FB05F0984207D9E31805F1E3
S3150801ED10FF3802D2984200F2E38045461B1A1FFAD1
S3150801ED208CFCB3FBF7F007FB10334CEA034C06FBEC
S3150801ED3000F3634508D914EB0C0C00F1FF3602D237
S3150801ED40634500F2CA803046ACEB030C40EA054045
S3150801ED5098E7C1F120058B4022FA05FC4CEA030C21
S3150801ED6000FA01F426FA05F3E84002FA01F9234309
S3150801ED704FEA1C4206FA01FAB0FBF2F71FFA8CF6C3
S3150801ED8002FB17001C0C44EA004407FB06F0A042EC
S3150801ED900AD91CEB040407F1FF3880F09A80A042D7
S3150801EDA040F29780023F6444241A9BB2B4FBF2F006
S3150801EDB002FB104443EA044300FB06F69E4209D9C6
S3150801EDC01CEB030300F1FF3480F081809E427ED95B
S3150801EDD00238634440EA0740A0FB09749B1BA3421F
S3150801EDE03E46A04663D360D0BEF1000F0AD0BAEB07
S3150801EDF0060263EB080303FA05F5CA401543CB403F
S3150801EE00CEE90053002145E7730843EAC1734A086E
S3150801EE10190C41EA02414FEAC67C9BB2B2FBF4F0F7
S3150801EE202646254627461F2243EA0143B1FBF4F14C
S3150801EE305B1B41EA00415DE7294606E728461CE7D0
S3150801EE401A46C3F120019C4026FA01F320FA01F182
S3150801EE5090400343270C06FA02FCB1FBF7F0A6B271
S3150801EE6007FB1015190C41EA054100FB06F58D4211
S3150801EE703BD9611801D28D4220D8491B0138B1FB13
S3150801EE80F7F5A84605FB06F507FB18119BB243EAF9
S3150801EE900143AB4227D2E31808F1FF31C8D2AB428E
S3150801EEA0C6D2A8F102012344C2E7BA459CD2B7EB00
S3150801EEB0090664EB0C040138A04695E7651B29444D
S3150801EEC00238B1FBF7F5A84605FB06F5DCE720464F
S3150801EED080E7474668E70846F9E6A444023833E777
S3150801EEE0023D23441AE74146A2E7491BB1FBF7F560
S3150801EEF0A84605FB06F5C7E7704700BF08B5062013
S3150801EF00F5F7EEFA0120F5F7EAFA002301461A4663
S3150801EF10184600F045B810B501390244904201D1AE
S3150801EF20002005E0037811F8014FA34201D0181B10
S3150801EF3010BD0130F2E7884210B501EB020402D98F
S3150801EF408442234607D8431EA14207D011F8012B54
S3150801EF5003F8012FF8E70244824200D110BD13F8E5
S3150801EF60011D02F8011DF7E702440346934200D149
S3150801EF70704703F8011BF9E7014B1868704700BF92
S3150801EF80C81200200A44914200F1FF3300D17047AC
S3150801EF9010B511F8014B03F8014F9142F9D110BD93
S3150801EFA02DE9F843264D0646286891460F469846A8
S3150801EFB000F050F8234A14683CB9234B1360234ADE
S3150801EFC012B11268C3F888201F4C63681F2B06DD2F
S3150801EFD0286800F040F84FF0FF30BDE8F8832EB3FB
S3150801EFE0D4F8880068B91A4B002BF1D04FF4847015
S3150801EFF0F5F77EFA0028EBD00023C0E94033C4F8C0
S3150801F0008800636840F823900121D0F800219940CF
S3150801F01000EB830C0A43C0F80021022ECCF880804D
S3150801F02002BFD0F804210A43C0F804215A1C02334E
S3150801F0302868626044F8237000F00DF80020CCE7D8
S3150801F040C4120020383E0020AC3D0020000000001C
S3150801F050F1440108704770470000000000000000F5
S3150801F06000100020E9020008ED020008F30200087A
S3150801F0700D030008130300082D0300080000000013
S3150801F080FFFFFFFF00000000000000004703000823
S3150801F0904D03000800000000530300085903000847
S3150801F0A0B50A0008C50A0008D50A0008E50A0008D5
S3150801F0B0F50A0008050B0008150B0008250B0008C2
S3150801F0C0350B0008450B0008550B0008650B0008B1
S3150801F0D0750B0008850B0008950B0008A50B0008A1
S3150801F0E0B50B0008C50B0008D50B0008E50B000891
S3150801F0F0F50B0008050C0008150C0008250C00087E
S3150801F100350C0008450C0008550C0008650C00086C
S3150801F110750C0008850C0008950C0008A50C00085C
S3150801F120B50C0008C50C0008D50C0008E50C00084C
S3150801F130F50C0008050D0008150D0008250D000839
S3150801F140350D0008450D0008550D0008650D000828
S3150801F150750D0008850D0008950D0008A50D000818
S3150801F160000000000000000000000000B50D0008C6
S3150801F170C50D0008D50D0008E50D0008F50D0008B8
S3150801F180050E0008150E0008250E0008350E0008A4
S3150801F190450E0008550E000800000000000000009A
S3150801F1A0650E0008750E0008850E000800000000AF
S3150801F1B00000000000000000000000000000000040
S3150801F1C00000000000000000950E0008A50E0008CA
S3150801F1D0B50E000800000000000000000000000055
S3150801F1E000000000C50E0008336431323335630070
S3150801F1F070B52B4CA36A43F08053A362A36A23F02C
S3150801F2008053A362636943F080536361E36A23F41D
S3150801F210F873E362E36A43F48073E362BFF34F8FE3
S3150801F220204DAB6823F04053AB60AB6842F21070D7
S3150801F23043F08053AB6000F02FF9AB6843F000430D
S3150801F240AB60AB68002BFCDB382000F025F9AB6816
S3150801F250154843F00103AB6000F0BCFEC1232B63E4
S3150801F2600026AB684FF47A7043F00403AB6000F0F4
S3150801F27013F92B685B07FCD52B6CB3F5946FF0D3A8
S3150801F2800136642EEDD1A36A43F08053A362A36AC3
S3150801F29023F08053A362636923F08053636170BDD1
S3150801F2A000100240000000509C5500081C4B1A68CB
S3150801F2B022F450221A601A6842F480321A601A68D7
S3150801F2C09103FCD5174A520102F1844201211160CA
S3150801F2D04FF480625A60144A116821F004011160E2
S3150801F2E06FF07F415160116841F0010111600F4AC9
S3150801F2F05A600022DA621A6842F080721A601A6845
S3150801F3009201FCD50A4A122111605A6842F002029A
S3150801F3105A605A6802F00C02082AFAD1704700BFEF
S3150801F320001002402410024010E000E00004110021
S3150801F3300020024008B500F051FAFFF7B7FFBDE813
S3150801F3400840FFF755BF00BF1C48004708B502F043
S3150801F35059FC1EF0040F0CBFEFF30880EFF3098088
S3150801F3607146174A104708B502F04CFC08B502F079
S3150801F37049FC1EF0040F0CBFEFF30880EFF3098078
S3150801F3807146104A104708B502F03CFC1EF0040FFE
S3150801F3900CBFEFF30880EFF3098071460A4A10475C
S3150801F3A008B502F02FFC08B502F02CFC08B502F0EE
S3150801F3B029FC08B502F026FC704700006D03000819
S3150801F3C007030008270300084103000808B5FFF7EB
S3150801F3D0B1FF1D4A1D48824217D31D4A1D49002007
S3150801F3E08A421DD302F0AEFC1B4D1C4B5B1B9C10C5
S3150801F3F00026B4421DDC1A4D1A4B5B1B9C100026D5
S3150801F400B4421BDC00F082F9FEE7D2E900139468E6
S3150801F4100C32C91A9C42DED95D5843F8045BF9E7F8
S3150801F42052F8083B52F8044C9C42D9D943F8040BCC
S3150801F430FAE755F8043B98470136DAE755F8043BED
S3150801F44098470136DCE700BF0804000814040008E1
S3150801F450140400081C0400081C0400081C04000805
S3150801F4601C04000828040008585900080010002048
S3150801F470E8120020E8120020A02A0020552D0008D5
S3150801F480394600086546000800207047007970472C
S3150801F490017101207047000038B50E4B0E4C984299
S3150801F4A0A5680DD800EBC0004FF47A73B0FBF3F0F2
S3150801F4B00230A368EB1A23F07F439842F9D838BD86
S3150801F4C009214FF47A720023A0FB010104F022FE00
S3150801F4D0EEE700BF1BC7711C10E000E0294B9842FC
S3150801F4E005D1294A936943F40063936107E0274BE1
S3150801F4F0984207D1244AD36943F00103D361BFF384
S3150801F5004F8F7047224B984204D11F4AD36943F063
S3150801F5100203F3E71F4B984204D11B4AD36943F010
S3150801F5200403EBE71C4B984204D1174AD36943F00D
S3150801F5301003E3E7194B984204D1134AD36943F000
S3150801F5402003DBE7164B984204D10F4A936943F42B
S3150801F5500053CAE7134B984204D10B4A936943F403
S3150801F5608033C2E7104B984204D1074A936943F4A2
S3150801F5700033BAE70D4B9842C1D1034A936943F464
S3150801F5808023B2E7002C0140001002400000004031
S3150801F590000400400008004000100040001400402C
S3150801F5A00034014000400140004401400048014048
S3150801F5B00079704703685B681847000070B51949F8
S3150801F5C0044600F0C9FD04F1080001F04FFD21468B
S3150801F5D0154A04F6284001F007FE04F62841134AA5
S3150801F5E004F65C7003F0C8FD04F5815004F56A71F0
S3150801F5F00F4A083004F068FD04F5965504F58B505A
S3150801F60008350B4A04F65C71183004F0E9FC284603
S3150801F61002F084F904F580532046C3F87051C3F803
S3150801F620C05270BD8855000838560008145600089F
S3150801F63078560008DFF84490DFF8448000F10805A1
S3150801F64080B500F65C74284602F0F0FA0D4FD9F839
S3150801F6500860D9F80830F31A23F07F43BB4204D86F
S3150801F6604FF47A725343434504D92046D9F80860C2
S3150801F670FFF7A0FF2846FFF79DFFEAE710E000E045
S3150801F6807F4A5D05368941002DE9F047074600F0B6
S3150801F690DDFD064602F04CFA10B93846FFF7CAFFF7
S3150801F6A0DFF854801548DFF85890DFF858A000F0C5
S3150801F6B091FCD8F8083064250024D8F808104FF4CE
S3150801F6C07A72D8F80830CB1A23F07F434B4502D813
S3150801F6D053435345F5D9094800F018FD00B90134DB
S3150801F6E0013DEAD1312CD8D8082ED6D0BDE8F0474D
S3150801F6F0054800F051B800BF10E000E06C5600085C
S3150801F700368941003F5489000090000810B5084C1D
S3150801F7102368DB0707D40748FFF750FF012306488C
S3150801F720236004F0A0FE0348FFF7AEFF002010BDDA
S3150801F730E8120020F0120020DD06000810B5114875
S3150801F74002F006F9104AD2F8B43202F52D700021FA
S3150801F750834212D1D2F8880120B1D2F89011091A40
S3150801F76002F026FB094804F08DFC094802F04AFB21
S3150801F770BDE81040074801F095BC1C68C3E90011B3
S3150801F7802346E5E7B8250020F022002018230020AB
S3150801F7904C220020F81200200E4B4FF0FF320021B8
S3150801F7A09A621A61DA605961D96199619962196136
S3150801F7B0D960094BC3F88020C3F88420C3F8882090
S3150801F7C072B6BFF34F8F0368426883F3088897467A
S3150801F7D0704700BF0010024000E100E0124B1A68B2
S3150801F7E0002142F001021A6059601A6822F08472F7
S3150801F7F022F480321A60D9621A6822F480221A60C9
S3150801F8009960DA6842F00102DA60DA6822F00102E8
S3150801F810DA609A6942F001029A61044B044A9A60D5
S3150801F82062B6044ADA6070470010024000ED00E053
S3150801F830000000080003FA05037823B143781B0189
S3150801F84083F31188704743780BB162B6704772B675
S3150801F8507047000037B5154D3523EB60002441F29A
S3150801F86001432B61ADF80440EFF31083DB4303F04A
S3150801F87001038DF8053072B60D4B5B685A0705D53D
S3150801F88001A8FFF7D9FF204603B030BD018001A8C2
S3150801F890FFF7D2FFBFF35F8FEB68DB07FAD4EB689C
S3150801F8A013F0140F0CBF01200020EDE700200240E1
S3150801F8B00070004000F0010210B482F00104E40077
S3150801F8C0FF23A340D400A140194310BC89B2801A72
S3150801F8D0FFF7C0BF024B1869C0F3C010704700BFDD
S3150801F8E0002002400B4B00F5803041F20242C00273
S3150801F8F01A6158611A6942F040021A61BFF35F8FB3
S3150801F900DA68D207FAD44FF4A0521A613522DA60BE
S3150801F910704700BF0020024008B50246FFF7DAFF2C
S3150801F9201346002103F8040B5160C3E90111C0B164
S3150801F9300D4B0E49596001F188315960BFF34F8F5C
S3150801F940FFF7C8FF0028F9D109490B6843F0F0030E
S3150801F9500B60084988688B68C31A23F07F432E2BEE
S3150801F960F9D9104608BD00BF0020024023016745AA
S3150801F9700070004010E000E0037B10B504461BB19F
S3150801F98001798068FFF796FF23781BB1024B4FF484
S3150801F990A4521A61204610BD0020024002F17842A5
S3150801F9A010B5013A01F17844E40A1144B4EBD12FB8
S3150801F9B001D9012010BD2046FFF794FF0134F5E770
S3150801F9C02DE9F3410646884615461F464BB3037B88
S3150801F9D07BB380683179431C434526D115F8013B31
S3150801F9E041EA8301FFF736FF08F10104D0B1337B01
S3150801F9F00BB100233373474427F001082D1B4445F7
S3150801FA0005EB040317D3BC420BD20022317B0092CB
S3150801FA101A788DF800200194A9B19DE80300C6E97A
S3150801FA200101012002B0BDE8F081FFF743FF44461A
S3150801FA30DCE70C46DFE7295B2046FFF70BFF0028CA
S3150801FA40F0D00234DBE79DE803000123C6E9010192
S3150801FA503373E6E74368184791F9003030B50A462B
S3150801FA600124590903F01F039C40154D01F1200398
S3150801FA7045F82340BFF34F8FBFF36F8F114C92F9AF
S3150801FA80003003C804EBC30484E80300002BB8BFA5
S3150801FA900D485178BABF03F00F031B185B194FEADB
S3150801FAA00111B4BF197683F8001392F900300122C7
S3150801FAB0590903F01F0302FA03F345F8213030BD53
S3150801FAC000E100E000100020FCEC00E090F90030B5
S3150801FAD001215A0903F01F03994002F12003094A3B
S3150801FAE042F82310BFF34F8FBFF36F8F064A90F981
S3150801FAF00010064B03EBC10392E8030083E80300F9
S3150801FB00704700BF00E100E07C56000800100020A5
S3150801FB100368184708B50248FFF7FAFF08BD00BF92
S3150801FB200010002008B50248FFF7F2FF08BD00BF24
S3150801FB300810002008B50248FFF7EAFF08BD00BF14
S3150801FB401010002008B50248FFF7E2FF08BD00BF04
S3150801FB501810002008B50248FFF7DAFF08BD00BFF4
S3150801FB602010002008B50248FFF7D2FF08BD00BFE4
S3150801FB702810002008B50248FFF7CAFF08BD00BFD4
S3150801FB803010002008B50248FFF7C2FF08BD00BFC4
S3150801FB903810002008B50248FFF7BAFF08BD00BFB4
S3150801FBA04010002008B50248FFF7B2FF08BD00BFA4
S3150801FBB04810002008B50248FFF7AAFF08BD00BF94
S3150801FBC05010002008B50248FFF7A2FF08BD00BF84
S3150801FBD05810002008B50248FFF79AFF08BD00BF74
S3150801FBE06010002008B50248FFF792FF08BD00BF64
S3150801FBF06810002008B50248FFF78AFF08BD00BF54
S3150801FC007010002008B50248FFF782FF08BD00BF43
S3150801FC107810002008B50248FFF77AFF08BD00BF33
S3150801FC208010002008B50248FFF772FF08BD00BF23
S3150801FC308810002008B50248FFF76AFF08BD00BF13
S3150801FC409010002008B50248FFF762FF08BD00BF03
S3150801FC509810002008B50248FFF75AFF08BD00BFF3
S3150801FC60A010002008B50248FFF752FF08BD00BFE3
S3150801FC70A810002008B50248FFF74AFF08BD00BFD3
S3150801FC80B010002008B50248FFF742FF08BD00BFC3
S3150801FC90B810002008B50248FFF73AFF08BD00BFB3
S3150801FCA0C010002008B50248FFF732FF08BD00BFA3
S3150801FCB0C810002008B50248FFF72AFF08BD00BF93
S3150801FCC0D010002008B50248FFF722FF08BD00BF83
S3150801FCD0D810002008B50248FFF71AFF08BD00BF73
S3150801FCE0E010002008B50248FFF712FF08BD00BF63
S3150801FCF0E810002008B50248FFF70AFF08BD00BF53
S3150801FD00F010002008B50248FFF702FF08BD00BF42
S3150801FD10F810002008B50248FFF7FAFE08BD00BF33
S3150801FD200011002008B50248FFF7F2FE08BD00BF22
S3150801FD300811002008B50248FFF7EAFE08BD00BF12
S3150801FD401011002008B50248FFF7E2FE08BD00BF02
S3150801FD501811002008B50248FFF7DAFE08BD00BFF2
S3150801FD602011002008B50248FFF7D2FE08BD00BFE2
S3150801FD702811002008B50248FFF7CAFE08BD00BFD2
S3150801FD803011002008B50248FFF7C2FE08BD00BFC2
S3150801FD903811002008B50248FFF7BAFE08BD00BFB2
S3150801FDA04011002008B50248FFF7B2FE08BD00BFA2
S3150801FDB04811002008B50248FFF7AAFE08BD00BF92
S3150801FDC05011002008B50248FFF7A2FE08BD00BF82
S3150801FDD05811002008B50248FFF79AFE08BD00BF72
S3150801FDE06011002008B50248FFF792FE08BD00BF62
S3150801FDF06811002008B50248FFF78AFE08BD00BF52
S3150801FE007011002008B50248FFF782FE08BD00BF41
S3150801FE107811002008B50248FFF77AFE08BD00BF31
S3150801FE209811002008B50248FFF772FE08BD00BF09
S3150801FE30A011002008B50248FFF76AFE08BD00BFF9
S3150801FE40A811002008B50248FFF762FE08BD00BFE9
S3150801FE50B011002008B50248FFF75AFE08BD00BFD9
S3150801FE60B811002008B50248FFF752FE08BD00BFC9
S3150801FE70C011002008B50248FFF74AFE08BD00BFB9
S3150801FE80C811002008B50248FFF742FE08BD00BFA9
S3150801FE90D011002008B50248FFF73AFE08BD00BF99
S3150801FEA0D811002008B50248FFF732FE08BD00BF89
S3150801FEB0E011002008B50248FFF72AFE08BD00BF79
S3150801FEC0E811002008B50248FFF722FE08BD00BF69
S3150801FED00012002008B50248FFF71AFE08BD00BF48
S3150801FEE00812002008B50248FFF712FE08BD00BF38
S3150801FEF01012002008B50248FFF70AFE08BD00BF28
S3150801FF005012002008B50248FFF702FE08BD00BFDF
S3150801FF105812002008B50248FFF7FAFD08BD00BFD0
S3150801FF206012002008B50248FFF7F2FD08BD00BFC0
S3150801FF3088120020F8B5224F3D78FF2D044605D1D9
S3150801FF40204B0360072363602046F8BD25B11E4B8D
S3150801FF50DB1B013B9D4203D91C4B23600923F2E7B6
S3150801FF607B1C58191E468342194606D00A78613AFF
S3150801FF70D2B2192A03F10103F5D8884202D1C4E99C
S3150801FF800065E1E7124E72682AB9284601F006FFB4
S3150801FF90C6E900052A4631680846561817F8013F8A
S3150801FFA0A3F12005A3F1610CEDB2BCF1190F98BFBD
S3150801FFB02B4600F8013B8642F0D1C4E90012C3E79B
S3150801FFC0E08F00088D560008009000088456000846
S3150801FFD0D825002003682DE9F041002B5ED0444A5C
S3150801FFE093425DD1434A536943F400335361BFF3E6
S3150801FFF04F8F002203240F25012683881341DB072F
S3150802000049D5036890F806E019684FEA420C04FAE3
S315080200100CF70EFA0CF821EA07010EF1FF3E41EA47
S315080200200801BEF1010F196015D8998806FA02FE71
S3150802003021EA0E0190F809E00EFA02FE41EA0E01E3
S315080200409980D3F808E0817A2EEA070E01FA0CF1B4
S3150802005041EA0E019960D3F80CE0017A2EEA070705
S3150802006001FA0CF13943D960C179A1B14FEAD20C30
S3150802007003EB8C039700D3F820C007F01C0705FA98
S3150802008007FE2CEA0E0CC3F820C0D3F820C0B940EC
S3150802009041EA0C0119620132102AAED1BDE8F0819B
S315080200A0154A934204D1134A536943F480239DE7C0
S315080200B0124A934204D10F4A536943F4002395E73F
S315080200C00F4A934204D10B4A536943F480138DE7CE
S315080200D00C4A934204D1074A536943F4001385E74D
S315080200E0094A934283D1034A536943F480037DE75D
S315080200F000000048001002400004004800080048BA
S31508020100000C004800100048001400480368828862
S315080201101B8A1A4214BF012000207047838801B93E
S315080201201B0402689361704773B500249C4201D18F
S3150802013002B070BD71B10E5D45682E732E89F60741
S31508020140FCD52D7B8DF8075012B19DF80750155531
S315080201500134EBE70E46EFE7F8B52B4B03600B6865
S315080201604360D1E903430C2206460D4602FB0347C8
S31508020170A74230D17368254A934231D1244A9369FA
S3150802018043F480539361234ABFF34F8F6868002371
S315080201901946013300FA03F4944202D8082BF7D120
S315080201A019462B7A687A7268002B0CBF0423062339
S315080201B0034343EAC10343F4407313804FF4B8532D
S315080201C09380138843F040031380938843F0040313
S315080201D093803046F8BD2046FFF7FCFE0C34C7E78D
S315080201E00D4A934206D10A4AD36943F48043D3613E
S315080201F00A4AC9E70A4A934204D1054AD36943F42B
S315080202000043F4E70022BFE79C560008003001408D
S315080202100010024000A24A0400380040005125029C
S31508020220003C004000207047054B1860C0435860E8
S31508020230BFF35F8FBFF34F8F024B034ADA607047F3
S31508020240C09F002000ED00E00400FA0510B5174C27
S31508020250236813F0010F164B16D116494A68086827
S31508020260D243904218BF09221A70134A506A0001F3
S315080202700CD50220187018780860C04348604FF001
S315080202808071516201222260187810BD506A80007E
S3150802029001D50320EEE7506A400001D50420E9E7BC
S315080202A0506A0028E7DA0520E4E700BFE0250020C7
S315080202B0E4250020C09F002000100240C0EBC003C6
S315080202C0B0EBD30307D00238834204D8082B28BFE1
S315080202D00823184670470120704703695B689869C6
S315080202E0000E704703695B689869C0F30740704758
S315080202F000207047808870478088704738B5144B4D
S31508020300036004460069134D4268134B551B19696D
S315080203106A426A4141EA426119611969083021EA69
S3150802032042621A61FFF7D2FB20690A30FFF7CEFB59
S3150802033020690C30FFF7CAFB04F58763C4F848380E
S315080203402046C4F84C3801F060FC204638BD00BF90
S31508020350E8560008006400400010024010B5044642
S31508020360FFF7CCFF20464FF4086101F021FD204635
S3150802037010BD0000037F10B5044693B903695B6894
S315080203805B68DB070DD4C06800F0BCFD21694B68C9
S31508020390096903225A61034A13680B43136001234E
S315080203A0237710BD000401404068FFF79BBFC3884E
S315080203B08B4205D803898B4202D38180012070477C
S315080203C0002070474068FFF788BF0A68C2F3807347
S315080203D010B55B00C2F31C04920046BF43EAC4038D
S315080203E043F0040343EA445303600B7943608B6882
S315080203F08360CB68C36010BD1FB50469C0682468F2
S31508020400CDE901239DF80C300A4664F3020301A9DB
S315080204108DF80C3000F0A2FD04B010BD38B5B0F866
S31508020420543848F6A0410446192201EB5301B1FBA0
S31508020430F3F1B1FBF2F302FB1313551EA3B91046EF
S31508020440FFF73CFF04280FD8C2EBC203B2EBD30373
S3150802045006D0901E834203D8082B02D92A46E8E71B
S315080204600123EB1A102B20D9022D2A46E1D1192293
S31508020470B1FBF2F302FB1313BBB1013A022AF7D11D
S3150802048019220D46104601EB5003B3FBF0F3434322
S31508020490994234BF5B1ACB1AAB4238BF02460138BF
S315080204A0AB4238BF1D460228EDD11046FFF706FFBC
S315080204B0236901EB52010428B1FBF2F1A2F102020F
S315080204C05C68A2EB0002034628BF0423013B120420
S315080204D042EA0362013842EA005201390A43E261FA
S315080204E038BD000037B500F58763C0F84838C0F84C
S315080204F04C3800230169A0F86838A0F86038194B0F
S315080205000446CDE9003008316846FFF7A5FA2169A5
S31508020510154B0A316846CDE90034FFF79DFA216981
S31508020520124B0C316846CDE90034FFF795FA236978
S315080205305D682B6823F002032B602B6843F00103E6
S315080205402B606B68DB07FCD52B6843F040032B60F6
S315080205502046FFF763FF2B6823F001032B6003B0E5
S3150802056030BD00BFB11700080B1700080D180008A8
S31508020570F0B5034600224FF0080CFF270024002599
S31508020580160101328159412A01F00041815103F1D4
S31508020590100303F80CCC03F80B7C43E90245EFD1B0
S315080205A0C0F81004C0F81404F0BD000070B5044683
S315080205B016460D4601F032FB2C4B236073685B012D
S315080205C003F1844303F52073C4E9035663610025E6
S315080205D00433A361257704F12000FFF7C9FF04F568
S315080205E08760FFF7C5FF224BC4F85038214BC4F881
S315080205F054384FF47A73C4F85858A4F858381E4B2E
S31508020600C4F85C38C4F864381C4B7268C4F86C3891
S315080206101B481C4BC4F874381B4BC4F86058101A94
S315080206201969C4F868584242424141EA426119616D
S315080206301969C4F8704821EA42611961D969C4F88E
S31508020640784841EA4262DA61BFF34F8F2369D3E9F8
S3150802065005560C2303FB0656AE4201D1204670BD51
S315080206602846FFF7B7FC0C35F6E700BFE856000840
S31508020670A8560008F4010A00B8560008C856000829
S3150802068000640040D8560008001002400B6800F5C6
S315080206908262103393420CBF08600B6070470000F9
S315080206A0F8B50446EFF31187802383F31188D0F84F
S315080206B04828D0F84C389B1A1D11002BB8BF413573
S315080206C03F2D11D8D0F84C680FC986E80F0004F6FA
S315080206D04C0104F58760FFF7D9FF2DB9236993F911
S315080206E00A20044BC3F8002E07F0F00787F3118897
S315080206F0F8BD00BF00E100E02DE9F04104460025FF
S315080207004FF080674FF0010823695E68B36807FAFD
S3150802071005F21A4224D0EB0008FA03F3B360D4F8C0
S315080207204828D4F84C389A421AD006F5C070D4F83C
S31508020730481800EB051006EB0516FFF746FE04F609
S31508020740480104F58760FFF7A1FFD6F8803143F028
S315080207500103C6F88031B4F868380133A4F868385A
S315080207600135032DD0D1BDE8F0814068FFF7C4BF3B
S315080207702DE9F041254D044600F2344723695A68AB
S31508020780D3689B0701D1BDE8F081D4F83014D4F8B8
S3150802079034345B1A1911002BB8BF41313F292CD8C2
S315080207A0D2F8B03113F00401C3F340001ABF012195
S315080207B0DB085B0D43EA417343EA8073D2F8B4015E
S315080207C0D2F8B41163F31E08D4F83434D2F8B8E177
S315080207D0D2F8BCC1C3F8008000F00F021A710A0AE7
S315080207E0C3E902EC5A71394604F12000FFF74EFFBD
S315080207F0B4F860380133A4F860382269536812697C
S315080208002021D9602B6913432B61B7E70004014005
S315080208104068FFF7ADBF000070B50446D4F830242F
S31508020820D4F8343421699A4211D10F4B08691A69EE
S3150802083022EA00021A610A695A61D4F83004D4F825
S31508020840341488421EBF19690A431A6170BDE068EA
S31508020850D4F83024096800F0C1F904F5866104F178
S315080208602000FFF713FFD9E7000401404068FFF7AD
S31508020870D3BF80EA010333F0604309D1C1F30761AC
S3150802088081EA106111F0600F0CBF01200020704749
S315080208900020704710B50A46044609680068FFF743
S315080208A0E8FF60B151686068FFF7E3FF38B1237A61
S315080208B0127A534013F0070F0CBF0120002010BD17
S315080208C0C2780368C2F3801040009206C3F31C0381
S315080208D046BF40EAC30040F0040040EA435070476E
S315080208E0C2780368C2F380119206C3F31C030BD5C0
S315080208F04FF6E07202EA5332C3F3C233134343EAB2
S31508020900011343F008007047580180B240EA01100B
S315080209107047C2780368C2F38010C2F34012D2004D
S31508020920C3F31C0342EA001249B14FF6E07101EA29
S3150802093053310A43C3F3C2301043C04370475801C8
S3150802094080B2104340F00700F7E74268C37832F0F6
S315080209506042C3F3401302D1C279520601D5D81CAC
S315080209607047C3F10200704770B50B7A047A43F3F5
S31508020970020244F302069642054624DB5C4014F062
S3150802098007041ED1FFF7E1FF06460846FFF7DDFF1B
S31508020990864218DB19D1EB78CA78C3F38016C2F3FC
S315080209A0801086420FD353405B060ED428680B6824
S315080209B0C0F31C00C3F31C0398422CBF002001207D
S315080209C070BD0020FCE70120FAE72046F8E70000A0
S315080209D02DE9F84F15460A687E4C0126013B074663
S315080209E088469640032B27D8DFE803F002387BB8FF
S315080209F0D4F804323343C4F80432D4F80C323343FD
S31508020A00C4F80C322868431C2B60D1F8009007EB17
S31508020A100010FFF755FF09F1480944F8390028681C
S31508020A20431C2B60D8F8005007EB0010FFF748FF6D
S31508020A30483504EBC5056860D4F8143223EA060380
S31508020A40C4F81432D4F81C321E43C4F81C62D8F80F
S31508020A5000300133C8F80030BDE8F88FD4F8043204
S31508020A603343C4F80432D4F80C3223EA0603C4F832
S31508020A700C32D5F8009009F101032B6000EB09103E
S31508020A80FFF72EFF4FEA091B09F1020382460BF113
S31508020A9010002B603844FFF723FFD8F8003048339C
S31508020AA04AEA004044F83300D5F8009009F10103F8
S31508020AB02B6007EB0910FFF713FF4FEA091B09F131
S31508020AC0020382460BF110002B603844FFF708FF39
S31508020AD0D8F80030483304EBC3034AEA00405860AA
S31508020AE0AAE7D4F8043223EA0603C4F80432D4F88F
S31508020AF00C3223EA0603C4F80C322B6800EB0319FE
S31508020B004846FFF7EDFE99F803108246C1F34011F5
S31508020B1009F10400FFF7FDFED8F8003048334AEA27
S31508020B20004044F833002B68013307EB03172B60A8
S31508020B303846FFF7D5FEF9788146C1F34011381DCC
S31508020B40FFF7E7FED8F80030483304EBC30349EA57
S31508020B50004058602B6801332B606DE7D4F80432E5
S31508020B6023EA0603C4F80432D4F80C323343C4F831
S31508020B700C322868D1F8009007EB0010FFF7A0FEA8
S31508020B8009F1480944F839002B68D8F8001007EB30
S31508020B900317FA797868FF78C2F340139B00BF06F9
S31508020BA0C0F31C00C2F380125BBF43EA405343EA18
S31508020BB0420343EAC003084A46BF43EA420343F0F4
S31508020BC001021A4301F1480304EBC303D2435A60F4
S31508020BD0C0E700BF00640040F9FF1F0038B553792B
S31508020BE000EB03101546C46804B938BD6368201DB6
S31508020BF0294698472468F7E7054A0023C0F8803350
S31508020C00D2F8003243F00103C2F80032704700BF3F
S31508020C100064004038B50446006808B9204638BD65
S31508020C2005680C2101F0C4F82846F6E737B5002214
S31508020C30034618461B6863B15D680C68A542F8D17D
S31508020C409D684C68A542F4D11C6804601A601A466D
S31508020C50EEE701A80192FFF7DDFF03B030BDD0F839
S31508020C60803370B50E4600EB03150446A54200D143
S31508020C7070BD04F10C003146FFF7D8FF1034F5E7D2
S31508020C8038B50446006808B9206038BD05680C21E5
S31508020C9001F08EF82846F6E7F8B506460C46151F03
S31508020CA00027A64200D1F8BD54F8103C45F80C3C82
S31508020CB054F80C3C45F8083C14F8083C05F8043C82
S31508020CC02846FFF7DDFF54F8043C45F81039103C76
S31508020CD0E760E6E72DE9FF41D0F8806300EB0114EF
S31508020CE0382E074604F110053AD000EB06139D424A
S31508020CF006F101060AD194E80700002385E80700F1
S31508020D00EB60C7F8806304B0BDE8F081A3F1100C6C
S31508020D109CE807004FF0000883E8070053F8042C04
S31508020D20DA6043F8048C61461A462846C7F8806397
S31508020D30FFF7B2FF94E807008DE807006B4603CB7E
S31508020D401B78206104F11C0069602B72FFF798FF7B
S31508020D50C4F81C8003A8CDF80C80FFF75BFFD2E726
S31508020D6003F07AFB2DE9F04F1D4685B01B68D0F8D3
S31508020D7080830193044617469B46C34528D204EB53
S31508020D800B10027A42F302028A4206D1FFF7DDFD10
S31508020D90012802D10BF1010BEFE75E46464506D262
S31508020DA004EB0610027A42F302028A4212D0B146D4
S31508020DB0C14567D204EB0910027A42F302028A425B
S31508020DC00ED1FFF7C2FD03280AD109F10109EFE79F
S31508020DD05E46ECE7FFF7B9FD0228E8D10136DDE702
S31508020DE0CA46C24550D3019BABEB0308AAEB0903DB
S31508020DF0A6EB0B0B0393A9EB060628F00103019356
S31508020E0026F001030BF0030902934FF0000ABAEB2E
S31508020E10580F47D1019B984509D029682046FFF704
S31508020E2059FF01232A4639462046FFF7D1FD4FF0DE
S31508020E300008B8EB9B0F3ED1B9F1010F44D12968DE
S31508020E402046FFF747FF01232A4639462046FFF781
S31508020E50BFFD4FF00008B8EB560F42D1029B9E42E7
S31508020E6009D029682046FFF735FF03232A46394663
S31508020E702046FFF7ADFD0026039B9E423AD105B0F8
S31508020E80BDE8F08FCA46AEE704EB0A10027A42F3CF
S31508020E9002028A42A7D1FFF758FD0428A3D10AF114
S31508020EA0010A9EE701232A4639462046FFF790FDA6
S31508020EB00AF1010AABE702232A4639462046FFF71A
S31508020EC087FD08F10108B4E7B9F1020FBBD0B9F101
S31508020ED0030FBED1296820460131FFF7FBFE022324
S31508020EE0B2E703232A4639462046FFF771FD08F181
S31508020EF00108B0E704232A4639462046FFF768FD6B
S31508020F000136B9E713B50C4CD4F8003213F00103D5
S31508020F104FF000010ED001AB6A46CDE90011FFF78A
S31508020F2021FFD4F8003223F00103C4F8003201206D
S31508020F3002B010BD1846FBE70064004010B50C204D
S31508020F400C4600F029FF0346002143F8041B02461B
S31508020F5094E8030083E80300104610BD2DE9F04F1C
S31508020F60D0F8805385B080460F46914645F31B0A52
S31508020F700446BAF1000F19DC08EB0516A6423FD063
S31508020F8039462046FFF786FC824600283CD0E568AB
S31508020F902B466BB35968D9F80020914204D1996857
S31508020FA0D9F80420914220D01B68F2E74FEA6A0674
S31508020FB004EB061B39465846FFF7D6FC20B1AAEBC6
S31508020FC006060BF11004013EB246D2E797E807007F
S31508020FD084E807002046002340F80C3F4946FFF7FD
S31508020FE0ADFF0135E060C8F8805305B0BDE8F08F63
S31508020FF0494604F10C00FFF7A1FF0560E060F4E73B
S31508021000382DE3D103F028FA382DFBD0A6F11003C8
S3150802101093E80700013586E8070056F8042CF260C3
S3150802102046F804AC194632462046C8F88053FFF7FC
S3150802103033FE97E807008DE80700494603A8CDF86E
S315080210400CA0FFF77BFF6B46064603CB1B78206096
S31508021050616004F10C002372FFF712FEE66003A832
S31508021060CDF80CA0FFF7D6FDBFE7000070B5044621
S31508021070254600F015FE094B45F8183B2846FFF7AA
S31508021080BBFD074A294604F56870FFF78FFA204622
S3150802109004F5687100F0F6FD204670BD0057000899
S315080210A028570008F8B5124B0360124B1A6942F02A
S315080210B000721A611A69044622F0007200F5687015
S315080210C01A61FFF71BF9D4F8985304F1180625B9E3
S315080210D0204600F017FE2046F8BDF068013D08B923
S315080210E01036F4E707680C2100F062FE3846F6E788
S315080210F0005700080010024010B50446FFF7D2FF59
S3150802110020464FF4426100F053FE204610BD406867
S315080211100C30FEF7FBBF08B540680021FEF7FEFF5C
S315080211204FF4FA70FEF7B8F908BD10B50446282040
S31508021130FEF7B2F960680121BDE81040FEF7EEBF7E
S31508021140F0B585B004460E460025FFF7EEFF40F6D9
S31508021150C410FEF7A1F9ADF80C50EFF31083DB4388
S3150802116003F001038DF80D3072B62046FFF7D3FF60
S315080211702068AE4214BF0A230B238DF80630036893
S315080211800DF107021F680DF106010123B8479DF804
S315080211900730022B12D02046FFF7C7FF03A8ADF887
S315080211A00850FEF749FB9DF80830002063F3070054
S315080211B09DF8093063F30F2005B0F0BD03A8FEF7CA
S315080211C03BFB2068036803AA1C6829460423A04738
S315080211D03EB99DF80E308DF8083001238DF8093096
S315080211E0E1E79DF80C30F6E773B50446C0E900124C
S315080211F01646002140F20112083003F063F940F264
S3150802120001220021C4F80C01C4F8100104F58A7001
S3150802121003F058F901250023C4F8203384F824334F
S31508021220C4F82833A4F83033C4F81803C4F82C5386
S31508021230C4F81C033046FEF7CDFE60680C30FEF794
S31508021240C9FE60681830FEF7C5FE60682946FEF7D3
S3150802125065FF606829461830FEF760FF6368586ABA
S31508021260FEF73CF9736A616880221A8047221A855A
S3150802127040F2E7325D61DA621A882A431A80074B1E
S3150802128068462831CDE90034FEF7E6FB63685A6AF8
S31508021290D36820462B43D36002B070BD31270008BD
S315080212A0D1F828331BB9002303604360704791F8CD
S315080212B02033022B03D1052303600123F5E7042B10
S315080212C0F1D10323F8E7D1F82833022B03D80023F8
S315080212D0C0E90033704791F82023022A08D1052B6A
S315080212E0F5D1B1F82333053303600123037170473F
S315080212F0042AECD1032BEAD191F822330333F3E71C
S31508021300D0F80432D0F80802C01A48BF00F2012009
S315080213107047D0F8043182B00B440193019B00F266
S315080213200110834221BF019B6FF480729B180193BF
S31508021330019802B07047D1F80421D1F808319B1AF6
S3150802134048BF03F20113012B70B505460C4604D8B3
S315080213500023C5E90033284670BD00212046FFF761
S31508021360D8FF012106782046FFF7D3FF0378D4F881
S31508021370041146EA0326D4F808315B1A48BF03F279
S315080213800113B11C9942E3D801232E602B71E2E7BF
S315080213900B6800F20112013393420CBF08600B601E
S315080213A070472DE9F341032ACDE900120446154692
S315080213B004D9CB78043393420E4605D0012384F828
S315080213C0303302B0BDE8F081D0F80C21D0F81031E4
S315080213D09B1A48BF03F20113C3F58073AA1C9342F2
S315080213E0ECD3D0F8103100F108071D7000F58871AA
S315080213F03846FFF7CDFFD4F810312A0A1A7004F5D9
S3150802140088713846FFF7C4FF3544B542D9D0D4F8B7
S31508021410103116F8012B1A7004F588713846FFF751
S31508021420B7FFF2E7D0F8043282B00B440193019B6E
S3150802143000F20120834221BF019B6FF400729B18C0
S315080214400193019802B0704770B5044608460E46E5
S31508021450FFF756FF012804D80023C4E900332046C3
S3150802146070BD00213046FFF7DDFF012105783046C1
S31508021470FFF7D8FF0378304645EA0325FFF740FF12
S31508021480AB1C9842E8D3012325602371E7E70B6872
S3150802149000F20122013393420CBF08600B607047C9
S315080214A02DE9F04F43685B6AA9B0002204461A6127
S315080214B00DF120092046FFF72AFE40B300212046F7
S315080214C0FFF73EFEC0F3072310F47F4FADF80C007A
S315080214D0009300F049819DF80CB0D4F8285305EB27
S315080214E00B03022B40F21281214604A8FFF7D8FE0D
S315080214F09DF81430002B71D1002D5CD0012384F89D
S3150802150031332046FFF711FE009B002BD2D004F29E
S31508021510091A04F1080508AE29463046FFF70BFFFB
S315080215209DF82430002B00F01F8101212046FFF789
S3150802153007FE074617F47F4FADF8080000F014813E
S315080215409DF80890C7F3072B294604A8FFF7F3FE70
S315080215509DF81430002B00F0FE80DDF81080C84597
S3150802156000F2FB80294606A8FFF7E5FE9DF81C3027
S31508021570002B40F0CE809DF82030012B00F0E6804B
S31508021580294606A8FFF7D7FE9DF81C30002B40F027
S31508021590FA80206803680022D3F800B03146434631
S315080215A0D847D4F82C33013BA9EB0809C4F82C33E5
S315080215B04FF0000BC8E72068036829461E6804F541
S315080215C048720123B047D4F828530135C4F8285382
S315080215D0214604A80BF1FF3BFFF762FEDDF81080F7
S315080215E0A8EB0506B345C0F09180206804F5487358
S315080215F00193036804F548721F682A44334600219A
S31508021600B847D4F828331E44C4F82863214606A8E6
S31508021610FFF759FE9DF81C30002B3FF46FAF069F6B
S315080216207F2F3FF66BAF5D44A5EB080504F58A7874
S31508021630A7EB060A4046FFF763FE554566D3BB1C71
S31508021640C0F50070834201933FF65BAF20680368DA
S3150802165009EB0602D3F800B000215346D847D4F85E
S3150802166028232E44012AA6EB070B3CDD04F5487114
S31508021670484602F035FF0023C4F8283394F820338D
S31508021680042B06D194F821330E2B32D1BAF1000F6E
S3150802169037D14046FFF734FEBB1CC0F500708342C3
S315080216A03FF61BAFD4F81C3304F547711F7040464A
S315080216B0FFF7EDFED4F81C3300221A7004F54771C1
S315080216C04046FFF7E4FE4F444E46B7423FF405AFA5
S315080216D0D4F81C3316F8012B1A7004F547714046E4
S315080216E0FFF7D5FEF1E704BF94F820338DF82030D2
S315080216F0C1E70F2BCDD1BAF1010FCAD99DF8213016
S3150802170001E09DF82030C4F82C33C2E70023009389
S31508021710F7E6069B9845FFF42EAF3344324602217C
S3150802172093423FF428AFD4F80CC1481C6144039194
S315080217300399514521BF03996FF4807C6144039153
S315080217400399097802F8011B0146E9E7D4F82C3314
S31508021750002B7FF415AFC7F3072B2046FFF7E5FCEE
S31508021760BBF1000F3FF4D5AE29B0BDE8F08F28468D
S315080217700091FFF70DFE00990BF1010B069B023350
S315080217809B45F4D305E74FF0000B04F58671F5E7A0
S315080217904068FFF785BE2DE9F04385B004460D463D
S315080217A002A801F58A71CDE9002399461646FFF784
S315080217B04BFE9DF80C3013B1029F4F4506D9002304
S315080217C0C4E90033204605B0BDE8F08305F5467145
S315080217D005F58A70FFF75BFE05F5467105F58A7011
S315080217E0FFF755FE3744B74204D1DDE9020184E822
S315080217F00300E7E7D5F818331B7806F8013B05F529
S31508021800467105F58A70FFF742FEECE7F8B5047FE4
S315080218107CB391F8347177BB184ED1F83051AE4289
S3150802182029D8174C2B44A34225D8341DA342C6F106
S3150802183008069E46064428BFA646AE450FD8A342CA
S315080218400BD9D1F83051AC42214638BF29464D1B37
S315080218505B1A2A440C30FEF7B3F83846F8BDD1F8BD
S3150802186030C1A5EB0C0C12F80CC006F805C0013500
S31508021870E3E72527F1E72227EFE700BF00900008F4
S3150802188000E00308037F2DE9F0410646884617461D
S3150802189033B391F834412CBB134DD1F830118D4234
S315080218A020D8124B501898421CD806F10C00FEF7A5
S315080218B075F8D8F830112A1D8D420F442B4638BFC9
S315080218C00B46C5F10805BA4228BF3A462E44FF21FF
S315080218D09A4202D82046BDE8F081F1540133F7E76F
S315080218E02524F7E72224F5E70090000800E003081C
S315080218F0027C1AB100220274FEF73EB8704738B568
S3150802190004460C30FFF7F4FF04F10C00FEF704F866
S31508021910012300202377207138BD000010B5044644
S3150802192001F0DCFE084B236000212171A16014221C
S3150802193004F10C0002F0C6FD0449042204F1080071
S3150802194002F0CEFD204610BD4C5700080090000854
S3150802195010B5054B044640F80C3BFFF7C9FF204675
S3150802196001F0C2FE204610BD4C57000810B50139D9
S31508021970012303FA01F18B4200D310BD43EA0102A7
S3150802198000EA0204A14201D0A34200D1504049080C
S315080219905B00F0E710B50139012303FA01F189B2B8
S315080219A08B4200D310BD43EA010200EA0204A142B7
S315080219B001D0A34200D150405B0049089BB2EFE731
S315080219C02DE9F74FDFF8A0900190D9F80030DB0730
S315080219D00E46904635D4DFF894A0DAF8001011F0D6
S315080219E0010428D12248DFF88CB0214F4FF48062D7
S315080219F0214602F067FD0821A0B2FFF7CBFF0821B6
S31508021A0005460246002090EAC27054BF4FF0000C09
S31508021A10DC4601398CEA4000C2F34F02F3D1202199
S31508021A20FFF7A4FF0134B4F5807F47F82500E2D119
S31508021A300123CAF80030104B0D4A1A600123C9F86F
S31508021A4000300D4B01981A68B044464502D103B0DE
S31508021A50BDE8F08F16F8013B4340DBB252F823305B
S31508021A6083EA1020F1E700BFEC290020E8250020D0
S31508021A70EC250020B71DC104F02900202DE9F0410C
S31508021A80154600F10C04064620468846FFF730FF45
S31508021A90AB88022B2AD1AB79012B27D12F6806F105
S31508021AA0080520214FF0FF30641BFFF75FFF22462F
S31508021AB02946FFF785FFD8F830210D498A420346A1
S31508021AC003D9521AFFF77CFF0346DB439F4204D130
S31508021AD0012333710020BDE8F081002C04DD224683
S31508021AE0FF21284602F0EEFC3220F4E73120F2E725
S31508021AF00490000808B520214FF0FF30FFF736FFA3
S31508021B0007492022FFF75CFF06490422FFF758FF20
S31508021B100549064A521AFFF753FFC04308BD00BFDC
S31508021B2000900008605700082490000800E00308A7
S31508021B3030B5134C134A2368934287B01DD9124A0B
S31508021B4093421AD8256AFFF7D5FF6A1C019010D16D
S31508021B5002A8FDF7E1FE04230DEB030204F12001BE
S31508021B6002A8FDF72DFF02A8FDF706FF012007B020
S31508021B7030BD431B58425841F9E70020F7E700BF3A
S31508021B800090000800000020C09F00200379F7B5E6
S31508021B9004464BB300F1080600F10C05AA1B23D034
S31508021BA0077F1749304602F064FCE8B13FB9284678
S31508021BB0FFF79EFE2846FDF7AFFE01232377104F57
S31508021BC00423324639462846FDF7FAFE3B6A0133B4
S31508021BD00AD1FFF78FFF042301900DEB030207F1E9
S31508021BE020012846FDF7ECFE237F1BB104F10C0009
S31508021BF0FFF77EFE0620FEF717FB002003B0F0BDB6
S31508021C000090000800BEFEE77047704710B50C2129
S31508021C10044600F0CDF8204610BD0000024B0360D2
S31508021C200023C0E9013370476C57000838B50546EA
S31508021C3055F8104FA54200D138BD54F8043C201F70
S31508021C401B6898472468F5E738B5054655F8104FD6
S31508021C50A54200D138BD54F8043C201F5B6898475A
S31508021C602468F5E710B50446FFF7D8FF044B23604E
S31508021C700023E36004F11003C4E90433204610BDCF
S31508021C808457000810B543698B600A1D00F11004D9
S31508021C904C6042611A60C3680133C36010BD00001C
S31508021CA010B50446FFF7DEFF014B2360204610BD40
S31508021CB09C57000810B50346002153F8042F934297
S31508021CC003D1C0E90133016010BD1468C2E90011ED
S31508021CD02246F4E710B5054B044640F80C3BFFF7DD
S31508021CE0E9FF2046FFF791FF204610BD84570008FA
S31508021CF010B50446FFF7EEFF2046182100F058F803
S31508021D00204610BD10B5054B044640F80C3BFFF7BC
S31508021D10D1FF2046FFF7DEFF204610BD9C5700087C
S31508021D2010B50446FFF7EEFF2046182100F040F8EA
S31508021D30204610BD08B5FFF765FF03680BB1013BE6
S31508021D40036070477047FEE708B502F0C3FB5823E5
S31508021D5003604FF0FF3008BD0C4A0D4938B51368C9
S31508021D600C4D013310F0070F136020F0070303F13F
S31508021D70080308BF03460868C418AC4201D9FFF72E
S31508021D8041FF0C6091681944916038BDF42900201E
S31508021D9090120020C09F0020FFF7DEBFFFF7DCBFCE
S31508021DA0024A536801335360704700BFF429002082
S31508021DB0FFF7F6BF024B0349034A5B1AD360704723
S31508021DC0C09F0020A02A0020F4290020FEE7000078
S31508021DD0004870471B4600080079704743798B42D2
S31508021DE005D883798B4202D30171012070470020FE
S31508021DF07047012804D0831E584258410001704793
S31508021E00022070470F4B70B504460360D0F8B40041
S31508021E1040B9666E04F1140556B92046FFF7F5FE79
S31508021E20204670BD05680C21FFF7C2FF2846EFE77A
S31508021E30E869013E18B1696A091AFFF7B9FF283538
S31508021E40EAE700BFE457000810B50446FFF7DAFFD1
S31508021E502046CC21FFF7ACFF204610BD10B5D1E9CC
S31508021E6002329A4200D110BD5A1C8A600A68D45CB2
S31508021E7083685A1C82600268D454F0E737B50B4669
S31508021E80CDE900128A18934201D103B030BD8168A8
S31508021E9013F8015B4C1C846004686554F3E7000080
S31508021EA0064B1422013A02D14FF6FF7070471968A1
S31508021EB0814201D1988870470833F3E73C580008F5
S31508021EC04368D86EFFF7ECBF4368186FFFF7E8BFA1
S31508021ED0F0B503460C460F46054601F1100C3E4680
S31508021EE003CE664528606960374605F10805F6D1CE
S31508021EF030682860A17DA08A98829975D4E906017E
S31508021F00DA75E27D1A760022C3E907015A6283F876
S31508021F1028201846F0BD000090F8263082B063B932
S31508021F200A4B0193BDF80430002063F30F00BDF895
S31508021F30063063F31F4002B07047036A23B190F874
S31508021F4028300BB9024BECE70023EAE704FD01004F
S31508021F5006FD010090F8263084B0CDE9001293B947
S31508021F60022A03BF0A8882840123002304BF0122AE
S31508021F7080F826208DF80C3001209DF80C3043EAB3
S31508021F80002004B07047036A2BB190F8283033B9A1
S31508021F90012380F8283018468DF80C00EDE700205A
S31508021FA0FAE7000084B02DE9F041054607A880E863
S31508021FB00E000BAE03462A461C4603CCB4421060FA
S31508021FC05160234602F10802F6D120681060002308
S31508021FD00122C5E90523DDE90C62C5E907336B620F
S31508021FE01A4BB3EB421F06EB421842F31A0402D20B
S31508021FF0174802F08BF82C2767431CB13846FFF7BF
S31508022000CBFE0446C5E9074427446F623746B845FE
S3150802201008D12C62334698450CD12846BDE8F041D2
S3150802202004B07047394620460122FFF751FF203790
S315080220302C34ECE75A7D02F03002002A6A690CBF9A
S31508022040022103210A446A612033E4E7C045175D89
S31508022050E3550008837E07B563B9104B0093BDF8B4
S315080220600030002063F30F00BDF8023063F31F400F
S3150802207003B000BDD0E90721914202D100230193A2
S3150802208007E01046FFF748FF10F47F0F009002D0D2
S315080220900190019BE2E72C32EEE700BF02FD010048
S315080220A07FB5837ECDE90012D3B9022A03BF0A8817
S315080220B002830123002308BF01228DF80C304FF05A
S315080220C0010308BF82768DF80D309DF80C3000208A
S315080220D063F307009DF80D3063F30F2004B070BD5B
S315080220E0D0E90746B44203D10023ADF80C30ECE739
S315080220F0DDE900122046FFF72DFF10F47F4F02D0CC
S31508022100ADF80C00E1E72C34ECE738B504460C20B0
S315080221100D46FFF741FE034695E80300D4F8B420BE
S315080221201A60C3E90101C4F8B43038BDC36810B5F2
S315080221300446586801211830FDF7F0FF1423C4E954
S315080221402B33014810BD00BFB93D0008FFF7EEBFAB
S3150802215013B5CDE9002313461278042A04460BD197
S31508022160019A597801700333033AC0E9013201230F
S315080221700373204602B010BD1022002102F0A2F914
S31508022180F7E7836801680246C85C013393607047C3
S3150802219073B5CDE9001205460E460C46019B33443B
S315080221A09C4209D0D5E902329A4205D02846FFF761
S315080221B0E8FF04F8010BF1E702B070BD8368026814
S315080221C0D154836801338360704730B505698368E3
S315080221D0026841F2E104A54204BF49BA89B2D15262
S315080221E083680233836030BDF0B5ABB0CDE9001227
S315080221F0D5B21F467F2240F2D2430646069208927D
S31508022200099301220AAB05A84FF6065105938DF8E4
S3150802221028200792FFF7D9FFA91D05A8C9B2FFF71B
S31508022220CDFF394605A8FFF7D0FFBDF8C01005A8AF
S31508022230FFF7CBFF05A80021FFF7C0FF294605A82F
S31508022240FFF7BCFFDDE9001205A8FFF717FE059B9D
S315080222500393079B039904931A463046FFF7A1F89E
S315080222602BB0F0BD10B590F8A03086B0CDE90212B9
S315080222706BB1142A0BD8D0E91532B2F85020009265
S315080222800593DDE90212C0689BB2FFF7ADFF06B0FF
S3150802229010BD000030B5044685B0C56802A8FDF732
S315080222A049FEB4F8A6300093B4F8A2302846DDE910
S315080222B00212FFF799FF03480A23C4E92B3305B034
S315080222C030BD00BF0D3F00082DE9F04790F82660A3
S315080222D09EB00446884691469A46002E6AD10078F0
S315080222E03C4AFFF786FD91458CBF0A220922402304
S315080222F0871805930EAA079340F2D24501234FF693
S31508022300045104A804928DF8383006930895FFF70D
S315080223105CFFF9B204A8FFF751FF514604A8FFF77C
S3150802232054FF217804A8FFF749FF2378012B0FBF32
S31508022330A31C04F11403221D9B1A08BF099309A9B9
S3150802234008BF022304A8CDE90A36CDE90C3518BF21
S315080223500992FFF783FD1F4B217D994504A826D8CC
S31508022360FFF72CFF049A069B617D049204A8069344
S31508022370FFF724FFA17D04A8FFF720FFE17D04A84B
S31508022380FFF71CFF072104A8FFF718FF217E04A800
S31508022390FFF714FF049B0293069B029903931A46BE
S315080223A04046FEF7FEFF01201EB0BDE8F087FFF7A4
S315080223B00CFFD7E7006A0028F6D094F828203AB925
S315080223C0A28C0092E16902464046FFF70DFFEAE752
S315080223D00020E9E71F0007002DE9F041867E9CB040
S315080223E0044688461746002E48D10078FFF701FDB5
S315080223F040230CAA07460393059340F2D2450123CC
S315080224004FF6025102A802928DF8303004930695CF
S31508022410FFF7DBFEF91CC9B202A8FFF7CFFE217847
S3150802242002A8FFF7CBFE2378012B0FBFA31C04F1EA
S315080224301403221D9B1A08BF079307A908BF022384
S3150802244002A8CDE90836CDE90A3518BF0792FFF783
S3150802245005FD012102A8FFF7B1FE217D02A8FFF7BB
S31508022460ADFE029B0093049B009901931A464046CF
S31508022470FEF797FF01201CB0BDE8F081D0E90756A8
S31508022480B54201D10020F6E72846238B3A46414653
S31508022490FFF71AFF2C350028F2D0EBE730B58BB0E0
S315080224A007230693089340F2D24301AA04460993E6
S315080224B005A801234FF68A418DF804300592079341
S315080224C0FFF783FE05A80321FFF778FE05A8032177
S315080224D0FFF774FE002105A8FFF770FE03A8FDF7B3
S315080224E029FD9DF8101005A8FFF768FE059B0393C2
S315080224F0079B0493E068DDE90312FEF752FF0348DF
S315080225000A23C4E92B330BB030BD00BF15410008BE
S3150802251030B58BB005230693089340F2D24304469E
S315080225200125099305A801AB4FF6854105938DF858
S3150802253004500795FFF749FE294605A8FFF73EFE10
S3150802254005A80321FFF73AFE059B0393079BE0685C
S31508022550039904931A46FEF724FF03480A23C4E99B
S315080225602B330BB030BD00BF2D3F0008436E70B54C
S31508022570282200F11404054602FB0346A64204D1AA
S315080225802846BDE87040FFF7C3BF2046AA6EE96831
S31508022590FFF722FF28340028F0D0014870BD00BF9B
S315080225A0593E000870B592B005466846FDF7C2FC6A
S315080225B0019C1A23082C0793099340F2D24328BF99
S315080225C0082401260A9306A80BAB4FF68341069305
S315080225D08DF82C600896FFF7F8FD04F10E0106A89F
S315080225E0C9B2FFF7EBFD06A80021FFF7E7FD06A82B
S315080225F02021FFF7EAFD06A82021FFF7E6FD31466E
S3150802260006A8FFF7DBFD06A80021FFF7D7FDA119EB
S31508022610C9B206A8FFF7D2FD04A8FDF78BFC059BF5
S31508022620092B34BF0921082106A8FFF7C7FD009B1D
S31508022630CDE9043406A8DDE90412FFF71FFC06A853
S315080226400021FFF7BBFD06A80021FFF7BEFD06A87D
S315080226500021FFF7BAFD069B0293089BE8680299D8
S3150802266003931A46FEF79DFE02480A23C5E92B3351
S3150802267012B070BDA13F000830B58BB00523069392
S31508022680089340F2D24304460125099305A801ABF3
S315080226904FF68F4105938DF804500795FFF795FD80
S315080226A0294605A8FFF78AFD05A80A21FFF786FD30
S315080226B0059B0393079BE068039904931A46FEF762
S315080226C070FE03480A23C4E92B330BB030BD00BFA2
S315080226D0E13F000870B594B00BAE05463046FDF7EB
S315080226E029FC0C9B082B05D8284614B0BDE8704077
S315080226F0FFF7C2BF6846FDF71DFC019C069640F22D
S31508022700D24224231D2C0A9242F209014FF00102F9
S3150802271006A828BF1D24CDE9082307938DF82C2087
S31508022720FFF753FD202106A8FFF748FDA11CC9B2F1
S3150802273006A8FFF743FD611CC9B206A8FFF73EFDCE
S31508022740092106A8FFF73AFD009B2246194606A864
S31508022750CDE90234FFF792FBDDE908138B42069AAC
S315080227600CD1CDE90423E86804991A46FEF719FE46
S3150802277006480A23C5E92B3314B070BDCDE9081300
S3150802278006A800210692FFF719FDE5E7C13F0008F2
S3150802279070B5036992B00446187CFFF72AFB172323
S315080227A00CAA06460393059340F2D245012302A8D2
S315080227B04FF68E4102928DF8303004930695FFF754
S315080227C004FDF11C02A8C9B2FFF7F8FC2369187CBC
S315080227D0FFF70FFB811CC9B202A8FFF7EFFC2369BA
S315080227E0187CFFF706FB411CC9B202A8FFF7E6FCF4
S315080227F002A80721FFF7E2FC23691A7C0B95012A36
S315080228000FBF123303F1140224339B1A0ABF07932C
S3150802281007920223002207A902A8CDE909230893F1
S31508022820FFF71CFB029B0093049BE0680099019347
S315080228301A46FEF7B6FD03480A23C4E92B3312B03B
S3150802284070BD00BF0140000870B58AB00B2306931D
S31508022850089340F2D24305460C461646099302AA45
S31508022860012305A84FF6A4418DF80830059207936F
S31508022870FFF7ABFC05A80721FFF7A0FC314605A820
S31508022880FFF79CFC062301930094DDE9001205A8D4
S31508022890FFF7F4FA059B0093079B0193E868DDE9C5
S315080228A00012FEF77EFD03480A23C5E92B330AB058
S315080228B070BD00BF2140000830B5D0F8BC308DB0DD
S315080228C0C0F8B830D0F8C430C0F8C0300E2300259E
S315080228D008930A9340F2D24303AA044680F8885022
S315080228E00B9307A801234FF681518DF80C300792F6
S315080228F00993FFF76AFC07A80A21FFF75FFCB4F8F9
S315080229009E1007A8FFF761FC07A80621FFF75DFCE2
S3150802291007A80C21FFF759FC294607A8FFF755FC1B
S3150802292007A8C821FFF751FC079B0193099BE0689A
S31508022930019902931A46FEF734FD01480DB030BDDF
S315080229400D45000830B589B004230493069340F276
S31508022950D2430446079303A8012315468DF800308F
S315080229600593CDF80CD0FFF730FC03A80021FFF73A
S3150802297025FC039B0193059B0199E06802931A467D
S31508022980FEF70FFDC4E92B5509B030BD08B50A227A
S3150802299041F20101FFF7D6FF004808BD9D40000835
S315080229A008B50A224FF69241FFF7CCFF004808BD48
S315080229B0CD3E000808B50A224FF60151FFF7C2FFBD
S315080229C0004808BDED3E000808B50A224FF69441B4
S315080229D0FFF7B8FF004808BD813F000890F8782045
S315080229E0012A06D890F880300BB1FFF7EDBFFFF742
S315080229F0D9BD0148704700BF9D390008FFF7EEBFF1
S31508022A0030B590F87830B3FA83F391B05B0980F861
S31508022A109C301E2304930693012308AA8DF82030BE
S31508022A2005934FF6864140F2D243044603A8039221
S31508022A300793FFF7CAFB1A2103A8FFF7BFFB00217A
S31508022A4003A8FFF7BBFB002103A8FFF7B7FB03990F
S31508022A50059A079B1025039103A80021059207935F
S31508022A60FFF7ACFB013D0399059A079BF3D103A82F
S31508022A700721FFF7A3FB03A81021FFF79FFB2946AF
S31508022A8003A8FFF79BFB059B039AD55003A894F866
S31508022A909C1004330593FFF791FB039B0193059B57
S31508022AA0E068019902931A46FEF77BFC02480A235C
S31508022AB0C4E92B3311B030BD4D3F000810B50246AC
S31508022AC0816803681469585A41F2E1039C4208BFB7
S31508022AD043BA01F1020108BF98B2916010BD82B0F3
S31508022AE02DE9F04FABB004460F46914635930DF1EA
S31508022AF028087F23CDF814800693DDE90523F968B3
S31508022B0003A8FEF748FE9DF81030002B58D0039E06
S31508022B109DF82820019240F2D2434FF0010B05A8F6
S31508022B200993CDE905860896CDF81CB0FFF729FB6F
S31508022B30824605A8FFF725FB019A042AD9D1BAF1DC
S31508022B400E0F1FD10228D4D905A8FFF71AFB05A82C
S31508022B50FFF7B4FF4845CCD105A8FFF712FB079B40
S31508022B60F61A369B9E4228BF1E46359B074623B158
S31508022B70369A194605A8FFF70BFB277066600123EC
S31508022B80237217E0BAF10F0FB3D10328B1D905A8FA
S31508022B90FFF7F7FA064605A8FFF7F3FA05A8FFF7BF
S31508022BA08DFF8145A5D1002EA3D000232670636030
S31508022BB084F808B020462BB0BDE8F04F02B0704743
S31508022BC0D7F8AC202AB9FF23C4E90022A2602370F1
S31508022BD0D5E7C4E90033A360ECE77FB50B780E2B83
S31508022BE002D0002007B000BD8B68022BF9D94A68CB
S31508022BF00493CDE9012340F2D243059301A80123A8
S31508022C000393FFF75BFF4FF606539842E9D101A8F3
S31508022C10FFF7B7FAB0FA80F04009E3E72DE9F04387
S31508022C200B78FF2B91B0804604D00025284611B0B8
S31508022C30BDE8F0838C68092CF7D94B68099440F2F1
S31508022C40D2421D880A92CDE9063406A802230893C1
S31508022C50FFF734FF814606A8FFF730FF074606A8A6
S31508022C60FFF78FFA064606A8FFF728FF40F6014344
S31508022C709D42DAD198F8A050002DD6D0B8F89E30E9
S31508022C804B45D2D1089BE41AA642CED10028CCD114
S31508022C90D8F858305B6A01930B93009301339BB2C1
S31508022CA09F42C2D1142E13D80BAF3246394606A814
S31508022CB0CDE90276FFF76CFAD8F8B440002CB5D005
S31508022CC06368201DCDE9047604A998472468F5E7C8
S31508022CD00546ABE783780BB100238370704710B5BE
S31508022CE004462430FFF7F6FF002384F8283010BD87
S31508022CF038B504461830FFF7EDFFD4E90745AC426C
S31508022D0000D138BD2046FFF7EAFF2C34F7E700006A
S31508022D1070B5044621B1C36E0367012380F8883073
S31508022D20E568686800211830FDF7F8F90123C5F847
S31508022D302C33636E04F11405282202FB0356AE42B5
S31508022D400BD10023A36604F1A200FFF7C3FF04F127
S31508022D50A600FFF7BFFF034870BD2846FFF7C8FF66
S31508022D602835ECE7ED30000810B50446AC30FEF71E
S31508022D70E4FF04F1B800FEF7E0FF04F1C000FEF735
S31508022D80DCFFE36E20469847E368E06693F8302353
S31508022D9012B993F831233AB10022A3F8302301215C
S31508022DA02046FFF7B5FFE06610BD0000F0B5A5B0F6
S31508022DB00446002504AE7F273B46E168324668464C
S31508022DC0CDE90267FEF7E7FC9DF8043063B1009B84
S31508022DD0052BF1D90E480622314601F04AFB002896
S31508022DE008BF45F00105E7E72DB1204625B0BDE845
S31508022DF0F040FFF7CBBDD4F8AC3033B901212046F9
S31508022E0025B0BDE8F040FFF783BF024825B0F0BD04
S31508022E1034580008B93D0008FFF7C8BF2DE9F0414C
S31508022E20436E00F11405282202FB035892B00446A9
S31508022E302E462F460022474508D03846FFF70AF99C
S31508022E4010F47F0F82B207F12807F4D020230AAFC5
S31508022E500693009321463B4607A80597FFF73FFED0
S31508022E609DF824301BB9E06E12B0BDE8F0819DF8DA
S31508022E701C3023B101212046FFF74AFFF4E7636EAF
S31508022E80282202FB0355AE42F4D0089B0597069307
S31508022E90DDE905123046FFF703F910F47F4FADF866
S31508022EA00C0007D09DF80C30002BE3D02046FFF724
S31508022EB05DFBD9E72836E6E7FFF7B0BF10B58AB05B
S31508022EC0CDE90223002300930A460446014607A8D1
S31508022ED0CDE90533FFF703FE9DF8243013B9E06EFA
S31508022EE00AB010BD9DF81C3053B9DDE90232511003
S31508022EF004EB6200D20744BF6258D3589847EFE7FB
S31508022F00012120460AB0BDE81040FFF701BF0000C4
S31508022F1082B0054B009300230193DDE900234FF6A7
S31508022F20924102B0FFF7CABF55390008FFF7F0BF52
S31508022F3082B0054B009300230193DDE900234FF687
S31508022F40015102B0FFF7BABF3D340008FFF7F0BFE0
S31508022F5082B0054B009300230193DDE900234FF667
S31508022F60065102B0FFF7AABF0D350008FFF7F0BFFA
S31508022F7082B0054B009300230193DDE900234FF647
S31508022F80854102B0FFF79ABFA1390008FFF7F0BFE3
S31508022F9082B0054B009300230193DDE900234FF627
S31508022FA0864102B0FFF78ABFA1420008FFF7F0BFC9
S31508022FB037B5094B009300240194DDE900234FF647
S31508022FC094410546FFF77AFF044B984208BF85F8F5
S31508022FD0804003B030BD00BF45350008A13F000858
S31508022FE0FFF7E6BF82B0054B009300230193DDE9A4
S31508022FF000234FF6834102B0FFF760BF753600081B
S31508023000FFF7F0BF82B0054B009300230193DDE979
S31508023010002342F2090102B0FFF750BF1936000831
S31508023020FFF7F0BF82B0054B009300230193DDE959
S3150802303000234FF68F4102B0FFF740BF3137000831
S31508023040FFF7F0BF82B0054B009300230193DDE939
S3150802305000234FF68E4102B0FFF730BF712D0008EC
S31508023060FFF7F0BF82B0054B009300230193DDE919
S3150802307000234FF6A44102B0FFF720BF59380008D3
S31508023080FFF7F0BF70B58EB003AE09253346014689
S315080230900446009541F2010206A809960A95FFF729
S315080230A01EFD9DF8203013B9E06E0EB070BD9DF876
S315080230B01830F3B9079B082B1BD140F2D2430D9364
S315080230C009A801230B93CDE909650C95FFF7F6FCD0
S315080230D009A8FFF756F8054609A8FFF7EFFC09A85D
S315080230E0FFF7ECFC40EA0540A0662046FFF758FCCD
S315080230F0DBE701212046FFF70BFED6E7FFF7C2BF43
S3150802310070B58CB002AE07253346014604460095D3
S315080231104FF68A4204A807960895FFF7E0FC9DF841
S31508023120183013B9E06E0CB070BD9DF81030E3B9D3
S31508023130059B062B19D140F2D243CDE907650A95BC
S315080231400B930125BDF80830A4F8A230022284F8B0
S31508023150A45007A80992FFF7B1FC84F8A850A4F86E
S31508023160A6002046FFF796F8DDE701212046FFF77D
S31508023170CFFDD8E7FFF7C4BF2DE9F04F0446A7B045
S315080231800D461646FEF74AFD554B2360554B6367B7
S31508023190554BE367554BC4F88430554BC4E9233481
S315080231A0544BC4E90356C4E9253400251923C4E956
S315080231B02F3503273323C4F8C430A56705A8C4E905
S315080231C01955C4E91B55C4E92B55C4E92D5584F88C
S315080231D07A70C4F88050C4F8885084F89C50C4F8B1
S315080231E09E50C4F8A250C4F8A650A4F8C8500DF1CF
S315080231F03809FCF79FFE60222946484601F062F923
S315080232003D4B0E93A3F5A023169303F580331E9325
S315080232104FF0020A23698DF84DA08DF86DA08DF83E
S315080232208DA05A688DF84C20D3E90012CDE9141204
S31508023230DA688DF86C20D3E90232DDE90501CDE9B9
S315080232401C32CDE92401069B8DF88C3013222946BF
S315080232500DF1250001F036F901238DF8243041F6E7
S315080232600A03ADF82630636E534504F114084FF08D
S31508023270280B16D0CDE907970798CDE90207DDE9AD
S315080232800C018DE8030009AF0BFB038097E80E00DB
S31508023290FEF788FE636E0133534563660BFB0388AC
S315080232A001D101F0D9F8154BCDE9093A97E803009F
S315080232B0CDE90201F069316A6B4603C340463169BA
S315080232C07269B369FEF76EFE636E01336366294659
S315080232D02046FFF71DFDE066204627B0BDE8F08FC1
S315080232E0E4570008B45700085C550008B0550008B2
S315080232F0C4570008D45700080100292AF4570008C1
S3150802330008B59E30FFF7E6FC004808BD9D3900085F
S3150802331030B50B78052B87B0054603D00024204626
S3150802332007B030BD8B68032BF8D94A680493CDE9F8
S315080233300123147840F2D243059301A8012303938B
S31508023340FFF7BCFB002CE9D195F8A040002CE5D08C
S31508023350B5F89E308342E1D105F19E00FFF7BAFC2B
S31508023360DDE7F0B5A9B0044608AE7F27CDE90467C4
S31508023370E168DDE904236846FEF70DFA9DF8043094
S31508023380BBB1009B03933246214604A80296FEF778
S31508023390DFFE9DF81C30002BE8D004A92046FFF773
S315080233A0B7FF0028E2D000212046FFF7B1FC29B07A
S315080233B0F0BDD4F8AC1029B9204629B0BDE8F040D2
S315080233C0FFF7A6BCE06EF2E7FFF7CBBF10B590F8A1
S315080233D0A0308AB004462BB901210AB0BDE81040D4
S315080233E0FFF796BC07230693089340F2D24301AA35
S315080233F0099305A801234FF693418DF804300592E7
S315080234000793FEF7E2FE05A80321FEF7D7FEB4F8F6
S315080234109E1005A8FEF7D9FE05A81321FEF7CEFED3
S31508023420059B0393079B0399E06804931A46FDF7E5
S31508023430B8FF3223C4E92B332046FFF792FF0AB0BE
S3150802344010BD0000F0B590F87830032BADB00446F5
S3150802345004D12DB0BDE8F040FFF7B8BFD0F8B87078
S315080234600CAE0FBB04230D930F9340F2D24303AA6B
S3150802347010934FF47C41012330468DF80C300C92A0
S315080234800E93FEF7A2FE39463046FEF797FE0C9BD0
S3150802349007930E9B0893DDE90712E068FDF781FFA3
S315080234A0D4F8BC30C4F8B8307F27CDE90767E1689D
S315080234B0DDE9072301A8FEF76EF99DF80830002B0F
S315080234C04FD0019B07960893DDE90723214603A8F7
S315080234D0FEF73EFE9DF81830002BE6D003A92046DB
S315080234E0FFF716FF28B100212046FFF711FC2DB081
S315080234F0F0BD03A92046FFF791FB03A92046FFF773
S3150802350007FF03A92046FFF768FB38B1D4F8BC3099
S31508023510C4F8B830D4F8C430C4F8C0309DF80C30BA
S315080235200E2B13D1DDE90423CDE907230A9340F2D2
S31508023530D2430B9307A801230993FFF7BFFAB0F505
S315080235407C4F04BFD4F8C430C4F8C030D4F8C030B5
S315080235502BB9E36E23672046FFF738FFC7E7024811
S31508023560C5E7E06EC3E700BF0D450008FFF76ABF6F
S315080235702DE9F04390F88030B1B00446002B3AD1D9
S3150802358090F878309A1E012A35D990F89C20B3FA19
S3150802359083F35B099A422ED10DF140084FF07F0959
S315080235A0CDE90B89E168DDE90B2303A8FEF7F3F8F9
S315080235B09DF81030002B5ED0039BCDF82C800C931F
S315080235C0DDE90B23214607A8FEF7C2FD9DF8283040
S315080235D0002BE5D040F2D242DDE908360F929DF87B
S315080235E01C200E963E2ACDE90B360BD007A920469B
S315080235F0FFF78EFED4E70021204631B0BDE8F0433E
S31508023600FFF786BB032EF1D91F7801239F420D933C
S31508023610ECD10BA8FEF7B5FD0028E7D10BA8FFF7FA
S315080236204DFA94F87830A4F89E0084F8A070F3B1A5
S315080236300B2E06D839462046FFF76AFB31B0BDE89D
S31508023640F0830BA8FEF79DFD0BA8FEF79AFD01AEC7
S31508023650062307461A4631460BA805960693FEF731
S3150802366097FD3A4631462046FFF7EEF8E6E720464A
S31508023670FFF722F9E2E7E06EE0E7FFF779BF00001D
S31508023680014B0360704700BFDC58000820207047D2
S31508023690202070470020704708B50348FFF7F0FF5F
S315080236A0014A024B136008BD042A0020F458000898
S315080236B03120704724207047242070472020704705
S315080236C02020704708B5034800F008F8014A024B63
S315080236D0136008BD082A00200C590008014B036034
S315080236E0704700BF28590008704770B5D0F83C41AA
S315080236F0054600F59E76A64200D170BD54F8043CF4
S31508023700201F5B68294698472468F4E770B5D0F805
S315080237103C41054600F59E76A64200D170BD54F896
S31508023720043C201F1B68294698472468F4E770B5AD
S31508023730D0F83C41054600F59E76A64200D170BDFA
S3150802374054F8043C201F9B68294698472468F4E7E6
S31508023750C3681A78012393405A1E0A400B44981AE2
S31508023760002A08BF084670478268C36891421B78D8
S3150802377028BF1146D94001FA03F07047C3681A7880
S315080237808368D34003FA02F070470369FE221A706F
S31508023790036959700223C361704782B070B5044643
S315080237A01D4616460593FFF7D3FFE3681978069B6D
S315080237B02A1806FA01F111441D44A94207D006D374
S315080237C021212046BDE8704002B0FFF7DEBFD4F8DB
S315080237D04401036821465D683346A8470146002826
S315080237E0EFD1D4F830313344C4F83031BDE87040F3
S315080237F002B070472DE9F041044615460769FFF7FE
S31508023800A7FF6369E268DB1B12781B1AD340AB4237
S315080238100E4605D222212046BDE8F041FFF7B5BF84
S31508023820421A03D00021B81900F04CFE3146204650
S31508023830FFF78EFFD4F8108008EB0002D4F8440193
S31508023840036821461F682B46B84701460028E2D17D
S31508023850D4F830312B44C4F8303131462046FFF7CC
S3150802386077FFE3681B789D400544E561BDE8F08172
S3150802387010B50446D0F84401036821469B68984768
S31508023880014620B12046BDE81040FFF77EBF10BDB5
S3150802389070B50446D0F84801E36815461B780268F5
S315080238A005FA03F396680A462146B047014628B93F
S315080238B0D4F830312B44C4F8303170BD2046BDE807
S315080238C07040FFF762BFC3681878400000F0060030
S315080238D07047F7B5012590F82A6080F82A50CDE995
S315080238E00012FF210446FFF73FFF4FF6FF71074616
S315080238F02046FFF739FF23691121024659702046EF
S31508023900FFF7E1FF236998702369DF7023691A714B
S315080239102369120A5A7123699D712369DD71082385
S31508023920E3612EB9204603B0BDE8F040FFF7EEBECC
S3150802393003B0F0BD002380F8203080F82A30FFF764
S31508023940F6BE13B54B78012BCDE90012044605D015
S31508023950222102B0BDE81040FFF717BFFFF788FF24
S3150802396094F8203023F0040384F8203002B010BD06
S3150802397082B0CDE90012CA7880F834214B68C0F8C3
S31508023980303102B0FFF7B1BE30B5044685B0CDE995
S31508023990021201211546FFF7DBFEE3681A78029B3D
S315080239A00095281A20FA02F22046FFF7F6FE05B01D
S315080239B030BD1FB5CDE902120B464A78039900912C
S315080239C00221FFF7EAFE05B000BD37B5CB7880F8CD
S315080239D034314B68C0F830310D46CDE90012044641
S315080239E0FFF783FE6A780121204603B0BDE830401E
S315080239F0FFF700BF82B0CDE900124A78012102B072
S31508023A00FFF7F8BE73B50446D0F848010368CDE956
S31508023A1000121B68214698470546D8B92369012230
S31508023A209A70FF212046FFF79FFE2369D870266900
S31508023A3002212046FFF78CFEF3781B1AFF20B0FB03
S31508023A40F3F030712369597123699D710723E36184
S31508023A5002B070BD0146204602B0BDE87040FFF7CD
S31508023A6094BE37B5CDE900124A7804462AB1212117
S31508023A7003B0BDE83040FFF788BED0F848010268B7
S31508023A8055684A682146A847014608B12046EFE725
S31508023A9003B030BD13B50446D0F848010368CDE932
S31508023AA00012DB68214698470146204621B102B03A
S31508023AB0BDE81040FFF769BE02B0BDE81040FFF747
S31508023AC039BF13B5CDE9001201210446FFF740FEBE
S31508023AD0019A0099121A0144204602B0BDE8104024
S31508023AE0FFF7D6BE1FB50446D0F848014B680293C5
S31508023AF0CDE9001203684A788DF80E204A88ADF897
S31508023B000C2021461B6902AA9847014610B1204695
S31508023B10FFF73BFE04B010BD13B50446D0F84401C6
S31508023B200368CDE90012DB68984794F820302269C9
S31508023B3060F3000384F820305370236994F8242034
S31508023B409A7023690022DA702369228D1A71238DED
S31508023B5022691B0A53710623E36102B010BD82B0C3
S31508023B60CDE900124A781AB1272102B0FFF70DBE35
S31508023B708A780AB12621F8E7CB78002BFAD102B067
S31508023B8070474B78013BDBB282B0012BCDE90012BC
S31508023B9003D9272102B0FFF7F8BD8B78002BF8D19D
S31508023BA002695370026993700269D3700423C36170
S31508023BB002B0704707B5C2692AB101690368CDE93F
S31508023BC000126946984703B000BD13B50B78FF2B60
S31508023BD08DE80600044609D19DE80600FFF779FE3E
S31508023BE0204602B0BDE81040FFF7E4BF02B010BDA0
S31508023BF073B58DE8060004469DE803001D46A360DA
S31508023C00002D069BE36084E8050002DA154800F0F9
S31508023C107DFA284601D0FEF7BFF846192061A6614B
S31508023C2045B10021012D00F8011B03D06A1E00F0E0
S31508023C3049FC30460023C4E90933C4E94B33C4E9D5
S31508023C404D33E36184F8203004F59E73C4E94F339B
S31508023C50054BC4F84431054B60612046C4F8483127
S31508023C6002B070BDE3550008042A0020082A002085
S31508023C70FF2938B505460C46D0F8000101D900F0EF
S31508023C80EBFB814202D2C5F8004138BD0A1AFAD0C6
S31508023C900021284400F016FCF5E7521A012A38B525
S31508023CA00446186806DD851800F0F3FB28462060EE
S31508023CB0204638BD04BF0B7800F8013BF7E72DE92B
S31508023CC0FF418846CDE9001202210446FFF740FD6E
S31508023CD008EB00052046FFF751FD06462046FFF78A
S31508023CE037FD98F80170E368019A1B78301A874203
S31508023CF03E4628BF064606FA03F32B44904443453C
S31508023D0007D006D32121204604B0BDE8F041FFF7CB
S31508023D103CBD874217D9BF1B022384F82B7004F1D6
S31508023D202C0784F82A3031463846FFF7A1FF02AB42
S31508023D30AA19294603A80297FFF7AFFF0023E361F2
S31508023D4004B0BDE8F08132462946204604B0BDE8F3
S31508023D50F041FFF79DBD13B58DE806008268019B09
S31508023D609A42044607D22121FFF70FFD02B0BDE8A9
S31508023D701040FFF71FBF009B1B78C83B372B78D82C
S31508023D80DFE803F0726D6B7777777766615C577752
S31508023D9077777777777777777777777777777777A3
S31508023DA07777777777773934777752774D77777763
S31508023DB048432F77773E77772A25221C9DE8060007
S31508023DC0FFF787FD2046D1E7FFF7B4FDFAE79DE83E
S31508023DD00600FFF7A1FEF5E700212046FFF7D5FC0E
S31508023DE0F0E79DE80600FFF7C3FDEBE79DE806004E
S31508023DF0FFF7B5FEE6E79DE80600FFF7C2FEE1E734
S31508023E009DE80600FFF79DFDDCE79DE80600FFF743
S31508023E10F1FDD7E79DE80600FFF7D7FDD2E79DE853
S31508023E200600FFF7C6FDCDE79DE80600FFF7ACFDE5
S31508023E30C8E79DE80600FFF7E5FDC3E79DE806002B
S31508023E40FFF70FFEBEE79DE80600FFF738FFB9E762
S31508023E509DE80600FFF71EFEB4E72921BDE79DE8A7
S31508023E600600FFF72EFEADE79DE80600FFF73AFECD
S31508023E70A8E72021B1E72DE9F043884685B0044634
S31508023E80CDE900120221FFF763FC98F8015094F875
S31508023E902B309D4208EB00070ED029212046FFF75A
S31508023EA074FC236994F82B209A700323E361012397
S31508023EB0638505B0BDE8F0832046FFF75FFC06463A
S31508023EC02046FFF745FCE368019A1B78361AAE428C
S31508023ED028BF2E4606FA03F33B449044434505D0D1
S31508023EE004D321212046FFF750FCE0E7D4F82C1131
S31508023EF004F12C0808EB010940463144AD1BFFF7D3
S31508023F00B7FEEDB202ABBA19394603A8CDF8089046
S31508023F10FFF7C3FE84F82B504DB9D4F82C2141463D
S31508023F202046FFF7B5FC012384F82A30C1E70023AF
S31508023F30E361BEE713B50B78CA2B8DE80600044683
S31508023F4009D19DE80600FFF796FF204602B0BDE8B4
S31508023F501040FFF72FBE2921FFF717FC012380F82F
S31508023F602A30F2E782B003698DE80600FF221A704A
S31508023F700123C36190F82A30012B07D0022B0AD0FD
S31508023F8073B99DE8060002B0FFF71FBE9DE806005A
S31508023F9002B0FFF7E0BE9DE8060002B0FFF7CABF0F
S31508023FA002B0704782B0142A8DE8060006D89DE84A
S31508023FB00600D0F84C0102B0FEF754B902B07047B9
S31508023FC006C94068FFF7EEBF034603C982B08DE80B
S31508023FD003009DE80600586802B0FFF7C3BF000059
S31508023FE030B50C4B87B004460D46CDE90230009237
S31508023FF0084902461423FFF7FBFD074BC4F84C5148
S31508024000284604A9CDE90434FEF77FF8204607B00E
S3150802401030BD00BF614F0008694F000882B0083101
S315080240200823019300916B4413E9060002B0FFF7D7
S3150802403099BF4068FFF7F2BF30B50F4B87B0CDE99D
S31508024040001205460C460FCB0DF1080C8CE80F0042
S31508024050019A012A0ADD214604A800F041FAD5F898
S315080240604C0102A9FCF71CFB07B030BD04BF23783C
S315080240708DF81030F3E700BF4059000806C94068BA
S31508024080FFF7DABF13B5D0F84C310E4A0446CDE92C
S3150802409000206946D868FCF7E2FDD4F83C3104F5FD
S315080240A09E710022994208D1206918B1A169091A9C
S315080240B0FDF77EFE204602B010BD1868C3E900224D
S315080240C00346EFE7D34F000830B50D4B87B00D46D0
S315080240D0CDE9023000920A49082302460446FFF750
S315080240E087FD084B084AC4F84C51CDE904342846E2
S315080240F0002304A9FCF780F9204607B030BD00BFAB
S315080241001D500008D34F0008F9D4FC3808B500F052
S31508024110A3F9000053B94AB9002908BF00281CBFF1
S315080241204FF0FF314FF0FF3000F094B9ADF1080CB3
S315080241306DE904CE00F006F8DDF804E0DDE90223B5
S3150802414004B070472DE9F0470646DDF820E0084638
S31508024150B4460D46002B4DD18A4214466BD9B2FAA3
S3150802416082F242B1C2F12003954026FA03F3944043
S315080241701D4306FA02FC260CA7B2B5FBF6F14FEA76
S315080241801C4306FB115543EA054301FB07F0984217
S3150802419009D9E31801F1FF3580F0FC80984240F214
S315080241A0F980023923441B1A1FFA8CFCB3FBF6F07A
S315080241B006FB10334CEA034C00FB07F363450AD9A6
S315080241C014EB0C0C00F1FF3580F0E680634540F2F3
S315080241D0E380A444023840EA0140ACEB030C002118
S315080241E0BEF1000F04D02CFA02F30022CEE9003207
S315080241F0BDE8F0878B4208D9BEF1000F01D0CEE99F
S31508024200006100210846BDE8F087B3FA83F1174634
S3150802421000294CD1834202D3B24200F20A81B6EB9C
S31508024220070C60EB030301201D46BEF1000FDFD029
S31508024230CEE900C5DCE7002A00F094801A46B4FAF3
S3150802424084F3002B40F0AA800B1B270CA6B201218F
S315080242504FEA1C40B3FBF7F507FB153340EA034365
S3150802426006FB05F0984207D9E31805F1FF3802D292
S31508024270984200F2E38045461B1A1FFA8CFCB3FBF0
S31508024280F7F007FB10334CEA034C06FB00F36345D1
S3150802429008D914EB0C0C00F1FF3602D2634500F282
S315080242A0CA803046ACEB030C40EA054098E7C1F1F8
S315080242B020058B4022FA05FC4CEA030C00FA01F4AD
S315080242C026FA05F3E84002FA01F923434FEA1C42AB
S315080242D006FA01FAB0FBF2F71FFA8CF602FB170090
S315080242E01C0C44EA004407FB06F0A0420AD91CEB60
S315080242F0040407F1FF3880F09A80A04240F29780C2
S31508024300023F6444241A9BB2B4FBF2F002FB104447
S3150802431043EA044300FB06F69E4209D91CEB030353
S3150802432000F1FF3480F081809E427ED902386344D0
S3150802433040EA0740A0FB09749B1BA3423E46A046DF
S3150802434063D360D0BEF1000F0AD0BAEB060263EB64
S31508024350080303FA05F5CA401543CB40CEE90053D4
S31508024360002145E7730843EAC1734A08190C41EA72
S3150802437002414FEAC67C9BB2B2FBF4F026462546BA
S3150802438027461F2243EA0143B1FBF4F15B1B41EACC
S3150802439000415DE7294606E728461CE71A46C3F1A7
S315080243A020019C4026FA01F320FA01F190400343CA
S315080243B0270C06FA02FCB1FBF7F0A6B207FB1015AA
S315080243C0190C41EA054100FB06F58D423BD96118F5
S315080243D001D28D4220D8491B0138B1FBF7F5A84610
S315080243E005FB06F507FB18119BB243EA0143AB42EC
S315080243F027D2E31808F1FF31C8D2AB42C6D2A8F1D8
S3150802440002012344C2E7BA459CD2B7EB090664EB1C
S315080244100C040138A04695E7651B29440238B1FB0E
S31508024420F7F5A84605FB06F5DCE7204680E747468A
S3150802443068E70846F9E6A444023833E7023D23440E
S315080244401AE74146A2E7491BB1FBF7F5A84605FB61
S3150802445006F5C7E7704700BF08B50620FDF774FCE6
S315080244600120FDF770FC002301461A46184600F0A3
S3150802447045B810B501390244904201D1002005E041
S31508024480037811F8014FA34201D0181B10BD013061
S31508024490F2E7884210B501EB020402D984422346A8
S315080244A007D8431EA14207D011F8012B03F8012FA2
S315080244B0F8E70244824200D110BD13F8011D02F842
S315080244C0011DF7E702440346934200D1704703F8F9
S315080244D0011BF9E7014B1868704700BF98120020C4
S315080244E00A44914200F1FF3300D1704710B511F822
S315080244F0014B03F8014F9142F9D110BD2DE9F8435A
S31508024500264D0646286891460F46984600F050F80A
S31508024510234A14683CB9234B1360234A12B1126822
S31508024520C3F888201F4C63681F2B06DD286800F035
S3150802453040F84FF0FF30BDE8F8832EB3D4F8880070
S3150802454068B91A4B002BF1D04FF48470FDF704FCBE
S315080245500028EBD00023C0E94033C4F8880063681A
S3150802456040F823900121D0F80021994000EB830CF2
S315080245700A43C0F80021022ECCF8808002BFD0F888
S3150802458004210A43C0F804215A1C023328686260CF
S3150802459044F8237000F00DF80020CCE794120020AE
S315080245A0982A00200C2A002000000000F92C000896
S315080245B07047704700000000000000002D04000844
S315080245C0310400080004004800200205000001002A
S315080245D000040048004002050000010000040048EB
S315080245E000800205000001000038004000127A002F
S315080245F0000000006455000803000000000000489F
S315080246000400030000000100000000000000000092
S31508024610510500082904000857686F6C6573616CB8
S3150802462065204175746F6D6174696373004C6F63BD
S315080246306B757020436F6E74726F6C204D6F647564
S315080246406C650063616E6E6F742063726561746572
S31508024650207374643A3A766563746F72206C617279
S31508024660676572207468616E206D61785F73697A16
S3150802467065282900B855000814000000CD55000821
S31508024680150000000200000033D4081A3CEDEE982B
S31508024690AA4A1D85996784C40004004800100100CF
S315080246A000000100000400480004000000000100A8
S315080246B0000400480100010000000100001000404B
S315080246C03603000000000000000000000000004859
S315080246D0000100000100010000000000F5090008C1
S315080246E0D52C00084E6F742076616C69644E6F741F
S315080246F0207365740000000000000000C91000085D
S315080247000000000000000000991200084F1300087C
S31508024710000000000000000095120008C5110008FC
S31508024720000000000000000065130008911200084E
S31508024730000000000000000049130008911200085A
S315080247400000000000000000851400081513000888
S315080247509D120008FD12000800000000000000007B
S31508024760CD2B0008E92B00084520000899200008EF
S315080247700004004800010209000001000004004884
S315080247800002020900000100000000000064004067
S3150802479014021302060C000001000000105700085C
S315080247A00200000000000000000000009F28000828
S315080247B025280008AD2700082D2B00081D2A000809
S315080247C0FFFFFFFF0000000000000000A92B000801
S315080247D0A92B0008AB2B0008AD2B0008000000002F
S315080247E000000000CD2B0008E92B0008752C0008F4
S315080247F0912C00080000000000000000CD2B0008E4
S31508024800E92B0008A52C0008C12C000800000000AE
S3150802481000000000792D00087D2D00080000000028
S3150802482000000000612E0008C51100080000000003
S3150802483000000000692E0008C511000800000000EB
S3150802484000000000A92B0008093D0008A52D000854
S31508024850E92D000802000000005A62C8878B01ACE5
S315080248604F44A4B2CFF9C589140C240100000000F4
S315080248700000000002000000015A62C8878B01ACE2
S315080248804F44A4B2CFF9C5891412240100000000CE
S315080248900000000004FF030100010000ED300008DB
S315080248A064000000B93D0008650000009D4000084C
S315080248B066000000CD3E000867000000ED3E0008D5
S315080248C06800000015410008690000000D3F000855
S315080248D06A000000593E00086B0000002D3F0008E0
S315080248E06D0000004D3F00086E0000009D3900086B
S315080248F06F000000813F000870000000A13F000819
S3150802490071000000E13F0008720000000140000843
S31508024910730000001B4600087400000021400008CE
S31508024920750000000D45000876000000694300087E
S315080249307700000000000000000000006D2D00084E
S315080249406D2D00086D2D00086D2D00080000000071
S31508024950000000002D4600082D46000831460008D2
S315080249603546000800000000000000005146000815
S3150802497055460008594600085D4600086146000883
S3150802498000000000000000006D2D00086D2D0008D3
S315080249906D2D00086D2D00086D2D00080000000021
S315080249A003D4FC3808FF00000000000000000000E5
S315080249B094F7FF7F01000000F5090008D52C0008CE
S315080249C0F5090008D52C0008F5090008D52C0008B9
S315080249D0F5090008D52C0008F5090008D52C0008A9
S315080249E0F5090008D52C0008F5090008D52C000899
S315080249F0F5090008D52C0008F5090008D52C000889
S31508024A00F5090008D52C0008F5090008D52C000878
S31508024A10F5090008D52C0008F5090008D52C000868
S31508024A20F5090008D52C0008F5090008D52C000858
S31508024A30F5090008D52C0008F5090008D52C000848
S31508024A40F5090008D52C0008F5090008D52C000838
S31508024A50F5090008D52C0008F5090008D52C000828
S31508024A60F5090008D52C0008F5090008D52C000818
S31508024A70F5090008D52C0008F5090008D52C000808
S31508024A80F5090008D52C0008F5090008D52C0008F8
S31508024A90F5090008D52C0008F5090008D52C0008E8
S31508024AA0F5090008D52C0008F5090008D52C0008D8
S31508024AB0F5090008D52C0008F5090008D52C0008C8
S31508024AC0F5090008D52C0008F5090008D52C0008B8
S31508024AD0F5090008D52C0008F5090008D52C0008A8
S31508024AE0F5090008D52C0008F5090008D52C000898
S31508024AF0F5090008D52C0008F5090008D52C000888
S31508024B00F5090008D52C0008F5090008D52C000877
S31508024B10F5090008D52C0008F5090008D52C000867
S31508024B20F5090008D52C0008F5090008D52C000857
S31508024B30F5090008D52C0008F5090008D52C000847
S31508024B40F5090008D52C0008F5090008D52C000837
S31508024B50F5090008D52C0008F5090008D52C000827
S31508024B60F5090008D52C0008F5090008D52C000817
S31508024B70F5090008D52C0008F5090008D52C000807
S31508024B80F5090008D52C0008F5090008D52C0008F7
S31508024B90F5090008D52C0008F5090008D52C0008E7
S31508024BA0F5090008D52C0008F5090008D52C0008D7
S31508024BB0F5090008D52C0008F5090008D52C0008C7
S31508024BC0F5090008D52C0008F5090008D52C0008B7
S31508024BD0F5090008D52C0008F5090008D52C0008A7
S31508024BE0F5090008D52C0008F5090008D52C000897
S31508024BF0F5090008D52C0008F5090008D52C000887
S31508024C00F5090008D52C0008F5090008D52C000876
S31508024C10F5090008D52C0008F5090008D52C000866
S31508024C20F5090008D52C0008F5090008D52C000856
S31508024C30F5090008D52C0008F5090008D52C000846
S31508024C40F5090008D52C0008A02A00209C2A002075
S31508024C509C1200200000000000000000680000000E
S31508024C60D000000000000000000000000000000064
S31508024C700000000000000000000000000000000024
S31508024C800000000000000000000000000000000014
S31508024C900000000000000000000000000000000004
S31508024CA0405C000000000000000000004794000875
S31508024CB04B94000800000000000000005194000810
S31508024CC03994000800000000000000006394000800
S31508024CD07594000800000000000000003D940008DA
S31508024CE04394000800000000000000003194000808
S31508024CF03594000800000000000000003141010858
S31508024D00C9980008D5940008719500080000004863
S31508024D100400020800000100000000480800030021
S31508024D200000010000000048100003000000010016
S31508024D300000004802000300000001000200000013
S31508024D4000000000CC8D00000000004801000300AE
S31508024D500000010001000000BA1300003200000042
S31508024D6000000050080002400040014018080000F8
S31508024D700000000000000000000000000000000023
S31508024D8000000048800002010000010000480140BE
S31508024D90F2000000804D020801000000204E0000CB
S31508024DA00000000000000000000000480010020198
S31508024DB00000010000440140F2000000A84D02086C
S31508024DC001000000204E0000000000000000000064
S31508024DD00000004800010000010001000000004830
S31508024DE00002000001000100000000480004000063
S31508024DF0010001000000004800080000010001004F
S31508024E0000040048002002050000010000040048D2
S31508024E100040020500000100000400480080020567
S31508024E20000001000038004000127A00000000006D
S31508024E30004E020803000000000100000400000002
S31508024E400400000003000000800002400000000089
S31508024E50000400480008020101000100000400489D
S31508024E6020000100000001000004004802000000C2
S31508024E7001000100000400480400010000000100CE
S31508024E8000000048040003000000010000000000C2
S31508024E9000000000339A0008539A0008D743010815
S31508024EA00000000000000000F1990008119A0008AD
S31508024EB0D74301080000000000000000A39A00087A
S31508024EC0799A0008D7430108000000000000000094
S31508024ED0AB990008CB990008D743010800000000E7
S31508024EE0000000006599000885990008D743010863
S31508024EF0E44E0208D04E0208BC4E0208A84E02082A
S31508024F00944E02086408003C6308003C6208000CE0
S31508024F106108003C6008003C5708003C5608000C33
S31508024F205508003C5408000C5308003C5208000C73
S31508024F305108003C5008000C2D08000C2C08000CE7
S31508024F402A08000C2308000C2008000C1008000C84
S31508024F500C08000C0000000000000000259D000857
S31508024F603994000800000000000000001F9D000898
S31508024F70C99C00080000000000000000C59C00084B
S31508024F80C19C0008000800401E0100000000000045
S31508024F900000000000040048400002020000010070
S31508024FA0000000482000030000000100000000483D
S31508024FB040000300000001000004004880000100D0
S31508024FC00000010038010000000000000000000097
S31508024FD049A40008399400080000000000000000F7
S31508024FE0E1A400083994000800000000000000004F
S31508024FF0E7A4000839940008000000000000000039
S31508025000DBA40008D5A40008000000000000000088
S315080250100D41010875A40008ADA40008C1A4000842
S3150802502000000000000000000D41010855A5000817
S3150802503061A5000875A50008000000000000000030
S315080250400D410108C5A5000889A50008A5A50008FF
S315080250500000000000000000EFA80008C19C00083C
S3150802506000000000000000006BA700086FA70008F8
S31508025070000000000000000067A700083994000835
S3150802508000000000000000005FA70008399400082D
S315080250900000000000000000E9A80008A7A8000810
S315080250A0000000000000000031A700085BA7000806
S315080250B0000000000000000051A70008CDA8000863
S315080250C057A70008000000000000000049A70008D2
S315080250D04DA70008000000000000000035A70008E0
S315080250E043A7000800000000000000000D41010867
S315080250F097AA0008E1AC000815AD000800000000F8
S3150802510000000000B1A7000887A70008D7430108D6
S3150802511000000000000000000BA80008D1A7000844
S315080251203BA70008000000000000000065A8000870
S315080251303BA80008D74301082C5102081851020857
S3150802514004510208645102080000D007F401000065
S315080251500069000C0169000C3360006C3260006C57
S315080251603160006C2060006C0160000C0060057CF8
S315080251701068000C0168000C000000000000000026
S315080251806DAD000839940008000000000000000018
S315080251900D41010829AD000845AD000859AD0008C2
S315080251A00260007C0000000000000000FFAD00085D
S315080251B003AE000800000000000000000D410108CF
S315080251C0CDAD000809AE00081DAE000800000000BB
S315080251D0000000000D4101085DAE000871AE00082E
S315080251E099AE000800000000000000000D41010809
S315080251F00D410108BDB00008D5B000087DB0000811
S31508025200F4FFFFFF000000009FB000083994000871
S315080252100000000000000000AFB000084FB100080F
S31508025220B7B000080000000000000000E9B000085E
S3150802523019B10008A7B0000800000000000000002D
S3150802524069B1000803AE00082C52020800000000EB
S31508025250000000002DB200082DB30008000000006F
S31508025260000000000D4101080D4101084DB2000879
S3150802527065B20008DFB20008F4FFFFFF0000000075
S3150802528007B3000839940008000000000000000077
S315080252903BB2000841B2000849B20008000000000B
S315080252A00000000079B20008A9B2000833B200086B
S315080252B000000000000000000FB30008399400083F
S315080252C0A452020800000000000000000D41010877
S315080252D00D41010831B4000849B4000805B40008B4
S315080252E0F4FFFFFF0000000029B400083994000803
S315080252F000000000000000000D4101080D410108F0
S31508025300B1B40008C9B4000879B40008F4FFFFFF75
S3150802531000000000A9B40008399400080000000043
S31508025320000000000D41010845B5000819B500083E
S3150802533031B5000809B50008F4FFFFFF00000000B8
S3150802534013B50008399400080000000000000000A8
S315080253500D4101080D410108A5B60008BDB60008B1
S3150802536065B60008F4FFFFFF0000000087B60008D4
S3150802537039940008000000000000000097B60008F3
S3150802538055B700089FB6000800000000000000009C
S31508025390D1B6000801B700088FB600080000000061
S315080253A00000000037B7000843940008905302082B
S315080253B000000000000000000D41010821B80008A5
S315080253C059B8000871B8000819B80008F4FFFFFFB9
S315080253D0000000001DB8000839940008000000000B
S315080253E0000000000D41010855B9000829B9000856
S315080253F041B9000819B90008F4FFFFFF00000000D0
S3150802540023B90008399400080000000000000000D3
S31508025410EFBA000841BB0008D5BA00080000000030
S3150802542000000000E1BA0008F9BA0008C9BA000883
S315080254300000000000000000C1BA00085DBA0008BA
S315080254400000000000000000C9BC000843940008E0
S3150802545000000000000000000D410108D3BC00084E
S3150802546069BA00088DBA00080000000064004F01FE
S3150802547082007901A000A301BE00CD01DC00F7017C
S31508025480FA002002180149023601720254019B02EF
S315080254907201C4029001ED02AE011603CC013F036C
S315080254A0EA0167032602B803000156270200010033
S315080254B0E0150000AC0D000014000000000000001A
S315080254C00000000000000000000000002138003C37
S315080254D0A150106CA350106CA550106CA750106CFC
S315080254E0A950106CAB50106CAD50106CAF50106CCC
S315080254F0A050106CA250106CA450106CA650106CE0
S31508025500A850106CAA50106CAC50106CAE50106CAF
S3150802551000000000000000000D41010831BE00082D
S31508025520F1BC000815BD000800025627020001005A
S31508025530BA1D0000881300000000000000000000E9
S31508025540000000000000000000000000000000004B
S315080255500100DC00F3017102F401BC02F401BC0291
S31508025560F401BC02F401BC02F401BC02F401BC025F
S31508025570F401BC02F401BC02F401BC02F401BC024F
S31508025580F401BC02F401BC02F401BC0200000000F2
S31508025590000000000D41010891BF000851BE000835
S315080255A075BE0008000005000D002C011B00450110
S315080255B028005E01420090015F00C2017D00F401ED
S315080255C0B8005802D7008A02F300BC021301EE02A1
S315080255D059015203840184039D01B603CF014C0489
S315080255E0F401B0040002562702000100E01500008B
S315080255F0AC0D0000140000000000000000000000CE
S31508025600000000000000000000000000000000008A
S315080256100D410108F1C00008B1BF0008D5BF000856
S31508025620000005000D002C011B00450128005E0143
S31508025630420090015F00C2017D00F401B8005802E1
S31508025640D7008A02F300BC021301EE025901520383
S31508025650840184039D01B603CF014C04F401B0040E
S315080256600002562702000100E0150000AC0D0000FA
S315080256701400000000000000000000000000000006
S315080256800000000000000000000000000D410108B3
S3150802569051C2000811C1000835C100080000050002
S315080256A00D002C011B00450128005E0142009001F5
S315080256B05F00C2017D00F401B8005802D7008A02D1
S315080256C0F300BC021301EE0259015203840184035A
S315080256D09D01B603CF014C04F401B004000256271B
S315080256E002000100E0150000AC0D000014000000E5
S315080256F0000000000000000000000000000000009A
S315080257000000000000000000EBC300080DC30008FB
S3150802571095C20008A9C200080000000000000000A7
S3150802572045C40008C9C40008BDC20008D1C20008A1
S31508025730000000000000000091C4000865C70008C8
S31508025740000000000000000045C40008C9C40008A3
S31508025750E5C20008F9C20008D05702083200000064
S31508025760E85702080200000064000000C857020851
S31508025770E05702088813000088131900EA5702083E
S315080257800100000064000000DC5702080000000067
S3150802579088131900EA570208010000006400000095
S315080257A0E2040000E4570208C0570208C457020878
S315080257B0BC570208F4010000881300001778000C91
S315080257C01678003C1578000C1178000C1078000C3D
S315080257D00878000C0378000C1470006C1370007CB7
S315080257E01270007C1170006C011723010000000082
S315080257F00000000059CF000851CF0008A1C70008D1
S31508025800B5C70008000000000000000035CF0008F8
S315080258102DCF0008F1C7000805C8000800000000DF
S31508025820000000007BC7000881C70008C9C7000836
S31508025830DDC7000801000000B45802080000000095
S31508025840B058020801000000AC5802089001B004E2
S3150802585020030000C85802080000401F5A0800002A
S31508025860CC5802080000401F0D0700000A0000007D
S31508025870C45802080000060003000000B8580208CF
S315080258800000640064000000BC58020800006400BE
S3150802589000000000C058020800006400280000004A
S315080258A00A000000FFFF0000FB0000003660006CE3
S315080258B03560056C3060056C2960056C2660056CE0
S315080258C02560056C2460057C2360057C2260057CC6
S315080258D00280000C0328000C0498000C0298000CA5
S315080258E06400C80000000200320000000700000041
S315080258F069CF0008585902082059020863CF0008E0
S3150802590061CF0008FFFF3201010068010200D100E1
S3150802591003009500040064000500450006003A00ED
S3150802592000013C00030000000459020807000000B9
S315080259300000000000000000020001010000010052
S31508025940000000000000000000000000D7000F0061
S31508025950F401000098710208FFFFFFFFFFFFFFFF37
S315080259600148000C0048000C1400000003D400088B
S31508025970585902089859020863CF000861CF0008EF
S3150802598012000000FDD30008585902089859020867
S3150802599063CF000861CF0008020478000300000004
S315080259A0B4590208060000000000000000000000CA
S315080259B002000100FFFF4201010060010200CC0063
S315080259C003008C0004006400050048000000000083
S315080259D0D7000F00F40100009871020800010100C7
S315080259E00000000000000000030000000398000CFD
S315080259F01300000009D4000858590208245A02085C
S31508025A0063CF000861CF0008FFFF32010100680179
S31508025A100200D10003009500040064000500450059
S31508025A2006003A0002043C0003000000085A020875
S31508025A30070000000000000000000000020001014B
S31508025A40000101004C5A020804000000FB00000095
S31508025A50FFFF010000000000D7000F00F40100005C
S31508025A60987102081B00000069D6000858590208F6
S31508025A707C5A020863CF000861CF000800013C0087
S31508025A8003000000985A0208070000000000000000
S31508025A900000000002000101FFFF320101004D0172
S31508025AA00200C400030087000400640005004900E0
S31508025AB006003B0000000000D7000F00F4010000BA
S31508025AC098710208000101000000000000000000B1
S31508025AD01A000000E9D8000858590208E85A0208CC
S31508025AE063CF000861CF000802043C0003000000EF
S31508025AF0045B020807000000000000000000000026
S31508025B0002000101FFFF320101004D010200C4003B
S31508025B1003008700040064000500490006003B00F4
S31508025B2000000000D7000F00F40100009871020877
S31508025B300001010000000000000000000200000051
S31508025B4065DB000858590208545B020863CF00084F
S31508025B5061CF000800013C0003000000705B0208E8
S31508025B60060000000000000000000000020001011B
S31508025B70FFFF830101007B010200CE0003008E00B5
S31508025B8004006400050049000001562702000100CE
S31508025B903C0F0000000000000000000000000000AA
S31508025BA000000000000000000000000000000000E5
S31508025BB000000000000000000900000089DC00085F
S31508025BC058590208EC5B020863CF000861CF000847
S31508025BD0FFFF3201010068010200D10003009500AF
S31508025BE0040064000500450006003A0000013C0076
S31508025BF003000000D05B0208070000000000000056
S31508025C00000000000200010100010000145C020805
S31508025C1004000000FB000000FFFF01000000000076
S31508025C20D7000F00F4010000987102080D00000069
S31508025C30FDDE000858590208445C020863CF0008D2
S31508025C4061CF00080001460004000000745C0208E7
S31508025C5006000000605C0208050000000100010061
S31508025C600500050004000500030005000200050002
S31508025C7001000500FFFFED00010062010200E200DB
S31508025C8003009300040064000500530000000000AE
S31508025C90D7000F00F4010000987102080000010005
S31508025CA0000000000000000008000000BDE0000837
S31508025CB058590208C05C020863CF000861CF000881
S31508025CC000013C0003000000DC5C0208050000003D
S31508025CD0000000000000000002000101FFFFE400CE
S31508025CE00100160102009A00030064000400450040
S31508025CF000054007020001001C3E000000000000EB
S31508025D000000000000000000000000000000000083
S31508025D100000000000000000000000000000000073
S31508025D200E0000004DE2000858590208385D0208C4
S31508025D3063CF000861CF000800013C0003000000A1
S31508025D400000000000000000000000000000000043
S31508025D5002000101A05D02081500000015000000FE
S31508025D601500000000000000050000000600000003
S31508025D7000054007020001001C3E0000000000006A
S31508025D800000000000000000000000000000000003
S31508025D9000000000000000000000000000000000F3
S31508025DA00228000C1D00000005E3000858590208E5
S31508025DB0BC5D020863CF000861CF000800013C0001
S31508025DC001000000D85D0208010000000000000082
S31508025DD00000000000000000010064000005400702
S31508025DE002000100983A00000000000000000000CE
S31508025DF00000000000000000000000000000000093
S31508025E000000000000000000000000000B00000077
S31508025E108DE4000858590208585E020863CF000844
S31508025E2061CF0008060000008DE4000858590208F0
S31508025E30585E020863CF000861CF0008FFFF3201EF
S31508025E40010068010200D100030095000400640005
S31508025E500500450006003A0002043C000300000063
S31508025E603C5E020807000000000000000000000077
S31508025E700200010100010100805E02080400000020
S31508025E80FB000000FFFF010000000000D7000F0022
S31508025E90F4010000987102081100000009E70008E1
S31508025EA058590208C85E020863CF000861CF000885
S31508025EB00F00000009E7000858590208C85E0208E0
S31508025EC063CF000861CF000800013C000100000012
S31508025ED0E45E020801000000000000000000000065
S31508025EE000000000010064000005400702000100EE
S31508025EF0204E000000000000000000000000000024
S31508025F000000000000000000000000000000000081
S31508025F100000000000000000A05D02081100000059
S31508025F200100000078000000345F02080500000046
S31508025F30060000000520006C0C000000BDE7000802
S31508025F4058590208505F020863CF000861CF00085B
S31508025F5000013C00010000000000000000000000F3
S31508025F60000000000000000002000100000100001D
S31508025F70000000000000000000025627020001008F
S31508025F8010180000000000000000000000000000D9
S31508025F9000000000000000000000000001000000F0
S31508025FA099E8000858590208B45F020863CF000846
S31508025FB061CF000800013C0001000000D05F020822
S31508025FC001000000000000000000000000000000C0
S31508025FD0010064000005400702000100204E00008F
S31508025FE000000000000000000000000000000000A1
S31508025FF00000000000000000000000000000000091
S3150802600000000000A05D0208110000000100000067
S3150802601078000000345F0208050000000600000050
S3150802602005000000DDEB0008585902085060020816
S3150802603063CF000861CF00080300000071EB000877
S31508026040585902088460020863CF000861CF000825
S3150802605002047800030000006C60020806000000D3
S31508026060000000000000000002000100FFFF4201DC
S31508026070010060010200CC0003008C0004006400E9
S315080260800500480002043C0003000000A060020864
S3150802609007000000000000000000000002000101E5
S315080260A0FFFF320101004D010200C4000300870010
S315080260B0040064000500490006003B0000000000D9
S315080260C0D7000F00F40100009871020800010100D0
S315080260D000000000000000000400000049EC00086F
S315080260E058590208F060020863CF000861CF000819
S315080260F000013C00030000000C61020807000000D2
S31508026100000000000000000002000101FFFF32014A
S3150802611001004D010200C400030087000400640068
S315080261200500490006003B0000000000D7000F00EA
S31508026130F401000098710208000101000000000045
S315080261400000000019000000C9EE000858590208AC
S315080261507861020863CF000861CF0008FFFF3201A9
S31508026160010068010200D1000300950004006400E2
S315080261700500450006003A0002043C000300000040
S315080261805C61020807000000000000000000000031
S315080261900200010100010100A061020804000000DA
S315080261A0FB000000FFFF010000000000D7000F00FF
S315080261B0F4010000987102081000000049F1000875
S315080261C058590208D061020863CF000861CF000857
S315080261D00001780003000000EC61020806000000D6
S315080261E0000000000000000002000100FFFF42015B
S315080261F0010060010200CC0003008C000400640068
S315080262000500480000000000D7000F00F401000056
S315080262109871020800010100000000000000000059
S315080262200A000000C5F30008585902085462020819
S3150802623063CF000861CF0008FFFF32010100680141
S315080262400200D10003009500040064000500450021
S3150802625006003A0002043C00030000003862020805
S315080262600700000000000000000000000200010113
S31508026270000101007C62020804000000FB00000025
S31508026280FFFF010000000000D7000F00F401000024
S315080262909871020800000000000000000D41010884
S315080262A049F6000821F6000835F6000852030000F0
S315080262B0BC62020803000000F40100003406000074
S315080262C0F0620208E4620208E0620208EC6202086E
S315080262D0E86202086400E8030000020032000000D7
S315080262E003C8000C02C8000C01C8000C00C8000C48
S315080262F000C0006C0257686F6C6573616C6520415B
S3150802630075746F6D6174696373004C6F636B757036
S3150802631020436F6E74726F6C204D6F64756C6500E6
S3150802632063616E6E6F74206372656174652073743F
S31508026330643A3A766563746F72206C617267657245
S31508026340207468616E206D61785F73697A652829A1
S3150802635000000000F5620208140000000A63020841
S31508026360150000000200000033D4081A3CEDEE982E
S31508026370AA4A1D85996784C40004004800100100D2
S3150802638000000100000400480004000000000100AB
S31508026390000400480100010000000100001000404E
S315080263A036030000000000000000000000000000A4
S315080263B000000000E1F900088DF90008000000005D
S315080263C00000000083F9000887F9000800000000B1
S315080263D000000000C1F9000897F90008D743010830
S315080263E0D46302080030006C00F0007C0000000054
S315080263F00000000041FB000845FB00080000000001
S31508026400000000004BFB00086BFB0008D74301089D
S315080264100464020802F0006C2064020819000000F5
S315080264205C6E0208EC5802083C5B0208B85B02087C
S315080264302C5C0208A85C0208205D0208A45D02081A
S31508026440245E0208385F02089C5F02082060020880
S3150802645038600208D860020844610208985E020899
S31508026460B05E0208B8610208206202080C5E0208E1
S31508026470F05902088059020868590208D05A0208D7
S31508026480645A02080000000000000000B501010875
S315080264904394000819040108334301084E6F742017
S315080264A076616C69644E6F7420736574000000002F
S315080264B000000000930A0108439400080000000047
S315080264C000000000410F0108000000000000000063
S315080264D0D1100108D71001080000000000000000D2
S315080264E005110108C19C0008000000000000000018
S315080264F00F110108C19C00080000000000000000FE
S31508026500E3100108DD10010801110108000000006E
S3150802651000000000A3130108C19C00080000000047
S31508026520000000008913010803AE000800000000FD
S3150802653000000000A9130108C19C00080000000021
S3150802654000000000D1120108C19C000800000000EA
S31508026550000000000D410108D7120108A91201081E
S31508026560BD12010800000000000000002514010801
S31508026570391401080000000000000000771601081F
S31508026580C31501087116010800000000000000008A
S31508026590B1150108B7150108BF150108000000006A
S315080265A0000000007D1601086B16010800000000B5
S315080265B000000000E715010817160108A9150108C9
S315080265C0B465020807F8003C06F8203C05F81F0CDB
S315080265D000000000000000006D17010823180108DA
S315080265E000000000000000003918010869170108B8
S315080265F000000000000000001D18010869170108C4
S31508026600000000000000000059190108E9170108F6
S3150802661071170108D11701080000000000000000E8
S31508026620314101084D410108192501086D25010866
S3150802663000040048000102090000010000040048A5
S315080266400002020900000100000000000064004088
S3150802665014021302060C000001000000306602084C
S315080266600200000000000000000000000D410108C1
S31508026670413D0108493D0108653D01080000000049
S3150802668000000000CF3F0108E13F0108BD3F0108B5
S31508026690174001083540010895400108B340010832
S315080266A00000000000000000F33F01080540010851
S315080266B0AD3F01085340010875400108D140010861
S315080266C0EF40010800000000000000000D4101082B
S315080266D00D4101080F41010811410108000000009F
S315080266E000000000314101084D4101080942010834
S315080266F0254201080000000000000000314101089F
S315080267004D4101083942010855420108889100089D
S31508026710070000000000000000000000C94201084E
S31508026720D5420108DB420108E1420108E7420108B5
S31508026730ED420108F34201080000000000000000D3
S3150802674029430108F94201080143010809430108DE
S3150802675011430108194301082143010800000000FA
S315080267600000000039430108C19C00080B08000C10
S315080267700A08000C0908000C0808000C00000000B2
S3150802678000000000F7430108C3150108F343010896
S3150802679002081B0C01081B0C000000000000000088
S315080267A093440108634401086B44010873440108D1
S315080267B07B440108834401088B4401081904010833
S315080267C03143010800000000000000009946010854
S315080267D003AE00080009000C0000000000000000DB
S315080267E00D410108934C0108394C01087D4C0108FA
S315080267F00000000000000000F54C0108274D0108C2
S315080268000000000000000000C34C0108C74C010844
S3150802681000000000000000000F4D01080D410108AC
S31508026820CD4C0108E14C010882F0000C81F00068A9
S3150802683080F0003C0000000000000000554F0108EF
S31508026840854F01084D4F01083C680208E2E8040C2E
S31508026850E0E8000C11E8003C10E8003C07E8800C70
S3150802686006E8800C04E8800C03E8040C01E8000C36
S3150802687000E0003C0000000000000000CF500108C4
S31508026880D350010800000000000000000D41010875
S315080268906D4501080000000000000000000000002D
S315080268A0000000006351010895510108000000002C
S315080268B000000000314101084D410108C951010893
S315080268C0E55101080000000000000000BD51010862
S315080268D0B5510108C551010800000000000000007A
S315080268E063520108B95101088752010800000000E5
S315080268F0000000006F520108B55101088F520108C5
S3150802690000000000000000007B520108B151010896
S315080269109752010800000000000000001953010800
S315080269202D530108F95101084D52010800000000D3
S31508026930000000002955010855550108000000000D
S31508026940000000000D410108B15701082D55010844
S3150802695041550108000000000000000035580108F2
S3150802696003AE000800000000000000000D41010807
S31508026970E75701080D5801082158010804F0007C60
S3150802698000000000000000000D410108275B010815
S31508026990B15A0108C55A01080000000000000000AB
S315080269A00D410108015B0108D95A0108ED5A01088F
S315080269B0EE020000BC62020802000000F4010000B8
S315080269C0803E0000F0690208020000006400000030
S315080269D010270000F269020802000000F401000014
S315080269E0F82A0000F46902080100000020030000EA
S315080269F06305600562050000000000000000000053
S31508026A00695C01083994000803F0006C0000000074
S31508026A10000000000D410108F35D0108B95C010898
S31508026A20CD5C010800000000000000000D410108CD
S31508026A30155F0108ED5E0108015F0108000000000C
S31508026A40000000000D4101085D5F0108A55F01080D
S31508026A50B95F010800000000000000000D410108AE
S31508026A60AF61010800000000000000006D45010842
S31508026A706D45010800000000000000000D410108F4
S31508026A808362010800000000000000006D4501084D
S31508026A906562010800000000000000009163010819
S31508026AA09563010800000000000000000D4101087E
S31508026AB00D410108B96301080D64010831C0006C73
S31508026AC030C0006C000000000000000045650108A7
S31508026AD065650108D7430108CC6A02080000000070
S31508026AE000000000F1660108F566010800000000D2
S31508026AF000000000136701081F6701080000000074
S31508026B0000000000FB660108076701080000000094
S31508026B100000000019670108256701080000000047
S31508026B2000000000116801080D6701080000000056
S31508026B3000000000016701083994000800000000FF
S31508026B4000000000E9660108ED6601080000000081
S31508026B5000000000E1660108E56601080000000081
S31508026B6000000000D3720108F9720108F5700108E5
S31508026B70000000000000000079760108F17501089E
S31508026B80F17001080000000000000000937301087C
S31508026B907F730108ED700108000000000000000084
S31508026BA04D760108C1750108E97001080000000068
S31508026BB0000000002176010891750108E5700108B8
S31508026BC00000000000000000C1720108E572010819
S31508026BD0E170010800000000000000006D73010862
S31508026BE059730108DD70010800000000000000006A
S31508026BF04773010833730108D970010800000000C1
S31508026C0000000000217301080D730108D570010800
S31508026C100000000000000000AF72010809660108C2
S31508026C20D170010800000000000000008B72010804
S31508026C30B1510108CD7001080000000000000000F3
S31508026C4079720108C5700108C970010800000000C0
S31508026C500000000067720108BD700108C1700108D2
S31508026C6000000000000000009D7201080966010884
S31508026C70B9700108000000000000000095710108C3
S31508026C805B710108B17001080000000000000000F5
S31508026C90FF710108C5710108A9700108000000000A
S31508026CA000000000F970010829710108A1700108A5
S31508026CB0A46C0208906C02087C6C0208A008013CCD
S31508026CC09008013C8C08010C8B08010C8A08010CFF
S31508026CD08908010C8808010C8708013C8608013CD2
S31508026CE08508013C8408013C8308013C8208013C72
S31508026CF08108013C00000000000000002577010819
S31508026D0003AE000800000000000000001F7701081B
S31508026D10439400080000000000000000E97601081C
S31508026D20439400080000000000000000E176010814
S31508026D3003AE00080000000000000000B776010854
S31508026D40DB76010800000000000000002F7701082A
S31508026D5039940008000000000000000029770108A5
S31508026D6003AE00080000000000000000E3770108F7
S31508026D70399400080000000000000000D7760108D8
S31508026D80357701080000000000000000CB760108F4
S31508026D9009660108D3760108000000000000000019
S31508026DA0BB76010809660108C776010800000000DB
S31508026DB000000000DB770108439400080000000089
S31508026DC00000000059780108F17A0108E9770108FC
S31508026DD03D78010800000000000000007B770108EA
S31508026DE051770108D7430108DC6D02080564000CD7
S31508026DF00464000C0264000C01A8000C00A0007CCC
S31508026E000180006C0028000C0420006C0220007C23
S31508026E100120007C1338000C1238000C0338000CD1
S31508026E200238000C0138100C0038100C03F8006CFC
S31508026E3002F8006C01F8003C00F8003CAC5102086C
S31508026E4064000000DC4C0208F4010000DC4C020875
S31508026E5070030000DC4C020800000000000000007D
S31508026E6061CF0008786E0208806E020863CF0008B8
S31508026E7061CF0008000000000000000000000000CA
S31508026E8000010000000000000000000000000000F1
S31508026E9000000000000000000000000000000000E2
S31508026EA0000000000D4101088D7F0108657F010879
S31508026EB0797F01081048000C00000000000000005D
S31508026EC09D810108A1810108000000000000000060
S31508026ED08582010803AE00080000000000000000D9
S31508026EE08D82010803AE00080000000000000000C1
S31508026EF00D4101082D910108C98101080D82010879
S31508026F0002000000005A62C8878B01AC4F44A4B243
S31508026F10CFF9C589140C2401000000000000000006
S31508026F2002000000015A62C8878B01AC4F44A4B222
S31508026F30CFF9C589141224010000000000000000E0
S31508026F4004FF030100010000118501086400000026
S31508026F50DD91010865000000C19401086600000081
S31508026F60F192010867000000119301086800000009
S31508026F703995010869000000319301086A0000008A
S31508026F807D9201086B000000519301086D00000014
S31508026F90719301086E000000C18D01086F000000A0
S31508026FA0A593010870000000C5930108710000004E
S31508026FB00594010872000000259401087300000078
S31508026FC03F9A010874000000459401087500000004
S31508026FD031990108760000008D97010877000000B4
S31508026FE000000000000000006D9A0108439A01089B
S31508026FF0D7430108E86F020880C8003C71C8000C34
S3150802700070C8000C80C0007C000000000000000070
S315080270100D9B0108839B0108000000000000000088
S31508027020099B01089D9B0108000000000000000062
S31508027030179B0108519B0108000000000000000090
S315080270401B9B0108219B0108139B010800000000F5
S31508027050000000000D41010837A10108299B01081B
S315080270603D9B01082B64000C2A64156C2964006C8C
S315080270702864006C2764006C2664006C2564006C26
S315080270802464006C2364006C2264006C2164006C26
S315080270902064006C5D60006C5C60006C5260006C81
S315080270A05060006C000000000000000069A10108A1
S315080270B077A1010873A10108000000000000000082
S315080270C053A101085BA1010865A10108000000009F
S315080270D00000000077A40108439400086A60406C27
S315080270E06960086C6860086C000000000000000017
S315080270F081A4010885A40108000000000000000020
S315080271000D410108ADA9010889A401089DA4010839
S315080271100000000000000000DDA40108B3A4010875
S31508027120D7430108187102086DA70108010000007B
S31508027130FDA701080200000079A801080300000063
S3150802714011A901080400000051A90108090000005C
S31508027150F1A60108000000001168000C0868000C7E
S315080271606C60006C6460006C6360006C6260006C4A
S315080271700000000000000000F1AB0108B951010847
S31508027180F9AB01080000000000000000E5AB0108A9
S3150802719083AC0108EDAB010800002003FA000807DA
S315080271A0C8000703F500D6069001AE02E1000E06F6
S315080271B058021C02B400E204BC02A7018C00B60302
S315080271C0200318015F008A025203B2004100A4019B
S315080271D084035B002300DC00A2032D0012006E006C
S315080271E0C0030D0005002300D403030001000A00B2
S315080271F0E303000000000100E803000000000000AD
S31508027200F2030100000003001A040C0005001E0028
S315080272104C042D0012006E00B00472002D001801F5
S31508027220DC05DC005F000802D0076C01A00034030D
S31508027230C409A701C300D403B80BC901DC0038048A
S315080272401164156C1064150C9C7202081E0000006D
S315080272501E0000001E0000000000000005000000DD
S3150802726006000000A05D02081200000012000000DD
S3150802727012000000000000000500000006000000E1
S315080272809C7202081800000018000000180000008E
S315080272900000000005000000060000001138000C7E
S315080272A000000000000000006D4501086D45010858
S315080272B06D4501086D450108000000000000000048
S315080272C03BAD01083BAD01083FAD010843AD0108DE
S315080272D0000000000000000061AD010865AD01086C
S315080272E069AD01086DAD010871AD01080000000025
S315080272F000000000E5AD01088DAD010859AE010890
S3150802730053AE010800000000000000006D450108A8
S315080273106D4501086D4501086D4501086D45010871
S31508027320000000000000000061AD010865AD01081B
S3150802733069AD010869B7010871AD010804F8003C96
S3150802734000000000000000000D410108AF610108BD
S31508027350D5B70108E9B70108C9B70108CDB70108C9
S3150802736000000000000000000D410108AF6101089D
S31508027370FDB7010811B80108C9B70108CDB7010858
S31508027380D0570208D6730208D4730208C80032001E
S31508027390030000000000000004000000A8730208B1
S315080273A004020000000000000C000000E1100000CA
S315080273B000000000C473020802000000000000007A
S315080273C0000000000000000000000000E8030000C2
S315080273D0640000003CC13DC400000000000000003B
S315080273E00D410108AF61010871B8010885B80108A5
S315080273F0C9B70108CDB70108547402085A740208BD
S3150802740058740208C800320000000000000000009C
S3150802741000000000207402087D0000000000000041
S3150802742010000000E1100000000000003C74020891
S315080274300300000000000000000000000000000039
S3150802744000000000E80300006400000000100000CD
S31508027450640000000828000C29C118C400000000B6
S31508027460000000000D410108AF61010801B90108D9
S3150802747015B90108E5B80108F1B8010800000000CD
S31508027480000000000D410108AF61010829B9010891
S315080274903DB90108E5B80108F1B80108D45802084F
S315080274A05A74020858740208C80032000000000024
S315080274B00000000005000000D474020865010000FF
S315080274C000000000000000000000000001000000AB
S315080274D00100000001000000D204000000000000C4
S315080274E00000000000000000C47402080200000048
S315080274F000000000000000000D410108AF6101080C
S31508027500A5B90108B9B90108E5B80108F1B8010831
S31508027510647502086A75020868750208C8003200AE
S3150802752000000000000000000F0000003875020885
S31508027530650100000000000001000000D2040000FE
S315080275400000000054750208020000000000000056
S31508027550000000000000000000000000010000001A
S31508027560010000001B78000C04C105C400000000DD
S31508027570000000000D410108AF6101082DBA01089B
S3150802758041BA010821BA010825BA0108000000001B
S31508027590000000000D410108AF61010855BA010853
S315080275A069BA010821BA010825BA01080076020853
S315080275B00676020804760208C800320003000000B4
S315080275C00000000008000000D475020867010000E8
S315080275D00000000010000000E1100000000000009A
S315080275E0F07502080200000000000000000000001A
S315080275F00000000000C0FFFF00000100004000007C
S315080276001278000C00C101C400000000000000004E
S315080276100D410108AF610108C9BA0108DDBA0108BE
S3150802762021BA010825BA01087C7602088276020880
S3150802763080760208C800320003000000000000003D
S31508027640180000005076020804020000000000003C
S3150802765010000000E1100000000000006C7602082D
S315080276600200000000000000000000000000000008
S315080276700000000000200000004000000078000C16
S3150802768000C101C400000000000000000D4101080D
S31508027690AF6101083DBB010851BB010821BA0108C7
S315080276A025BA010810770208147702081677020825
S315080276B0C8003200000000000000000008000000B8
S315080276C0CC760208710100000000000003000000E9
S315080276D0E1100000000000000000000000000000A9
S315080276E0E87602080500000000000000FB00000022
S315080276F001000000FFFFFFFF02000000000000007B
S315080277000300000006000000040000000600000056
S315080277100098000C9FC49EC10000000000000000F3
S315080277200D410108AF610108B1BB0108C5BB0108DB
S3150802773021BA010825BA01089C7202088E77020846
S315080277408C770208C800320003000000000000001F
S315080277500C000000607702083C02000000000000EE
S315080277600C000000E1100000000000007C7702080F
S3150802777002000000000000000000000000000000F7
S3150802778000000000002000000040000001C102C401
S3150802779000000000000000000D410108AF61010869
S315080277A025BC010839BC010821BA010825BA010815
S315080277B0A05D02088E7702088C770208C80032009C
S315080277C0030000000000000010000000F077020825
S315080277D04A0100000000000000000000000000004E
S315080277E00040000000400000FFFF000000400000CB
S315080277F010000000E110000000000000D87702081F
S315080278000300000000000000000000000000000065
S31508027810000000000D410108AF61010899BC01088A
S31508027820ADBC0108E5B80108F1B80108D05802084C
S315080278308278020880780208FF00FF000300000031
S315080278400000000014000000547802087F010000BE
S315080278500000000001000000D20400000000000041
S315080278600000000000000000707802080200000014
S3150802787000000000000000000100000001000000F6
S3150802788002C103C400000000000000000D41010807
S315080278908362010871BD010885BD01082DBD010875
S315080278A015BD010800000000000000001FBE010807
S315080278B0D5BE010811BE0108000000000000000044
S315080278C015BE010829BE01080DBE01080000000008
S315080278D0000000000D41010877BE0108E5BD010858
S315080278E0F9BD010843C0106C42C0106C00000000CC
S315080278F00000000071BF01089DBF010800000000DA
S31508027900000000000D4101080D41010875BF01087C
S3150802791089BF010822C0006C21C0006C20C0006C1F
S3150802792000000000000000000D410108AF610108D7
S3150802793055C0010869C00108C9B70108CDB70108D1
S31508027940D0570208D6730208D4730208C8000A0080
S315080279500300000000000000000000007879020819
S3150802796012020000000000000000000000000000F3
S31508027970FA0000006400000008000000D2040000BB
S3150802798000000000687902080200000000000000FA
S315080279900000000000000000000000000D41010880
S315080279A0AF610108C9C00108DDC0010821BA010892
S315080279B025BA01087C7602088276020880760208D1
S315080279C0C8000A00030000000000000008000000CA
S315080279D0F07702080803000000000000000000001B
S315080279E0000000000D410108AF6101083DC1010810
S315080279F051C1010821BA010825BA010864590208C9
S31508027A008E7702088C770208C8000A000300000075
S31508027A100000000014000000247A02081802000080
S31508027A200000000004000000D2040000000000006C
S31508027A30507A020802000000407A0208020000009A
S31508027A400B000000FFFFFFFF0D0000000000000012
S31508027A5000000000000000000F0000000F000000F8
S31508027A6000000000000000000D410108AF61010896
S31508027A70B1C10108C5C1010821BA010825BA010820
S31508027A809C7202088E7702088C770208C8000A00E0
S31508027A90030000000000000018000000A87A02088F
S31508027AA0170300000000000010000000E1100000AB
S31508027AB000000000C47A020802000000000000006C
S31508027AC00000000000000000000000000040000066
S31508027AD00040000000000000000000000D410108FF
S31508027AE0AF61010825C2010839C2010821BA010895
S31508027AF025BA0108A05D02088E7702088C7702086B
S31508027B00C8000A0003000000000000002000000070
S31508027B101C7B020818040000000000001000000088
S31508027B20E110000000000000387B02080200000095
S31508027B300000000000000000000000000000000035
S31508027B4000400000004000000000000000000000A5
S31508027B500D410108AF61010899C20108ADC20108C9
S31508027B60C9B70108CDB70108D0570208D67302086B
S31508027B70D4730208C8006400030000000000000075
S31508027B8008000000787902081202000000000000CE
S31508027B9000000000000000000D410108AF61010865
S31508027BA00DC3010821C30108C9B70108CDB70108E9
S31508027BB0547402085A74020858740208C800640009
S31508027BC0020000000000000014000000F07B02081A
S31508027BD0080200000000000000000000000000008B
S31508027BE0E8030000640000000010000064000000C2
S31508027BF00C000000E110000000000000D87B02081B
S31508027C000300000000000000000000000000000061
S31508027C10000000000D410108AF61010881C3010897
S31508027C2095C30108E5B80108F1B80108D458020855
S31508027C305A74020858740208C8006400000000005A
S31508027C40000000003B000000D4740208A0040000F3
S31508027C500000000000000000000000000D410108BD
S31508027C60AF610108FDC3010811C4010821BA010860
S31508027C7025BA010800760208067602080476020882
S31508027C80C8006400030000000000000014000000A1
S31508027C909C7C020812020000000000000C00000092
S31508027CA0E110000000000000B87C02080200000093
S31508027CB000000000000000000000000000FEFFFFB8
S31508027CC0FF0F000000020000000000000000000094
S31508027CD00D410108AF61010871C4010885C4010894
S31508027CE021BA010825BA01087C76020882760208BA
S31508027CF080760208C8006400030000000000000045
S31508027D0008000000F07702080803000000000000DF
S31508027D1000000000000000000D410108AF610108E3
S31508027D20E5C40108F9C4010821BA010825BA0108FF
S31508027D309C7202088E7702088C770208C8006400D3
S31508027D40030000000000000030000000F07702087F
S31508027D5038030000000000000000000000000000D8
S31508027D600D410108AF61010859C501086DC5010831
S31508027D7021BA010825BA0108A05D02088E77020811
S31508027D808C770208C80064000300000000000000A7
S31508027D9000000000A07D0208140200000000000096
S31508027DA010000000E110000000000000BC7D02087F
S31508027DB002000000000000000000000000000000B1
S31508027DC00000000000000100293C0000000000003D
S31508027DD0000000000D410108AF610108CDC5010888
S31508027DE0E1C50108E5B80108F1B80108D05802084A
S31508027DF08278020880780208FF00FF00030000006C
S31508027E00000000000A000000D474020858030000AB
S31508027E10000000000100020003000400050006003D
S31508027E200000000000000000FFFF0000FB00000049
S31508027E3000000000000000000D41010883620108ED
S31508027E4061C6010875C6010889C6010849C601083E
S31508027E5000000000000000000D410108AF610108A2
S31508027E6045C7010859C70108C9B70108CDB70108AE
S31508027E70D0570208D6730208D4730208C800100045
S31508027E80030000000000000030000000A87E02087F
S31508027E909101000000000000000000000000000040
S31508027EA0FF0000006400000008000000D204000081
S31508027EB000000000987E0208020000000000000090
S31508027EC00000000000000000000000000D4101084B
S31508027ED0AF610108B9C70108CDC70108C9B70108CA
S31508027EE0CDB70108547402085A7402085874020875
S31508027EF0C8000A0002000000000000002800000076
S31508027F00A87E0208F9020000000000000000000036
S31508027F10000000000D410108AF6101082DC80108E3
S31508027F2041C80108E5B80108F1B80108D4580208A1
S31508027F305A74020858740208C8000A0002000000AF
S31508027F400000000028000000D4740208C9000000DE
S31508027F500000000000000000000000000D410108BA
S31508027F60AF610108A9C80108BDC8010821BA0108FC
S31508027F7025BA01080076020806760208047602087F
S31508027F80C8003200030000000000000000000000E4
S31508027F909C7F02089101000000000000100000000A
S31508027FA0E110000001000000B87F0208020000008C
S31508027FB000000000000000000000000003FDFFFFB3
S31508027FC0000001003C7100000000000000000000F3
S31508027FD00D410108AF6101081DC9010831C901082F
S31508027FE021BA010825BA01087C76020882760208B7
S31508027FF080760208C8000C0003000000000000009A
S315080280000800000020800208C900000000000000E5
S31508028010000000000000000000000100004000000F
S3150802802010000000E11000000000000010800208A5
S31508028030020000000000000000000000000000002E
S31508028040000000000D410108AF61010891C901084D
S31508028050A5C90108E5B80108F1B80108D05802080F
S315080280608278020880780208FF00FF0003000000F9
S315080280700000000023000000D4740208D1020000A8
S3150802808000000000010002000300040005000600CB
S315080280900000000000000000000000000000FFFFD2
S315080280A0FB00000000000000000000000D4101086E
S315080280B08362010821CA010835CA010849CA0108AA
S315080280C00DCA010800000000000000000D41010869
S315080280D0AF610108E9CA0108FDCA010821BA010807
S315080280E025BA0108A05D02088E7702088C77020875
S315080280F0C80020000300000000000000080000007D
S315080281000C810208100400000000000010000000A4
S31508028110E1100000000000002881020802000000A9
S31508028120000000000000000000000000000000003F
S3150802813000000100C8350000000000000000000031
S315080281400D410108AF6101085DCB010871CB010839
S31508028150C9B70108CDB70108D0570208D673020875
S31508028160D4730208C80032000300000000000000B1
S3150802817008000000A87E02083D0200000000000078
S3150802818000000000000000000D410108AF6101086F
S31508028190D1CB0108E5CB0108E5B80108F1B8010819
S315080281A0D45802085A74020858740208C8003200E1
S315080281B000000000000000000B000000D474020852
S315080281C0DE020000000000000000000000000000BF
S315080281D00D410108AF6101084DCC010861CC0108C7
S315080281E021BA010825BA01087C76020882760208B5
S315080281F080760208C8003200030000000000000072
S3150802820018000000108202083D020000000000006B
S3150802821010000000D2040000000000002C820208B0
S31508028220020000000000000000000000000000003C
S31508028230000000000040000000C800000000000026
S31508028240000000000D410108AF610108C1CC010818
S31508028250D5CC010821BA010825BA0108A05D020891
S315080282608E7702088C770208C800320003000000E5
S3150802827000000000300000009C8202085302000041
S31508028280000000000000000000000000004000009E
S3150802829000400000FFFF0000004000001000000040
S315080282A0D2040000000000008482020803000000D5
S315080282B000000000000000000000000000000000AE
S315080282C00D410108AF61010835CD010849CD010804
S315080282D021BA010825BA0108A05D02088E770208AC
S315080282E08C770208C8003200030000000000000074
S315080282F0200000009C8202085302000000000000D1
S3150802830000000000000000000D4101088362010818
S3150802831015CE010829CE0108A9CD010803CE010808
S3150802832000000000000000000D410108AF610108CD
S3150802833085CE010899CE0108C9B70108CDB701084B
S31508028340D0570208D6730208D4730208C80032004E
S31508028350030000000000000030000000A87E0208AA
S315080283603E020000000000000000000000000000BD
S315080283700D410108AF610108F9CE01080DCF0108C8
S31508028380E5B80108F1B80108D45802085A74020877
S3150802839058740208C80032000000000000000000FD
S315080283A00B000000D4740208DE0200000000000080
S315080283B000000000000000000D410108AF6101083D
S315080283C075CF010889CF010821BA010825BA010823
S315080283D07C7602088276020880760208C800320095
S315080283E0030000000000000018000000F8830208DD
S315080283F03D0200000000000010000000D204000048
S3150802840000000000148402080200000000000000B8
S31508028410000000000000000000000000004000000C
S3150802842000C8000000000000000000000D4101081D
S31508028430AF610108E9CF0108FDCF0108E5B80108D7
S31508028440F1B80108D8580208147702081677020804
S31508028450C800320000000000000000000A00000008
S31508028460D4740208DE0200000000000000000000CA
S31508028470000000000D410108AF61010865D001083E
S3150802848079D0010821BA010825BA0108A05D0208B7
S315080284908E7702088C770208C800320003000000B3
S315080284A00000000020000000B48402085302000005
S315080284B00000000010000000D204000000000000C6
S315080284C0D884020802000000D084020801000000D5
S315080284D03201000000000000000000000000000059
S315080284E000400000004000000000000000000000FC
S315080284F00D4101088362010829D101083DD101080D
S31508028500D9D0010821D101080000000000000000AE
S315080285100D410108AF6101088DD10108A1D10108F9
S31508028520C9B70108CDB70108D0570208D6730208A1
S31508028530D4730208C80032000300000000000000DD
S315080285403000000060850208C10200000000000039
S315080285500000000000000000C800000064000000DF
S3150802856008000000D204000000000000508502083E
S3150802857002000000000000000000000000000000E9
S31508028580000000000D410108AF61010801D201088F
S3150802859015D20108C9B70108CDB7010854740208F3
S315080285A05A74020858740208C8000A000200000039
S315080285B00000000024000000F07B020824020000EC
S315080285C00000000000000000000000000D41010844
S315080285D0AF61010875D2010889D20108E5B8010818
S315080285E0F1B80108D45802085A74020858740208E5
S315080285F0C800C800020000000000000005000000D4
S31508028600D4740208240200000000000000000000E2
S31508028610000000000D410108AF610108F1D201080E
S3150802862005D3010821BA010825BA0108007602080D
S315080286300676020804760208C80032000300000023
S31508028640000000000800000064860208C10200005B
S31508028650000000000080FFFF00FCFFFFFF7F000014
S315080286600004000010000000E110000001000000F4
S315080286705486020802000000000000000000000004
S3150802868000000000000000000D410108AF6101086A
S3150802869065D3010879D3010821BA010825BA010868
S315080286A0007602080676020804760208C800320036
S315080286B0030000000000000018000000648602089B
S315080286C0C1020000000000000000000000000000D7
S315080286D00D410108AF610108D9D30108EDD301089C
S315080286E021BA010825BA01087C76020882760208B0
S315080286F080760208C800320003000000000000006D
S315080287000000000020870208C402000000000000E2
S315080287100000000000000000008000000064000065
S3150802872010000000E1100000000000001087020897
S315080287300200000000000000000000000000000027
S31508028740000000000D410108AF6101084DD401087F
S3150802875061D4010821BA010825BA01089C720208E7
S315080287608E7702088C770208C80010000300000002
S31508028770000000000000000094870208D0020000F2
S315080287800000000000000000000000000080000059
S315080287900032000010000000E11000000000000096
S315080287A084870208020000000000000000000000A2
S315080287B000000000000000000D410108AF61010839
S315080287C0C1D40108D5D40108E5B80108F1B80108F1
S315080287D0D05802088278020880780208C800C800C1
S315080287E0030000000000000000000000D474020824
S315080287F09E030000000000000000000000000000C8
S315080288000D410108836201083DD5010851D50108C9
S3150802881081D5010865D501080000000000000000A6
S315080288200D4101088362010851D6010865D601087F
S3150802883039D6010847D601080000000000000000EA
S315080288403141010899D70108ADD60108D1D60108E8
S31508028850D0880208D6880208D4880208C8003200DE
S31508028860030000000000000010000000A0880208B3
S31508028870B200000000000000CC880208DA8802086C
S31508028880D8880208C8003200030000000000000071
S3150802889000000000A0880208B200000000000000E4
S315080288A010000000E110000001000000BC88020868
S315080288B00200000000000000000000000080FFFF28
S315080288C097F6FFFFFF7F0000690900000728000CE2
S315080288D00628000C21C115C421C115C400000000D8
S315080288E0000000000D410108AF610108B9D701086F
S315080288F0CDD70108C9B70108CDB70108D057020874
S31508028900D6730208D4730208C800100003000000D8
S31508028910000000003000000060850208C102000065
S315080289200000000000000000000000000D410108E0
S31508028930AF6101082DD8010841D80108C9B7010855
S31508028940CDB70108547402085A740208587402080A
S31508028950C8000A000200000000000000040000002F
S31508028960F07B02082602000000000000000000005A
S31508028970000000000D410108AF610108A1D80108F5
S31508028980B5D80108E5B80108F1B80108D4580208B3
S315080289905A74020858740208C8000A000200000045
S315080289A00000000025000000D47402082602000018
S315080289B00000000000000000000000000D41010850
S315080289C0AF6101081DD9010831D9010821BA010888
S315080289D025BA010800760208067602080476020815
S315080289E0C800320003000000000000000800000072
S315080289F064860208C10200000000000000000000B0
S31508028A00000000000D410108AF61010891D9010873
S31508028A10A5D9010821BA010825BA01087C760208F7
S31508028A208276020880760208C8000C00030000005D
S31508028A30000000000000000020870208C4010000B0
S31508028A400000000000000000000000000D410108BF
S31508028A50AF61010805DA010819DA010821BA010825
S31508028A6025BA01089C7202088E7702088C770208DA
S31508028A70C80010000300000000000000000000000B
S31508028A8094870208D00100000000000000000000E0
S31508028A90000000000D410108AF61010879DA0108FA
S31508028AA08DDA010821BA010825BA0108A05D020873
S31508028AB08E7702088C770208C800190003000000A6
S31508028AC00000000000000000D48A0208A402000088
S31508028AD00000000010000000E11000000000000085
S31508028AE0F08A0208020000000000000000000000F0
S31508028AF00000000000000000FFFF00001C47000005
S31508028B0000000000000000000D410108AF610108E5
S31508028B10EDDA010801DB0108E5B80108F1B8010838
S31508028B20D05802088278020880780208FF00FF00FF
S31508028B30030000000000000000000000D4740208D0
S31508028B409E03000000000000000000000000000074
S31508028B500D4101088362010869DB01087DDB010812
S31508028B60ADDB010891DB01080000000000000000EF
S31508028B700D41010883620108B1DC0108C5DC010860
S31508028B8071DC01089DDC01080000000000000000FD
S31508028B900D410108AF61010819DD01082DDD010843
S31508028BA0C9B70108CDB70108D0570208D67302081B
S31508028BB0D4730208C8001000030000000000000079
S31508028BC03000000060850208C102000000000000B3
S31508028BD000000000000000000D410108AF61010815
S31508028BE08DDD0108A1DD0108C9B70108CDB7010865
S31508028BF0547402085A74020858740208C8000A0013
S31508028C00020000000000000004000000F07B0208D9
S31508028C10260200000000000000000000000000001C
S31508028C200D410108AF61010801DE010815DE0108E0
S31508028C30E5B80108F1B80108D45802085A740208BE
S31508028C4058740208C8000A0000000000000000006C
S31508028C5025000000D4740208260200000000000065
S31508028C6000000000000000000D410108AF61010884
S31508028C707DDE010891DE010821BA010825BA01083C
S31508028C80007602080676020804760208C800320050
S31508028C9003000000000000000800000064860208C5
S31508028CA0C1020000000000000000000000000000F1
S31508028CB00D410108AF610108F1DE010805DF01086F
S31508028CC021BA010825BA01087C76020882760208CA
S31508028CD080760208C8000C000300000000000000AD
S31508028CE00000000020870208C401000000000000FE
S31508028CF000000000000000000D410108AF610108F4
S31508028D0065DF010879DF010821BA010825BA0108D9
S31508028D109C7202088E7702088C770208C800100037
S31508028D20030000000000000000000000948702080B
S31508028D30D001000000000000000000000000000052
S31508028D400D410108E7DF0108F9DF010839E00108EA
S31508028D5000000000000000000D41010883620108BE
S31508028D60DDE00108F1E0010821E1010805E1010859
S31508028D7000000000000000000D410108836201089E
S31508028D802DE2010841E20108D9E1010819E20108C8
S31508028D9000000000000000000D410108AF61010853
S31508028DA099E20108ADE2010821BA010825BA0108CB
S31508028DB0A05D02088E7702088C770208C800200098
S31508028DC0030000000000000028000000D88D0208F9
S31508028DD0B40000000000000010000000E1100000CE
S31508028DE000000000F48D02080200000000000000E6
S31508028DF0000000000000000000000000FFFF000065
S31508028E00C711000000000000000000000D41010823
S31508028E10AF6101080DE3010821E30108C9B701089A
S31508028E20CDB70108D0570208D6730208D4730208D0
S31508028E30C80010000300000000000000180000002F
S31508028E404C8E0208400000000000000010000000DE
S31508028E50E110000000000000688E0208020000000F
S31508028E6000000000000000000000000000000000F2
S31508028E701027000064000000000000000000000047
S31508028E800D410108AF61010881E3010895E3010874
S31508028E90C9B70108CDB70108547402085A74020802
S31508028EA058740208C8000A00020000000000000008
S31508028EB024000000F07B02082402000000000000E3
S31508028EC000000000000000000D410108AF61010822
S31508028ED0F5E3010809E40108E5B80108F1B8010853
S31508028EE0D45802085A74020858740208C800C800FE
S31508028EF0020000000000000005000000D474020809
S31508028F00240200000000000000000000000000002B
S31508028F100D410108AF61010871E4010885E4010801
S31508028F2021BA010825BA010800760208067602085F
S31508028F3004760208C80032000300000000000000A0
S31508028F4000000000508F02084401000000000000E3
S31508028F5010000000E1100000010000006C8F0208FA
S31508028F600200000000000000000000000080FFFF71
S31508028F70CDFCFFFFFF7F0000330300000000000066
S31508028F80000000000D410108AF610108E5E401088F
S31508028F90F9E4010821BA010825BA01087C76020813
S31508028FA08276020880760208C8000C0003000000D8
S31508028FB000000000100000009487020881040000E7
S31508028FC00000000000000000000000000D4101083A
S31508028FD0AF61010859E501086DE5010821BA0108E2
S31508028FE025BA01089C7202088E7702088C77020855
S31508028FF0C800100003000000000000000000000086
S3150802900094870208D001000000000000000000005A
S31508029010000000000D410108AF610108CDE5010815
S31508029020E1E5010821BA010825BA0108A05D02088E
S315080290308E7702088C770208C80019000300000020
S31508029040000000000000000094870208500100009A
S315080290500000000000000000000000000D410108A9
S3150802906083620108D9E60108EDE6010861E601080E
S3150802907041E6010800000000000000000D41010859
S315080290808362010875E7010889E7010851E70108C3
S3150802909069E7010800000000000000000D41010810
S315080290A0AF610108D5E70108E9E70108C9B7010870
S315080290B0CDB70108D0570208D6730208D47302083E
S315080290C0C8001000030000000000000000000000B5
S315080290D0DC9002084A0000000000000010000000B0
S315080290E0E110000000000000F890020802000000EB
S315080290F00000000000000000000000000000000060
S3150802910000190000640000000000000000000000D2
S315080291100D410108AF61010849E801085DE8010847
S3150802912021BA010825BA01087C7602088276020865
S3150802913080760208C8000C00030000000000000048
S31508029140000000002087020840000000000000001E
S3150802915000000000000000000D410108D3E80108E4
S31508029160E5E8010811E90108000000000000000016
S315080291700D410108AF61010889E901089DE9010865
S3150802918021BA010825BA01089C7202088E770208DC
S315080291908C770208C80010000300000000000000D7
S315080291A00000000094870208D002000000000000B8
S315080291B000000000000000000D410108836201085A
S315080291C035EA010849EA0108FDE9010829EA010820
S315080291D000000000000000000D410108AF6101080F
S315080291E09DEA0108B1EA010821BA010825BA01086F
S315080291F0A05D02088E7702088C770208C80008006C
S315080292000300000000000000000000001892020897
S31508029210960400000000000008000000E1100000AB
S31508029220000000003492020802000000000000005C
S3150802923000000000000000000000000064000000BA
S3090802924062090000AF
S30D08029244A459FF7F0100000096
S3150802924C785002080000000019040108334301088B
S3150802925C19040108334301081904010833430108A8
S3150802926C1904010833430108190401083343010898
S3150802927C1904010833430108190401083343010888
S3150802928C1904010833430108190401083343010878
S3150802929C1904010833430108190401083343010868
S315080292AC1904010833430108190401083343010858
S315080292BC1904010833430108190401083343010848
S315080292CC1904010833430108190401083343010838
S315080292DC1904010833430108190401083343010828
S315080292EC1904010833430108190401083343010818
S315080292FC1904010833430108190401083343010808
S3150802930C19040108334301081904010833430108F7
S3150802931C19040108334301081904010833430108E7
S3150802932C19040108334301081904010833430108D7
S3150802933C19040108334301081904010833430108C7
S3150802934C19040108334301081904010833430108B7
S3150802935C19040108334301081904010833430108A7
S3150802936C1904010833430108190401083343010897
S3150802937C1904010833430108190401083343010887
S3150802938C1904010833430108190401083343010877
S3150802939C1904010833430108190401083343010867
S315080293AC1904010833430108190401083343010857
S315080293BC1904010833430108190401083343010847
S315080293CC1904010833430108190401083343010837
S315080293DC1904010833430108190401083343010827
S315080293EC1904010833430108190401083343010817
S315080293FC1904010833430108190401083343010807
S3150802940C19040108334301081904010833430108F6
S3150802941C19040108334301081904010833430108E6
S3150802942C19040108334301081904010833430108D6
S3150802943C19040108334301081904010833430108C6
S3150802944C19040108334301081904010833430108B6
S3150802945C19040108334301081904010833430108A6
S3150802946C1904010833430108190401083343010896
S3150802947C1904010833430108190401083343010886
S3150802948C1904010833430108190401083343010876
S3150802949C1904010833430108190401083343010866
S315080294AC1904010833430108190401083343010856
S315080294BC1904010833430108190401083343010846
S315080294CC1904010833430108190401083343010836
S315080294DC1904010833430108403E0020785002085B
S315080294EC010000000C6D0208000000000C6D020859
S315080294FC00000000FC6C0208000000000C6D02085B
S3150802950C000000003C3E0020CC12002000000000A7
S3150802951C0000000068000000D000000000000000F7
S3150802952C000000000000000000000000000000001F
S3150802953C000000000000000000000000000000000F
S3150802954C00000000000000000000000000000000FF
S30D0802955C0000000000000000F7
S7050800936DF2
